Dataset,Nearest Neighbor Distance_food_animal,Nearest Neighbor Distance_Bovine,Nearest Neighbor Distance_Poultry,Nearest Neighbor Distance_Swine,Trust (rounded),Prediction,biosample_acc,computed_types,HC5,HC10,HC20,geo_loc_name,Source Details,isolation_source,IFSAC_category,Collection Year,Prob (rounded),Dist (int),Neighbor Labels,animal_type,curated_source,curated_loc,curated_source_region
Sewage_HI,230,231,1575,230,1.0,2.0,SAMN03002106,"serotype=Abaetetuba,""antigen_formula=11:k:1,5""",19313.0,19313.0,19313.0,USA:HI,water,water,environmental-water,2012.0,"[0.245, 0.088, 0.667]","[230, 231, 232, 1575, 1578, 1584, 1631, 1635, 1644, 1665, 1667]","[2, 0, 2, 1, 2, 0, 2, 1, 0, 2, 2]",wild animal,env_water,USA:HI,sewage_hi
Sewage_HI,11,23,28,11,0.79,2.0,SAMN03339960,"serotype=Derby,""antigen_formula=4:f,g:-""",24107.0,24107.0,18.0,USA:HI,"sewage, sand island waste water",sewage sand island waste water,environmental-water,2010.0,"[0.051, 0.051, 0.897]","[11, 15, 19, 19, 19, 19, 19, 20, 20, 20, 21]","[2, 2, 2, 2, 2, 2, 2, 2, 2, 2, 2]",swine,env_water,USA:HI,sewage_hi
Sewage_HI,7,19,24,7,0.86,2.0,SAMN03339964,"serotype=Derby,""antigen_formula=4:f,g:-""",24107.0,24107.0,18.0,USA:HI,"sewage, sand island waste water",sewage sand island waste water,environmental-water,2011.0,"[0.052, 0.052, 0.897]","[7, 11, 15, 15, 15, 15, 15, 16, 16, 16, 17]","[2, 2, 2, 2, 2, 2, 2, 2, 2, 2, 2]",swine,env_water,USA:HI,sewage_hi
Sewage_HI,13,25,30,13,0.74,2.0,SAMN03339965,"serotype=Derby,""antigen_formula=4:f,g:-""",24109.0,24107.0,18.0,USA:HI,"sewage, sand island waste water",sewage sand island waste water,environmental-water,2010.0,"[0.051, 0.051, 0.897]","[13, 17, 21, 21, 21, 21, 21, 22, 22, 22, 23]","[2, 2, 2, 2, 2, 2, 2, 2, 2, 2, 2]",swine,env_water,USA:HI,sewage_hi
Sewage_HI,33,63,45,33,1.0,2.0,SAMN03339970,"serotype=Derby,""antigen_formula=4:f,g:-""",24110.0,3049.0,3049.0,USA:HI,"sewage, sand island waste water",sewage sand island waste water,environmental-water,2010.0,"[0.047, 0.047, 0.906]","[33, 35, 38, 40, 43, 45, 45, 45, 45, 45, 45]","[2, 2, 2, 2, 2, 2, 2, 1, 2, 2, 2]",swine,env_water,USA:HI,sewage_hi
Sewage_HI,29,70,42,29,1.0,2.0,SAMN03339974,"serotype=Derby,""antigen_formula=4:f,g:-""",3052.0,3052.0,3052.0,USA:HI,"sewage, sand island waste water",sewage sand island waste water,environmental-water,2011.0,"[0.034, 0.045, 0.921]","[29, 40, 42, 42, 42, 43, 44, 46, 49, 51, 51]","[2, 2, 1, 2, 2, 2, 2, 2, 2, 2, 2]",swine,env_water,USA:HI,sewage_hi
Sewage_HI,27,57,39,27,1.0,2.0,SAMN03339977,"serotype=Derby,""antigen_formula=4:f,g:-""",3049.0,3049.0,3049.0,USA:HI,"sewage, sand island waste water",sewage sand island waste water,environmental-water,2010.0,"[0.047, 0.047, 0.906]","[27, 29, 32, 34, 37, 39, 39, 39, 39, 39, 39]","[2, 2, 2, 2, 2, 2, 1, 2, 2, 2, 2]",swine,env_water,USA:HI,sewage_hi
Sewage_HI,31,72,44,31,1.0,2.0,SAMN03339982,"serotype=Derby,""antigen_formula=4:f,g:-""",3052.0,3052.0,3052.0,USA:HI,"sewage, sand island waste water",sewage sand island waste water,environmental-water,2011.0,"[0.034, 0.045, 0.921]","[31, 42, 44, 44, 44, 45, 46, 48, 51, 53, 53]","[2, 2, 1, 2, 2, 2, 2, 2, 2, 2, 2]",swine,env_water,USA:HI,sewage_hi
Sewage_HI,12,24,29,12,0.78,2.0,SAMN03339959,"serotype=Derby,""antigen_formula=4:f,g:-""",24119.0,24107.0,18.0,USA:HI,"sewage, sand island waste water",sewage sand island waste water,environmental-water,2010.0,"[0.051, 0.051, 0.897]","[12, 16, 20, 20, 20, 20, 20, 21, 21, 21, 22]","[2, 2, 2, 2, 2, 2, 2, 2, 2, 2, 2]",swine,env_water,USA:HI,sewage_hi
Sewage_HI,31,37,43,31,0.61,2.0,SAMN03339963,"serotype=Derby,""antigen_formula=4:f,g:-""",24121.0,24121.0,24121.0,USA:HI,"sewage, sand island waste water",sewage sand island waste water,environmental-water,2011.0,"[0.005, 0.005, 0.99]","[31, 32, 32, 32, 32, 33, 34, 34, 34, 34, 35]","[2, 2, 2, 2, 2, 2, 2, 2, 2, 2, 2]",swine,env_water,USA:HI,sewage_hi
Sewage_HI,32,62,44,32,1.0,2.0,SAMN03339968,"serotype=I -:f,g:-,""antigen_formula=-:f,g:-""",3049.0,3049.0,3049.0,USA:HI,"sewage, sand island waste water",sewage sand island waste water,environmental-water,2010.0,"[0.05, 0.05, 0.899]","[32, 35, 37, 39, 42, 44, 44, 44, 44, 44, 44]","[2, 2, 2, 2, 2, 2, 2, 1, 2, 2, 2]",swine,env_water,USA:HI,sewage_hi
Sewage_HI,28,58,40,28,1.0,2.0,SAMN03339972,"serotype=I -:f,g:-,""antigen_formula=-:f,g:-""",3049.0,3049.0,3049.0,USA:HI,"sewage, sand island waste water",sewage sand island waste water,environmental-water,2010.0,"[0.05, 0.05, 0.899]","[28, 31, 33, 35, 38, 40, 40, 40, 40, 40, 40]","[2, 2, 2, 2, 2, 2, 1, 2, 2, 2, 2]",swine,env_water,USA:HI,sewage_hi
Sewage_HI,29,59,42,29,1.0,2.0,SAMN03339979,"serotype=Derby,""antigen_formula=4:f,g:-""",3049.0,3049.0,3049.0,USA:HI,"sewage, sand island waste water",sewage sand island waste water,environmental-water,2010.0,"[0.057, 0.057, 0.885]","[29, 33, 35, 37, 40, 42, 42, 42, 42, 42, 42]","[2, 2, 2, 2, 2, 2, 1, 2, 2, 2, 2]",swine,env_water,USA:HI,sewage_hi
Sewage_HI,28,58,40,28,1.0,2.0,SAMN03339976,"serotype=I -:f,g:-,""antigen_formula=-:f,g:-""",3049.0,3049.0,3049.0,USA:HI,"sewage, sand island waste water",sewage sand island waste water,environmental-water,2011.0,"[0.05, 0.05, 0.899]","[28, 31, 33, 35, 38, 40, 40, 40, 40, 40, 40]","[2, 2, 2, 2, 2, 2, 1, 2, 2, 2, 2]",swine,env_water,USA:HI,sewage_hi
Sewage_HI,9,21,26,9,0.82,2.0,SAMN03339958,"serotype=Derby,""antigen_formula=4:f,g:-""",24107.0,24107.0,18.0,USA:HI,"sewage, sand island waste water",sewage sand island waste water,environmental-water,2010.0,"[0.051, 0.051, 0.897]","[9, 13, 17, 17, 17, 17, 17, 18, 18, 18, 19]","[2, 2, 2, 2, 2, 2, 2, 2, 2, 2, 2]",swine,env_water,USA:HI,sewage_hi
Sewage_HI,10,22,27,10,0.81,2.0,SAMN03339961,"serotype=Derby,""antigen_formula=4:f,g:-""",24107.0,24107.0,18.0,USA:HI,"sewage, sand island waste water",sewage sand island waste water,environmental-water,2010.0,"[0.051, 0.051, 0.897]","[10, 14, 18, 18, 18, 18, 18, 19, 19, 19, 20]","[2, 2, 2, 2, 2, 2, 2, 2, 2, 2, 2]",swine,env_water,USA:HI,sewage_hi
Sewage_HI,27,57,39,27,1.0,2.0,SAMN03339973,"serotype=Derby,""antigen_formula=4:f,g:-""",3049.0,3049.0,3049.0,USA:HI,"sewage, sand island waste water",sewage sand island waste water,environmental-water,2010.0,"[0.047, 0.047, 0.906]","[27, 30, 32, 34, 37, 38, 39, 39, 39, 39, 39]","[2, 2, 2, 2, 2, 2, 1, 2, 2, 2, 2]",swine,env_water,USA:HI,sewage_hi
Sewage_HI,28,58,40,28,1.0,2.0,SAMN03339967,"serotype=Derby,""antigen_formula=4:f,g:-""",3049.0,3049.0,3049.0,USA:HI,"sewage, sand island waste water",sewage sand island waste water,environmental-water,2010.0,"[0.05, 0.051, 0.899]","[28, 31, 33, 35, 38, 40, 40, 40, 40, 40, 40]","[2, 2, 2, 2, 2, 1, 2, 2, 2, 2, 2]",swine,env_water,USA:HI,sewage_hi
Sewage_HI,26,56,38,26,1.0,2.0,SAMN03339978,"serotype=Derby,""antigen_formula=4:f,g:-""",3049.0,3049.0,3049.0,USA:HI,"sewage, sand island waste water",sewage sand island waste water,environmental-water,2010.0,"[0.05, 0.05, 0.899]","[26, 29, 31, 33, 36, 38, 38, 38, 38, 38, 38]","[2, 2, 2, 2, 2, 1, 2, 2, 2, 2, 2]",swine,env_water,USA:HI,sewage_hi
Sewage_HI,29,70,42,29,1.0,2.0,SAMN03339981,"serotype=Derby,""antigen_formula=4:f,g:-""",3052.0,3052.0,3052.0,USA:HI,"sewage, sand island waste water",sewage sand island waste water,environmental-water,2011.0,"[0.034, 0.045, 0.921]","[29, 40, 42, 42, 42, 43, 44, 46, 49, 51, 51]","[2, 2, 1, 2, 2, 2, 2, 2, 2, 2, 2]",swine,env_water,USA:HI,sewage_hi
Sewage_HI,28,69,41,28,1.0,2.0,SAMN03339983,"serotype=Derby,""antigen_formula=4:f,g:-""",3052.0,3052.0,3052.0,USA:HI,"sewage, sand island waste water",sewage sand island waste water,environmental-water,2011.0,"[0.034, 0.045, 0.921]","[28, 39, 41, 41, 41, 42, 43, 45, 48, 50, 50]","[2, 2, 1, 2, 2, 2, 2, 2, 2, 2, 2]",swine,env_water,USA:HI,sewage_hi
Sewage_HI,29,70,42,29,1.0,2.0,SAMN03339985,"serotype=Derby,""antigen_formula=4:f,g:-""",3052.0,3052.0,3052.0,USA:HI,"sewage, sand island waste water",sewage sand island waste water,environmental-water,2011.0,"[0.034, 0.045, 0.921]","[29, 40, 42, 42, 42, 43, 44, 46, 49, 51, 51]","[2, 2, 1, 2, 2, 2, 2, 2, 2, 2, 2]",swine,env_water,USA:HI,sewage_hi
Sewage_HI,28,69,41,28,1.0,2.0,SAMN03339986,"serotype=Derby,""antigen_formula=4:f,g:-""",3052.0,3052.0,3052.0,USA:HI,"sewage, sand island waste water",sewage sand island waste water,environmental-water,2011.0,"[0.034, 0.045, 0.921]","[28, 39, 41, 41, 41, 42, 43, 45, 48, 50, 50]","[2, 2, 1, 2, 2, 2, 2, 2, 2, 2, 2]",swine,env_water,USA:HI,sewage_hi
Sewage_HI,26,56,38,26,1.0,2.0,SAMN03431330,"serotype=Derby,""antigen_formula=4:f,g:-""",3049.0,3049.0,3049.0,USA:HI,"sewage, sand island waste water",sewage sand island waste water,environmental-water,2010.0,"[0.05, 0.05, 0.899]","[26, 29, 31, 33, 36, 38, 38, 38, 38, 38, 38]","[2, 2, 2, 2, 2, 1, 2, 2, 2, 2, 2]",swine,env_water,USA:HI,sewage_hi
Sewage_HI,26,56,38,26,1.0,2.0,SAMN03431331,"serotype=Derby,""antigen_formula=4:f,g:-""",3049.0,3049.0,3049.0,USA:HI,"sewage, sand island waste water",sewage sand island waste water,environmental-water,2010.0,"[0.05, 0.05, 0.899]","[26, 29, 31, 33, 36, 38, 38, 38, 38, 38, 38]","[2, 2, 2, 2, 2, 1, 2, 2, 2, 2, 2]",swine,env_water,USA:HI,sewage_hi
Sewage_HI,29,70,42,29,1.0,2.0,SAMN03431333,"serotype=Derby,""antigen_formula=4:f,g:-""",3052.0,3052.0,3052.0,USA:HI,"sewage, sand island waste water",sewage sand island waste water,environmental-water,2011.0,"[0.034, 0.045, 0.921]","[29, 40, 42, 42, 42, 43, 44, 46, 49, 51, 51]","[2, 2, 1, 2, 2, 2, 2, 2, 2, 2, 2]",swine,env_water,USA:HI,sewage_hi
Sewage_HI,29,70,42,29,1.0,2.0,SAMN03431335,"serotype=Derby,""antigen_formula=4:f,g:-""",3052.0,3052.0,3052.0,USA:HI,"sewage, sand island waste water",sewage sand island waste water,environmental-water,2011.0,"[0.034, 0.045, 0.921]","[29, 40, 42, 42, 42, 43, 44, 46, 49, 51, 51]","[2, 2, 1, 2, 2, 2, 2, 2, 2, 2, 2]",swine,env_water,USA:HI,sewage_hi
Sewage_HI,29,70,42,29,1.0,2.0,SAMN03431336,"serotype=Derby,""antigen_formula=4:f,g:-""",3052.0,3052.0,3052.0,USA:HI,"sewage, sand island waste water",sewage sand island waste water,environmental-water,2011.0,"[0.034, 0.045, 0.921]","[29, 40, 42, 42, 42, 43, 44, 46, 49, 51, 51]","[2, 2, 1, 2, 2, 2, 2, 2, 2, 2, 2]",swine,env_water,USA:HI,sewage_hi
Sewage_HI,30,71,43,30,1.0,2.0,SAMN03431337,"serotype=Derby,""antigen_formula=4:f,g:-""",3052.0,3052.0,3052.0,USA:HI,"sewage, sand island waste water",sewage sand island waste water,environmental-water,2011.0,"[0.034, 0.045, 0.921]","[30, 41, 43, 43, 43, 44, 45, 47, 50, 52, 52]","[2, 2, 1, 2, 2, 2, 2, 2, 2, 2, 2]",swine,env_water,USA:HI,sewage_hi
Sewage_HI,26,56,38,26,1.0,2.0,SAMN03431338,"serotype=Derby,""antigen_formula=4:f,g:-""",3049.0,3049.0,3049.0,USA:HI,"sewage, sand island waste water",sewage sand island waste water,environmental-water,2011.0,"[0.05, 0.05, 0.899]","[26, 29, 31, 33, 36, 38, 38, 38, 38, 38, 38]","[2, 2, 2, 2, 2, 1, 2, 2, 2, 2, 2]",swine,env_water,USA:HI,sewage_hi
Sewage_HI,26,56,38,26,1.0,2.0,SAMN03431339,"serotype=Derby,""antigen_formula=4:f,g:-""",3049.0,3049.0,3049.0,USA:HI,"sewage, sand island waste water",sewage sand island waste water,environmental-water,2011.0,"[0.05, 0.05, 0.899]","[26, 29, 31, 33, 36, 38, 38, 38, 38, 38, 38]","[2, 2, 2, 2, 2, 1, 2, 2, 2, 2, 2]",swine,env_water,USA:HI,sewage_hi
Sewage_HI,26,56,38,26,1.0,2.0,SAMN03431340,"serotype=Derby,""antigen_formula=4:f,g:-""",3049.0,3049.0,3049.0,USA:HI,"sewage, sand island waste water",sewage sand island waste water,environmental-water,2010.0,"[0.05, 0.05, 0.899]","[26, 29, 31, 33, 36, 38, 38, 38, 38, 38, 38]","[2, 2, 2, 2, 2, 1, 2, 2, 2, 2, 2]",swine,env_water,USA:HI,sewage_hi
Sewage_HI,27,57,39,27,1.0,2.0,SAMN03431351,"serotype=Derby,""antigen_formula=4:f,g:-""",3049.0,3049.0,3049.0,USA:HI,"sewage, sand island waste water",sewage sand island waste water,environmental-water,2010.0,"[0.05, 0.05, 0.899]","[27, 30, 32, 34, 37, 39, 39, 39, 39, 39, 39]","[2, 2, 2, 2, 2, 1, 2, 2, 2, 2, 2]",swine,env_water,USA:HI,sewage_hi
Sewage_HI,28,58,40,28,1.0,2.0,SAMN03431352,"serotype=Derby,""antigen_formula=4:f,g:-""",3049.0,3049.0,3049.0,USA:HI,"sewage, sand island waste water",sewage sand island waste water,environmental-water,2010.0,"[0.05, 0.051, 0.899]","[28, 31, 33, 35, 38, 40, 40, 40, 40, 40, 40]","[2, 2, 2, 2, 2, 1, 2, 2, 2, 2, 2]",swine,env_water,USA:HI,sewage_hi
Sewage_HI,3,48,3,50,1.0,1.0,SAMN03431358,"serotype=Enteritidis,""antigen_formula=9:g,m:-""",4080.0,4080.0,12.0,USA:HI,"sewage, sand island waste water",sewage sand island waste water,environmental-water,2010.0,"[0.044, 0.912, 0.044]","[3, 3, 3, 3, 4, 4, 5, 5, 5, 5, 5]","[1, 1, 1, 1, 1, 1, 1, 1, 1, 1, 1]",poultry,env_water,USA:HI,sewage_hi
Sewage_HI,63,68,67,63,0.54,2.0,SAMN03431353,"serotype=Derby,""antigen_formula=4:f,g:-""",4685.0,4685.0,4685.0,USA:HI,"sewage, sand island waste water",sewage sand island waste water,environmental-water,2010.0,"[0.009, 0.011, 0.98]","[63, 63, 64, 65, 66, 66, 66, 67, 67, 68, 68]","[2, 2, 2, 2, 2, 2, 2, 1, 2, 2, 2]",wild animal,env_water,USA:HI,sewage_hi
Sewage_HI,2486,2486,2491,2551,0.51,0.0,SAMN03431363,"serotype=Paratyphi B var. L(+) tartrate+,""antigen_formula=4:b:1,2""",347.0,347.0,347.0,USA:HI,"sewage, sand island waste water",sewage sand island waste water,environmental-water,2010.0,"[0.935, 0.036, 0.029]","[2486, 2484, 2490, 2491, 2490, 2492, 2492, 2492, 2492, 2493, 2493]","[0, 0, 0, 1, 0, 0, 0, 0, 0, 0, 0]",wild animal,env_water,USA:HI,sewage_hi
Sewage_HI,6,10,20,6,0.88,2.0,SAMN03431343,"serotype=Agona,""antigen_formula=4:f,g,s:-""",3051.0,28.0,28.0,USA:HI,"sewage, sand island waste water",sewage sand island waste water,environmental-water,2010.0,"[0.029, 0.019, 0.952]","[6, 8, 9, 9, 10, 10, 11, 12, 12, 12, 13]","[2, 2, 2, 2, 2, 0, 2, 2, 2, 2, 2]",swine,env_water,USA:HI,sewage_hi
Sewage_HI,2488,2488,2493,2553,0.51,0.0,SAMN03431364,,347.0,347.0,347.0,USA:HI,"sewage, sand island waste water",sewage sand island waste water,environmental-water,2010.0,"[0.93, 0.039, 0.031]","[2488, 2486, 2492, 2493, 2491, 2494, 2494, 2494, 2494, 2495, 2494]","[0, 0, 0, 1, 0, 0, 0, 0, 0, 0, 0]",wild animal,env_water,USA:HI,sewage_hi
Sewage_HI,30,71,43,30,1.0,2.0,SAMN03431350,"serotype=Derby,""antigen_formula=4:f,g:-""",3052.0,3052.0,3052.0,USA:HI,"sewage, sand island waste water",sewage sand island waste water,environmental-water,2010.0,"[0.034, 0.045, 0.921]","[30, 41, 43, 43, 43, 44, 45, 47, 50, 52, 52]","[2, 2, 1, 2, 2, 2, 2, 2, 2, 2, 2]",swine,env_water,USA:HI,sewage_hi
Sewage_HI,9,9,30,658,0.53,0.0,SAMN03431375,"serotype=Chester,""antigen_formula=4:e,h:e,n,x""",4024.0,4024.0,4024.0,USA:HI,"sewage, sand island waste water",sewage sand island waste water,environmental-water,2010.0,"[0.849, 0.145, 0.007]","[9, 30, 30, 30, 31, 31, 32, 32, 32, 34, 658]","[0, 0, 0, 1, 0, 0, 1, 1, 1, 1, 2]",generalist,env_water,USA:HI,sewage_hi
Sewage_HI,12,94,98,12,0.46,2.0,SAMN03431354,"serotype=Typhimurium,""antigen_formula=4:i:1,2""",3812.0,3812.0,3812.0,USA:HI,"sewage, sand island waste water",sewage sand island waste water,environmental-water,2010.0,"[0.239, 0.21, 0.551]","[12, 94, 98, 98, 99, 99, 100, 101, 101, 101, 101]","[2, 0, 0, 1, 0, 0, 1, 0, 0, 0, 0]",generalist,env_water,USA:HI,sewage_hi
Sewage_HI,13,95,99,13,0.46,2.0,SAMN03431355,"serotype=Typhimurium,""antigen_formula=4:i:1,2""",3812.0,3812.0,3812.0,USA:HI,"sewage, sand island waste water",sewage sand island waste water,environmental-water,2010.0,"[0.239, 0.21, 0.551]","[13, 95, 99, 99, 100, 100, 101, 102, 102, 102, 102]","[2, 0, 0, 1, 0, 0, 1, 0, 0, 0, 0]",generalist,env_water,USA:HI,sewage_hi
Sewage_HI,13,36,27,13,0.97,2.0,SAMN03431348,"serotype=Derby,""antigen_formula=4:f,g:-""",348.0,348.0,348.0,USA:HI,"sewage, sand island waste water",sewage sand island waste water,environmental-water,2010.0,"[0.003, 0.003, 0.993]","[13, 13, 15, 15, 15, 17, 21, 23, 24, 25, 25]","[2, 2, 2, 2, 2, 2, 2, 2, 2, 2, 2]",swine,env_water,USA:HI,sewage_hi
Sewage_HI,12,94,98,12,0.46,2.0,SAMN03431356,"serotype=Typhimurium,""antigen_formula=4:i:1,2""",3812.0,3812.0,3812.0,USA:HI,"sewage, sand island waste water",sewage sand island waste water,environmental-water,2010.0,"[0.239, 0.21, 0.551]","[12, 94, 98, 98, 99, 99, 100, 101, 101, 101, 101]","[2, 0, 0, 1, 0, 0, 1, 0, 0, 0, 0]",generalist,env_water,USA:HI,sewage_hi
Sewage_HI,12,94,98,12,0.46,2.0,SAMN03431357,"serotype=Typhimurium,""antigen_formula=4:i:1,2""",3812.0,3812.0,3812.0,USA:HI,"sewage, sand island waste water",sewage sand island waste water,environmental-water,2010.0,"[0.239, 0.21, 0.551]","[12, 94, 98, 98, 99, 99, 100, 101, 101, 101, 101]","[2, 0, 0, 1, 0, 0, 1, 0, 0, 0, 0]",generalist,env_water,USA:HI,sewage_hi
Sewage_HI,6,19,6,22,0.98,1.0,SAMN03431361,"serotype=Enteritidis,""antigen_formula=9:g,m:-""",3813.0,12.0,12.0,USA:HI,"sewage, sand island waste water",sewage sand island waste water,environmental-water,2011.0,"[0.06, 0.879, 0.06]","[6, 7, 7, 9, 12, 14, 14, 14, 14, 15, 15]","[1, 1, 1, 1, 1, 1, 1, 1, 1, 1, 1]",poultry,env_water,USA:HI,sewage_hi
Sewage_HI,13,36,27,13,0.97,2.0,SAMN03431349,"serotype=Derby,""antigen_formula=4:f,g:-""",348.0,348.0,348.0,USA:HI,"sewage, sand island waste water",sewage sand island waste water,environmental-water,2010.0,"[0.003, 0.003, 0.993]","[13, 13, 15, 15, 15, 17, 21, 23, 24, 25, 25]","[2, 2, 2, 2, 2, 2, 2, 2, 2, 2, 2]",swine,env_water,USA:HI,sewage_hi
Sewage_HI,6,20,6,22,0.98,1.0,SAMN03431359,"serotype=Enteritidis,""antigen_formula=9:g,m:-""",3813.0,12.0,12.0,USA:HI,"sewage, sand island waste water",sewage sand island waste water,environmental-water,2011.0,"[0.06, 0.879, 0.06]","[6, 7, 7, 9, 12, 14, 14, 14, 14, 15, 15]","[1, 1, 1, 1, 1, 1, 1, 1, 1, 1, 1]",poultry,env_water,USA:HI,sewage_hi
Sewage_HI,14,20,23,14,0.69,2.0,SAMN03431344,"serotype=Derby,""antigen_formula=4:f,g:-""",3819.0,3819.0,688.0,USA:HI,"sewage, sand island waste water",sewage sand island waste water,environmental-water,2011.0,"[0.008, 0.008, 0.985]","[14, 15, 15, 15, 16, 17, 18, 18, 18, 19, 19]","[2, 2, 2, 2, 2, 2, 2, 2, 2, 2, 2]",swine,env_water,USA:HI,sewage_hi
Sewage_HI,7,20,7,23,0.96,1.0,SAMN03431360,"serotype=Enteritidis,""antigen_formula=9:g,m:-""",3813.0,12.0,12.0,USA:HI,"sewage, sand island waste water",sewage sand island waste water,environmental-water,2011.0,"[0.057, 0.886, 0.057]","[7, 8, 8, 10, 13, 15, 15, 15, 15, 15, 16]","[1, 1, 1, 1, 1, 1, 1, 1, 1, 1, 1]",poultry,env_water,USA:HI,sewage_hi
Sewage_HI,14,20,23,14,0.69,2.0,SAMN03431345,"serotype=Derby,""antigen_formula=4:f,g:-""",3819.0,3819.0,688.0,USA:HI,"sewage, sand island waste water",sewage sand island waste water,environmental-water,2011.0,"[0.008, 0.008, 0.985]","[14, 15, 15, 15, 16, 17, 18, 18, 18, 19, 19]","[2, 2, 2, 2, 2, 2, 2, 2, 2, 2, 2]",swine,env_water,USA:HI,sewage_hi
Sewage_HI,2486,2486,2491,2551,0.51,0.0,SAMN03431362,"serotype=Paratyphi B var. L(+) tartrate+,""antigen_formula=4:b:1,2""",347.0,347.0,347.0,USA:HI,"sewage, sand island waste water",sewage sand island waste water,environmental-water,2010.0,"[0.935, 0.036, 0.029]","[2486, 2484, 2490, 2491, 2489, 2492, 2492, 2492, 2493, 2493, 2493]","[0, 0, 0, 1, 0, 0, 0, 0, 0, 0, 0]",wild animal,env_water,USA:HI,sewage_hi
Sewage_HI,26,56,38,26,1.0,2.0,SAMN03339971,"serotype=Derby,""antigen_formula=4:f,g:-""",3049.0,3049.0,3049.0,USA:HI,"sewage, sand island waste water",sewage sand island waste water,environmental-water,2010.0,"[0.05, 0.05, 0.899]","[26, 29, 31, 33, 36, 38, 38, 38, 38, 38, 38]","[2, 2, 2, 2, 2, 1, 2, 2, 2, 2, 2]",swine,env_water,USA:HI,sewage_hi
Sewage_HI,26,56,38,26,1.0,2.0,SAMN03431341,"serotype=Derby,""antigen_formula=4:f,g:-""",3049.0,3049.0,3049.0,USA:HI,"sewage, sand island waste water",sewage sand island waste water,environmental-water,2010.0,"[0.05, 0.05, 0.899]","[26, 29, 31, 33, 36, 38, 38, 38, 38, 38, 38]","[2, 2, 2, 2, 2, 1, 2, 2, 2, 2, 2]",swine,env_water,USA:HI,sewage_hi
Sewage_HI,6,10,20,6,0.85,2.0,SAMN03431342,"serotype=Agona,""antigen_formula=4:f,g,s:-""",3051.0,28.0,28.0,USA:HI,"sewage, sand island waste water",sewage sand island waste water,environmental-water,2010.0,"[0.029, 0.019, 0.952]","[6, 8, 9, 9, 10, 10, 11, 12, 12, 12, 13]","[2, 2, 2, 2, 2, 0, 2, 2, 2, 2, 2]",swine,env_water,USA:HI,sewage_hi
Sewage_HI,28,69,41,28,1.0,2.0,SAMN03339984,"serotype=Derby,""antigen_formula=4:f,g:-""",3052.0,3052.0,3052.0,USA:HI,"sewage, sand island waste water",sewage sand island waste water,environmental-water,2011.0,"[0.034, 0.045, 0.921]","[28, 39, 41, 41, 41, 42, 43, 45, 48, 50, 50]","[2, 2, 1, 2, 2, 2, 2, 2, 2, 2, 2]",swine,env_water,USA:HI,sewage_hi
Sewage_HI,16,16,1415,2666,0.5,0.0,SAMN03431371,"serotype=Takoradi or Bargny,""antigen_formula=8:i:1,5""",344.0,344.0,344.0,USA:HI,"sewage, sand island waste water",sewage sand island waste water,environmental-water,2010.0,"[0.536, 0.267, 0.197]","[16, 1415, 2666, 2666, 2666, 2667, 2667, 2667, 2667, 2667, 2667]","[0, 1, 2, 2, 2, 2, 0, 2, 0, 0, 0]",generalist,env_water,USA:HI,sewage_hi
Sewage_HI,17,17,1415,2666,0.5,0.0,SAMN03431374,"serotype=Takoradi or Bargny,""antigen_formula=8:i:1,5""",344.0,344.0,344.0,USA:HI,"sewage, sand island waste water",sewage sand island waste water,environmental-water,2010.0,"[0.536, 0.267, 0.197]","[17, 1415, 2666, 2666, 2666, 2667, 2667, 2667, 2667, 2667, 2667]","[0, 1, 2, 2, 2, 2, 0, 2, 0, 0, 0]",generalist,env_water,USA:HI,sewage_hi
Sewage_HI,16,16,1415,2666,0.5,0.0,SAMN03431372,"serotype=Takoradi or Bargny,""antigen_formula=8:i:1,5""",344.0,344.0,344.0,USA:HI,"sewage, sand island waste water",sewage sand island waste water,environmental-water,2010.0,"[0.536, 0.267, 0.197]","[16, 1415, 2666, 2666, 2666, 2667, 2667, 2667, 2667, 2667, 2667]","[0, 1, 2, 2, 2, 2, 0, 2, 0, 0, 0]",generalist,env_water,USA:HI,sewage_hi
Sewage_HI,16,16,1414,2665,0.5,0.0,SAMN03431373,"serotype=Takoradi or Bargny,""antigen_formula=8:i:1,5""",344.0,344.0,344.0,USA:HI,environmental-water; sewage sand island waste water,sewage sand island waste water,environmental-water,2010.0,"[0.536, 0.267, 0.197]","[16, 1414, 2665, 2665, 2665, 2666, 2666, 2666, 2666, 2666, 2666]","[0, 1, 2, 2, 2, 0, 0, 0, 2, 0, 2]",generalist,env_water,USA:HI,sewage_hi
Sewage_HI,2488,2488,2493,2553,0.51,0.0,SAMN03431369,"serotype=Paratyphi B var. L(+) tartrate+,""antigen_formula=4:b:1,2""",347.0,347.0,347.0,USA:HI,"sewage, sand island waste water",sewage sand island waste water,environmental-water,2011.0,"[0.93, 0.039, 0.031]","[2488, 2486, 2492, 2493, 2491, 2494, 2494, 2494, 2494, 2495, 2494]","[0, 0, 0, 1, 0, 0, 0, 0, 0, 0, 0]",wild animal,env_water,USA:HI,sewage_hi
Sewage_HI,13,36,27,13,0.97,2.0,SAMN03431347,"serotype=Derby,""antigen_formula=4:f,g:-""",348.0,348.0,348.0,USA:HI,"sewage, sand island waste water",sewage sand island waste water,environmental-water,2010.0,"[0.003, 0.003, 0.993]","[13, 13, 15, 15, 15, 17, 21, 23, 24, 25, 25]","[2, 2, 2, 2, 2, 2, 2, 2, 2, 2, 2]",swine,env_water,USA:HI,sewage_hi
Sewage_HI,2486,2486,2491,2551,0.51,0.0,SAMN03431370,"serotype=Paratyphi B var. L(+) tartrate+,""antigen_formula=4:b:1,2""",347.0,347.0,347.0,USA:HI,"sewage, sand island waste water",sewage sand island waste water,environmental-water,2011.0,"[0.93, 0.039, 0.031]","[2486, 2484, 2490, 2491, 2489, 2492, 2492, 2492, 2492, 2493, 2492]","[0, 0, 0, 1, 0, 0, 0, 0, 0, 0, 0]",wild animal,env_water,USA:HI,sewage_hi
Sewage_HI,2488,2488,2493,2553,0.51,0.0,SAMN03431365,"serotype=Paratyphi B var. L(+) tartrate+,""antigen_formula=4:b:1,2""",347.0,347.0,347.0,USA:HI,"sewage, sand island waste water",sewage sand island waste water,environmental-water,2010.0,"[0.93, 0.039, 0.031]","[2488, 2486, 2492, 2493, 2491, 2494, 2494, 2494, 2494, 2495, 2494]","[0, 0, 0, 1, 0, 0, 0, 0, 0, 0, 0]",wild animal,env_water,USA:HI,sewage_hi
Sewage_HI,2486,2486,2491,2552,0.51,0.0,SAMN03431367,"serotype=Paratyphi B var. L(+) tartrate+,""antigen_formula=4:b:1,2""",347.0,347.0,347.0,USA:HI,"sewage, sand island waste water",sewage sand island waste water,environmental-water,2011.0,"[0.93, 0.039, 0.031]","[2486, 2484, 2490, 2491, 2489, 2492, 2492, 2492, 2492, 2493, 2492]","[0, 0, 0, 1, 0, 0, 0, 0, 0, 0, 0]",wild animal,env_water,USA:HI,sewage_hi
Sewage_HI,2487,2487,2492,2552,0.51,0.0,SAMN03431366,"serotype=Paratyphi B var. L(+) tartrate+,""antigen_formula=4:b:1,2""",347.0,347.0,347.0,USA:HI,"sewage, sand island waste water",sewage sand island waste water,environmental-water,2010.0,"[0.93, 0.039, 0.031]","[2487, 2485, 2491, 2492, 2490, 2493, 2493, 2493, 2493, 2494, 2493]","[0, 0, 0, 1, 0, 0, 0, 0, 0, 0, 0]",wild animal,env_water,USA:HI,sewage_hi
Sewage_HI,2487,2487,2492,2552,0.51,0.0,SAMN03431368,"serotype=Paratyphi B var. L(+) tartrate+,""antigen_formula=4:b:1,2""",347.0,347.0,347.0,USA:HI,"sewage, sand island waste water",sewage sand island waste water,environmental-water,2011.0,"[0.93, 0.039, 0.031]","[2487, 2485, 2491, 2492, 2490, 2493, 2493, 2493, 2493, 2494, 2493]","[0, 0, 0, 1, 0, 0, 0, 0, 0, 0, 0]",wild animal,env_water,USA:HI,sewage_hi
Sewage_HI,32,32,1163,1163,1.0,0.0,SAMN05366708,"serotype=Chester,""antigen_formula=4:e,h:e,n,x""",45713.0,45713.0,45713.0,USA:HI,Sewage,sewage,environmental-water,2010.0,"[0.899, 0.05, 0.05]","[32, 149, 880, 880, 882, 896, 1163, 1163, 1163, 1163, 1163]","[0, 0, 0, 0, 0, 0, 2, 1, 2, 2, 2]",bovine,env_water,USA:HI,sewage_hi
Sewage_HI,4,24,2661,4,1.0,2.0,SAMN05366710,"serotype=Corvallis,""antigen_formula=8:z4,z23:-""",3814.0,70.0,70.0,USA:HI,Sewage,sewage,environmental-water,2010.0,"[0.047, 0.018, 0.935]","[4, 4, 5, 7, 24, 2661, 2661, 2661, 2661, 2661, 2662]","[2, 2, 2, 2, 0, 1, 1, 1, 0, 0, 1]",swine,env_water,USA:HI,sewage_hi
Sewage_HI,4,24,2663,4,1.0,2.0,SAMN05366711,"serotype=Corvallis,""antigen_formula=8:z4,z23:-""",3814.0,70.0,70.0,USA:HI,Sewage,sewage,environmental-water,2010.0,"[0.047, 0.018, 0.935]","[4, 4, 5, 7, 24, 2660, 2663, 2663, 2663, 2663, 2664]","[2, 2, 2, 2, 0, 0, 1, 1, 1, 0, 1]",swine,env_water,USA:HI,sewage_hi
Sewage_HI,32,32,1166,1166,1.0,0.0,SAMN05366703,"serotype=Chester,""antigen_formula=4:e,h:e,n,x""",45713.0,45713.0,45713.0,USA:HI,Sewage,sewage,environmental-water,2010.0,"[0.899, 0.05, 0.05]","[32, 149, 883, 883, 885, 898, 1166, 1166, 1166, 1166, 1165]","[0, 0, 0, 0, 0, 0, 2, 1, 2, 2, 2]",bovine,env_water,USA:HI,sewage_hi
Sewage_HI,31,31,1165,1165,1.0,0.0,SAMN05366704,"serotype=Chester,""antigen_formula=4:e,h:e,n,x""",45713.0,45713.0,45713.0,USA:HI,Sewage,sewage,environmental-water,2010.0,"[0.899, 0.05, 0.05]","[31, 148, 882, 882, 884, 897, 1165, 1165, 1165, 1165, 1165]","[0, 0, 0, 0, 0, 0, 1, 2, 2, 2, 2]",bovine,env_water,USA:HI,sewage_hi
Sewage_HI,31,31,1165,1165,1.0,0.0,SAMN05366705,"serotype=Chester,""antigen_formula=4:e,h:e,n,x""",45713.0,45713.0,45713.0,USA:HI,Sewage,sewage,environmental-water,2010.0,"[0.899, 0.051, 0.051]","[31, 148, 883, 883, 885, 898, 1165, 1165, 1165, 1164, 1165]","[0, 0, 0, 0, 0, 0, 2, 2, 1, 2, 2]",bovine,env_water,USA:HI,sewage_hi
Sewage_HI,31,31,1164,1164,1.0,0.0,SAMN05366706,"serotype=Chester,""antigen_formula=4:e,h:e,n,x""",45713.0,45713.0,45713.0,USA:HI,Sewage,sewage,environmental-water,2010.0,"[0.899, 0.05, 0.05]","[31, 148, 881, 881, 883, 897, 1164, 1164, 1164, 1164, 1164]","[0, 0, 0, 0, 0, 0, 1, 2, 2, 2, 2]",bovine,env_water,USA:HI,sewage_hi
Sewage_HI,9,9,30,658,0.53,0.0,SAMN05366709,"serotype=Chester,""antigen_formula=4:e,h:e,n,x""",4024.0,4024.0,4024.0,USA:HI,Sewage,sewage,environmental-water,2010.0,"[0.849, 0.145, 0.007]","[9, 30, 30, 30, 31, 31, 32, 32, 32, 34, 658]","[0, 0, 0, 1, 0, 0, 1, 1, 1, 1, 2]",generalist,env_water,USA:HI,sewage_hi
Sewage_HI,31,31,1165,1165,1.0,0.0,SAMN05366707,"serotype=Chester,""antigen_formula=4:e,h:e,n,x""",45713.0,45713.0,45713.0,USA:HI,Sewage,sewage,environmental-water,2010.0,"[0.899, 0.05, 0.051]","[31, 148, 882, 882, 884, 897, 1165, 1165, 1165, 1164, 1165]","[0, 0, 0, 0, 0, 0, 1, 2, 2, 2, 2]",bovine,env_water,USA:HI,sewage_hi
Sewage_HI,2651,2651,2691,2691,0.5,0.0,SAMN05661344,"serotype=Senftenberg,""antigen_formula=1,3,19:g,s,t:-""",49670.0,49670.0,49670.0,USA:HI,Sewage,sewage,environmental-water,2010.0,"[0.673, 0.158, 0.169]","[2651, 2684, 2691, 2689, 2681, 2691, 2692, 2693, 2692, 2694, 2694]","[0, 0, 0, 0, 0, 2, 0, 0, 0, 0, 0]",wild animal,env_water,USA:HI,sewage_hi
Sewage_HI,2643,2643,2671,2677,0.5,0.0,SAMN05661342,"serotype=Senftenberg,""antigen_formula=1,3,19:g,s,t:-""",49670.0,49670.0,49670.0,USA:HI,Sewage,sewage,environmental-water,2010.0,"[0.756, 0.113, 0.131]","[2643, 2673, 2677, 2677, 2677, 2678, 2672, 2679, 2681, 2683, 2683]","[0, 0, 0, 0, 2, 0, 0, 0, 0, 0, 0]",wild animal,env_water,USA:HI,sewage_hi
Sewage_HI,2652,2652,2691,2691,0.5,0.0,SAMN05661341,"serotype=Senftenberg,""antigen_formula=1,3,19:g,s,t:-""",49670.0,49670.0,49670.0,USA:HI,Sewage,sewage,environmental-water,2010.0,"[0.701, 0.143, 0.156]","[2652, 2684, 2691, 2689, 2681, 2691, 2692, 2693, 2693, 2693, 2695]","[0, 0, 0, 0, 0, 2, 0, 0, 0, 0, 0]",wild animal,env_water,USA:HI,sewage_hi
Sewage_HI,2653,2653,2693,2691,0.5,0.0,SAMN05661340,"serotype=Senftenberg,""antigen_formula=1,3,19:g,s,t:-""",49670.0,49670.0,49670.0,USA:HI,Sewage,sewage,environmental-water,2010.0,"[0.704, 0.141, 0.155]","[2653, 2684, 2691, 2689, 2681, 2691, 2692, 2693, 2692, 2694, 2695]","[0, 0, 0, 0, 0, 2, 0, 0, 0, 0, 0]",wild animal,env_water,USA:HI,sewage_hi
Sewage_HI,2653,2653,2693,2691,0.5,0.0,SAMN05661339,"serotype=Senftenberg,""antigen_formula=1,3,19:g,s,t:-""",49670.0,49670.0,49670.0,USA:HI,Sewage,sewage,environmental-water,2010.0,"[0.704, 0.141, 0.155]","[2653, 2683, 2691, 2689, 2681, 2691, 2692, 2693, 2693, 2694, 2695]","[0, 0, 0, 0, 0, 2, 0, 0, 0, 0, 0]",wild animal,env_water,USA:HI,sewage_hi
Sewage_HI,2652,2652,2692,2690,0.5,0.0,SAMN05661338,"serotype=Senftenberg,""antigen_formula=1,3,19:g,s,t:-""",49670.0,49670.0,49670.0,USA:HI,Sewage,sewage,environmental-water,2010.0,"[0.701, 0.142, 0.156]","[2652, 2683, 2690, 2689, 2681, 2690, 2691, 2692, 2693, 2694, 2694]","[0, 0, 0, 0, 0, 2, 0, 0, 0, 0, 0]",wild animal,env_water,USA:HI,sewage_hi
Sewage_HI,23,24,23,28,0.59,1.0,SAMN05736196,"serotype=I -:-:-,""antigen_formula=-:-:-""",49952.0,28427.0,1481.0,USA:HI,Sewage,sewage,environmental-water,2010.0,"[0.144, 0.766, 0.09]","[23, 23, 24, 24, 24, 24, 25, 25, 25, 25, 25]","[1, 1, 1, 0, 1, 1, 1, 1, 1, 1, 1]",poultry,env_water,USA:HI,sewage_hi
Sewage_HI,9,23,9,19,0.81,1.0,SAMN05736202,"serotype=Muenster,""antigen_formula=3,10:e,h:1,5""",50700.0,3054.0,3054.0,USA:HI,Sewage,sewage,environmental-water,2010.0,"[0.12, 0.73, 0.15]","[9, 15, 16, 18, 19, 20, 20, 21, 21, 21, 22]","[1, 1, 1, 1, 2, 1, 1, 1, 1, 1, 1]",poultry,env_water,USA:HI,sewage_hi
Sewage_HI,14,30,14,22,0.92,1.0,SAMN05736203,"serotype=Muenster,""antigen_formula=3,10:e,h:1,5""",50703.0,50703.0,3054.0,USA:HI,Sewage,sewage,environmental-water,2010.0,"[0.024, 0.947, 0.029]","[14, 15, 15, 16, 16, 18, 20, 21, 22, 23, 24]","[1, 1, 1, 1, 1, 1, 1, 1, 2, 1, 1]",poultry,env_water,USA:HI,sewage_hi
Sewage_HI,9,23,9,19,0.81,1.0,SAMN05736201,"serotype=Muenster,""antigen_formula=3,10:e,h:1,5""",50700.0,3054.0,3054.0,USA:HI,Sewage,sewage,environmental-water,2010.0,"[0.12, 0.73, 0.15]","[9, 15, 16, 18, 19, 20, 20, 21, 21, 21, 22]","[1, 1, 1, 1, 2, 1, 1, 1, 1, 1, 1]",poultry,env_water,USA:HI,sewage_hi
Sewage_HI,55,1262,55,2616,1.0,1.0,SAMN05846482,"serotype=Bareilly,""antigen_formula=7:y:1,5""",50704.0,50704.0,50704.0,USA:HI,Sewage,sewage,environmental-water,2010.0,"[0.012, 0.978, 0.01]","[55, 55, 55, 55, 55, 56, 57, 1239, 1262, 1271, 1345]","[1, 1, 1, 1, 1, 1, 1, 1, 0, 0, 0]",wild animal,env_water,USA:HI,sewage_hi
Sewage_HI,55,1262,55,2616,1.0,1.0,SAMN05846480,"serotype=Bareilly,""antigen_formula=7:y:1,5""",50704.0,50704.0,50704.0,USA:HI,Sewage,sewage,environmental-water,2010.0,"[0.012, 0.978, 0.01]","[55, 55, 55, 55, 55, 56, 57, 1239, 1262, 1271, 1345]","[1, 1, 1, 1, 1, 1, 1, 1, 0, 0, 0]",wild animal,env_water,USA:HI,sewage_hi
Sewage_HI,55,1262,55,2616,1.0,1.0,SAMN05846485,"serotype=Bareilly,""antigen_formula=7:y:1,5""",50704.0,50704.0,50704.0,USA:HI,Sewage,sewage,environmental-water,2010.0,"[0.012, 0.978, 0.01]","[55, 55, 55, 55, 55, 56, 57, 1239, 1262, 1271, 1345]","[1, 1, 1, 1, 1, 1, 1, 1, 0, 0, 0]",wild animal,env_water,USA:HI,sewage_hi
Sewage_HI,55,1262,55,2616,1.0,1.0,SAMN05846484,"serotype=Bareilly,""antigen_formula=7:y:1,5""",50704.0,50704.0,50704.0,USA:HI,Sewage,sewage,environmental-water,2010.0,"[0.012, 0.978, 0.01]","[55, 55, 55, 55, 55, 56, 57, 1239, 1262, 1271, 1345]","[1, 1, 1, 1, 1, 1, 1, 1, 0, 0, 0]",wild animal,env_water,USA:HI,sewage_hi
Sewage_HI,55,1262,55,2616,1.0,1.0,SAMN05846483,"serotype=Bareilly,""antigen_formula=7:y:1,5""",50704.0,50704.0,50704.0,USA:HI,Sewage,sewage,environmental-water,2010.0,"[0.012, 0.978, 0.01]","[55, 55, 55, 55, 55, 56, 57, 1239, 1262, 1271, 1345]","[1, 1, 1, 1, 1, 1, 1, 1, 0, 0, 0]",wild animal,env_water,USA:HI,sewage_hi
Sewage_HI,32,32,1165,1165,1.0,0.0,SAMN05366702,"serotype=Chester,""antigen_formula=4:e,h:e,n,x""",45713.0,45713.0,45713.0,USA:HI,Sewage,sewage,environmental-water,2010.0,"[0.899, 0.051, 0.051]","[32, 149, 883, 883, 885, 898, 1165, 1165, 1165, 1164, 1165]","[0, 0, 0, 0, 0, 0, 1, 2, 2, 2, 2]",bovine,env_water,USA:HI,sewage_hi
Sewage_HI,9,23,9,19,0.81,1.0,SAMN05736200,"serotype=Muenster,""antigen_formula=3,10:e,h:1,5""",50700.0,3054.0,3054.0,USA:HI,Sewage,sewage,environmental-water,2010.0,"[0.12, 0.73, 0.15]","[9, 15, 16, 18, 19, 20, 20, 21, 21, 21, 22]","[1, 1, 1, 1, 2, 1, 1, 1, 1, 1, 1]",poultry,env_water,USA:HI,sewage_hi
Sewage_HI,9,23,9,19,0.81,1.0,SAMN05736199,"serotype=Muenster,""antigen_formula=3,10:e,h:1,5""",50700.0,3054.0,3054.0,USA:HI,Sewage,sewage,environmental-water,2010.0,"[0.12, 0.73, 0.15]","[9, 15, 16, 18, 19, 20, 20, 21, 21, 21, 22]","[1, 1, 1, 1, 2, 1, 1, 1, 1, 1, 1]",poultry,env_water,USA:HI,sewage_hi
Sewage_HI,9,23,9,19,0.81,1.0,SAMN05901172,"serotype=Muenster,""antigen_formula=3,10:e,h:1,5""",50700.0,3054.0,3054.0,USA:HI,Sewage,sewage,environmental-water,2010.0,"[0.12, 0.73, 0.15]","[9, 15, 16, 18, 19, 20, 20, 21, 21, 21, 22]","[1, 1, 1, 1, 2, 1, 1, 1, 1, 1, 1]",poultry,env_water,USA:HI,sewage_hi
Sewage_HI,51,54,60,51,0.52,2.0,SAMN05860114,"serotype=London,""antigen_formula=3,10:l,v:1,6""",51622.0,51622.0,51622.0,USA:HI,Sewage,sewage,environmental-water,2010.0,"[0.059, 0.059, 0.882]","[51, 52, 52, 52, 53, 53, 53, 53, 53, 53, 53]","[2, 2, 2, 2, 2, 2, 2, 2, 2, 2, 2]",wild animal,env_water,USA:HI,sewage_hi
Sewage_HI,51,54,60,51,0.53,2.0,SAMN05860115,"serotype=London,""antigen_formula=3,10:l,v:1,6""",51622.0,51622.0,51622.0,USA:HI,Sewage,sewage,environmental-water,2010.0,"[0.064, 0.064, 0.872]","[51, 52, 52, 52, 53, 53, 53, 53, 53, 53, 53]","[2, 2, 2, 2, 2, 2, 2, 2, 2, 2, 2]",wild animal,env_water,USA:HI,sewage_hi
Sewage_HI,19,19,30,22,0.5,0.0,SAMN05860117,"serotype=Kiambu,""antigen_formula=4:z:1,5""",51604.0,19803.0,1016.0,USA:HI,Sewage,sewage,environmental-water,2010.0,"[0.652, 0.08, 0.269]","[19, 22, 24, 24, 25, 25, 26, 26, 26, 26, 27]","[0, 2, 2, 0, 2, 0, 0, 0, 0, 0, 0]",generalist,env_water,USA:HI,sewage_hi
Sewage_HI,20,20,31,23,0.5,0.0,SAMN05860116,"serotype=Kiambu,""antigen_formula=4:z:1,5""",51604.0,19803.0,1016.0,USA:HI,Sewage,sewage,environmental-water,2010.0,"[0.651, 0.08, 0.269]","[20, 23, 25, 25, 26, 26, 27, 27, 27, 27, 28]","[0, 2, 0, 2, 2, 0, 0, 0, 0, 0, 0]",generalist,env_water,USA:HI,sewage_hi
Sewage_HI,6,38,21,6,0.99,2.0,SAMN05860112,"serotype=London,""antigen_formula=3,10:l,v:1,6""",51990.0,51990.0,41776.0,USA:HI,Sewage,sewage,environmental-water,2010.0,"[0.032, 0.046, 0.922]","[6, 11, 14, 21, 21, 35, 36, 37, 37, 37, 38]","[2, 2, 2, 1, 2, 2, 2, 2, 2, 2, 0]",swine,env_water,USA:HI,sewage_hi
Sewage_HI,5,8,9,5,0.66,2.0,SAMN05860118,"serotype=Johannesburg,""antigen_formula=40:b:e,n,x""",710.0,710.0,710.0,USA:HI,Sewage,sewage,environmental-water,2010.0,"[0.006, 0.006, 0.988]","[5, 6, 6, 6, 6, 6, 7, 7, 7, 8, 8]","[2, 2, 2, 2, 2, 2, 2, 2, 2, 2, 2]",swine,env_water,USA:HI,sewage_hi
Sewage_HI,1,4,5,1,0.88,2.0,SAMN05860120,"serotype=Johannesburg,""antigen_formula=40:b:e,n,x""",710.0,710.0,710.0,USA:HI,Sewage,sewage,environmental-water,2010.0,"[0.011, 0.011, 0.978]","[1, 2, 2, 2, 2, 3, 3, 3, 4, 4, 4]","[2, 2, 2, 2, 2, 2, 2, 2, 2, 2, 2]",swine,env_water,USA:HI,sewage_hi
Sewage_HI,0,3,4,0,0.98,2.0,SAMN05860119,"serotype=Johannesburg,""antigen_formula=40:b:e,n,x""",710.0,710.0,710.0,USA:HI,Sewage,sewage,environmental-water,2010.0,"[0.009, 0.009, 0.981]","[0, 1, 1, 1, 1, 2, 2, 2, 3, 3, 3]","[2, 2, 2, 2, 2, 2, 2, 2, 2, 2, 2]",swine,env_water,USA:HI,sewage_hi
Sewage_HI,6,38,21,6,0.99,2.0,SAMN05860110,"serotype=London,""antigen_formula=3,10:l,v:1,6""",51990.0,51990.0,41776.0,USA:HI,Sewage,sewage,environmental-water,2010.0,"[0.032, 0.046, 0.922]","[6, 11, 14, 21, 21, 35, 36, 37, 37, 37, 38]","[2, 2, 2, 1, 2, 2, 2, 2, 2, 2, 0]",swine,env_water,USA:HI,sewage_hi
Sewage_HI,7,39,22,7,0.99,2.0,SAMN05860113,"serotype=London,""antigen_formula=3,10:l,v:1,6""",51990.0,51990.0,41776.0,USA:HI,Sewage,sewage,environmental-water,2010.0,"[0.032, 0.046, 0.922]","[7, 12, 15, 22, 22, 36, 37, 38, 38, 38, 39]","[2, 2, 2, 2, 1, 2, 2, 2, 2, 2, 0]",swine,env_water,USA:HI,sewage_hi
Sewage_HI,45,45,52,2227,1.0,0.0,SAMN06241717,"serotype=Havana,""antigen_formula=13:f,g:-""",5762.0,5762.0,5762.0,USA:HI,Sewage,sewage,environmental-water,2010.0,"[0.993, 0.003, 0.003]","[45, 46, 47, 47, 48, 48, 49, 49, 49, 50, 52]","[0, 0, 0, 0, 0, 0, 0, 0, 0, 0, 1]",wild animal,env_water,USA:HI,sewage_hi
Sewage_HI,2632,2647,2632,2646,0.5,1.0,SAMN06241725,"serotype=Oslo,""antigen_formula=7:a:e,n,x""",60594.0,56622.0,51194.0,USA:HI,Water filters,water filter,environmental-factory/production facility| environmental-water,2016.0,"[0.174, 0.649, 0.177]","[2632, 2636, 2626, 2645, 2646, 2632, 2647, 2647, 2647, 2647, 2647]","[1, 1, 1, 1, 2, 1, 1, 0, 1, 1, 1]",wild animal,env_water,USA:HI,sewage_hi
Sewage_HI,120,497,120,127,0.51,2.0,SAMN06241731,"serotype=Javiana,""antigen_formula=9:l,z28:1,5""",11615.0,11611.0,8563.0,USA:HI,Sewage,sewage,environmental-water,2010.0,"[0.009, 0.059, 0.932]","[120, 127, 129, 131, 132, 132, 133, 133, 293, 295, 308]","[1, 2, 2, 1, 2, 2, 1, 2, 1, 1, 2]",wild animal,env_water,USA:HI,sewage_hi
Sewage_HI,120,497,120,127,0.51,2.0,SAMN06241726,"serotype=Javiana,""antigen_formula=9:l,z28:1,5""",11615.0,11611.0,8563.0,USA:HI,Sewage,sewage,environmental-water,2011.0,"[0.009, 0.059, 0.932]","[120, 127, 129, 131, 132, 132, 133, 133, 293, 295, 308]","[1, 2, 2, 1, 2, 2, 1, 2, 1, 1, 2]",wild animal,env_water,USA:HI,sewage_hi
Sewage_HI,120,497,120,127,0.51,2.0,SAMN06241716,"serotype=Javiana,""antigen_formula=9:l,z28:1,5""",11615.0,11611.0,8563.0,USA:HI,Sewage,sewage,environmental-water,2010.0,"[0.009, 0.059, 0.932]","[120, 127, 129, 131, 132, 132, 133, 133, 293, 295, 308]","[1, 2, 2, 1, 2, 2, 1, 2, 1, 1, 2]",wild animal,env_water,USA:HI,sewage_hi
Sewage_HI,367,369,384,367,0.52,0.0,SAMN06241727,"serotype=Haifa,""antigen_formula=4:z10:1,2""",30052.0,30052.0,7492.0,USA:HI,Sewage,sewage,environmental-water,2010.0,"[0.923, 0.019, 0.058]","[367, 369, 369, 369, 370, 375, 381, 381, 382, 382, 382]","[2, 0, 0, 0, 0, 0, 2, 2, 2, 2, 2]",wild animal,env_water,USA:HI,sewage_hi
Sewage_HI,119,496,119,128,0.51,2.0,SAMN06241715,"serotype=Javiana,""antigen_formula=9:l,z28:1,5""",11615.0,11611.0,8563.0,USA:HI,Sewage,sewage,environmental-water,2010.0,"[0.009, 0.062, 0.929]","[119, 128, 130, 132, 133, 133, 134, 134, 293, 295, 308]","[1, 2, 2, 1, 2, 2, 1, 2, 1, 1, 2]",wild animal,env_water,USA:HI,sewage_hi
Sewage_HI,367,369,384,367,0.52,0.0,SAMN06241730,"serotype=Haifa,""antigen_formula=4:z10:1,2""",30052.0,30052.0,7492.0,USA:HI,Sewage,sewage,environmental-water,2010.0,"[0.923, 0.019, 0.058]","[367, 369, 369, 369, 370, 375, 381, 381, 382, 382, 382]","[2, 0, 0, 0, 0, 0, 2, 2, 2, 2, 2]",wild animal,env_water,USA:HI,sewage_hi
Sewage_HI,367,369,384,367,0.52,0.0,SAMN06241729,"serotype=Haifa,""antigen_formula=4:z10:1,2""",30052.0,30052.0,7492.0,USA:HI,Sewage,sewage,environmental-water,2010.0,"[0.923, 0.019, 0.058]","[367, 369, 369, 369, 370, 375, 381, 381, 382, 382, 382]","[2, 0, 0, 0, 0, 0, 2, 2, 2, 2, 2]",wild animal,env_water,USA:HI,sewage_hi
Sewage_HI,3,3,18,23,1.0,0.0,SAMN06241721,"serotype=Montevideo,""antigen_formula=7:g,m,s:-""",13066.0,13066.0,2546.0,USA:HI,Sewage,sewage,environmental-water,2010.0,"[0.999, 0.001, 0.001]","[3, 3, 3, 3, 4, 4, 4, 5, 6, 7, 8]","[0, 0, 0, 0, 0, 0, 0, 0, 0, 0, 0]",bovine,env_water,USA:HI,sewage_hi
Sewage_HI,3,3,18,24,1.0,0.0,SAMN06241720,"serotype=Montevideo,""antigen_formula=7:g,m,s:-""",13066.0,13066.0,2546.0,USA:HI,Sewage,sewage,environmental-water,2010.0,"[0.999, 0.001, 0.001]","[3, 3, 3, 3, 3, 4, 4, 5, 6, 7, 8]","[0, 0, 0, 0, 0, 0, 0, 0, 0, 0, 0]",bovine,env_water,USA:HI,sewage_hi
Sewage_HI,7,39,22,7,0.99,2.0,SAMN05860109,"serotype=London,""antigen_formula=3,10:l,v:1,6""",51990.0,51990.0,41776.0,USA:HI,Sewage,sewage,environmental-water,2010.0,"[0.032, 0.046, 0.922]","[7, 12, 15, 22, 22, 36, 37, 38, 38, 38, 39]","[2, 2, 2, 1, 2, 2, 2, 2, 2, 2, 0]",swine,env_water,USA:HI,sewage_hi
Sewage_HI,88,88,105,97,0.53,0.0,SAMN06241722,"serotype=Montevideo,""antigen_formula=7:g,m,s:-""",61059.0,61059.0,61059.0,USA:HI,Sewage,sewage,environmental-water,2010.0,"[0.945, 0.005, 0.05]","[88, 96, 97, 101, 105, 110, 111, 111, 130, 165, 1335]","[0, 0, 2, 2, 1, 0, 0, 0, 2, 0, 2]",wild animal,env_water,USA:HI,sewage_hi
Sewage_HI,6,38,21,6,0.99,2.0,SAMN05860108,"serotype=London,""antigen_formula=3,10:l,v:1,6""",51990.0,51990.0,41776.0,USA:HI,Sewage,sewage,environmental-water,2010.0,"[0.032, 0.046, 0.922]","[6, 11, 14, 21, 21, 35, 36, 37, 37, 37, 38]","[2, 2, 2, 1, 2, 2, 2, 2, 2, 2, 0]",swine,env_water,USA:HI,sewage_hi
Sewage_HI,50,53,59,50,0.52,2.0,SAMN05860106,"serotype=London,""antigen_formula=3,10:l,v:1,6""",51622.0,51622.0,51622.0,USA:HI,Sewage,sewage,environmental-water,2011.0,"[0.067, 0.067, 0.866]","[50, 51, 51, 51, 52, 52, 52, 52, 52, 52, 52]","[2, 2, 2, 2, 2, 2, 2, 2, 2, 2, 2]",wild animal,env_water,USA:HI,sewage_hi
Sewage_HI,88,88,105,97,0.53,0.0,SAMN06241723,"serotype=Montevideo,""antigen_formula=7:g,m,s:-""",61059.0,61059.0,61059.0,USA:HI,Sewage,sewage,environmental-water,2010.0,"[0.945, 0.005, 0.05]","[88, 96, 97, 101, 105, 110, 111, 111, 130, 165, 1335]","[0, 0, 2, 2, 1, 0, 0, 0, 2, 0, 2]",wild animal,env_water,USA:HI,sewage_hi
Sewage_HI,72,72,80,73,0.5,0.0,SAMN06241719,"serotype=Meleagridis,""antigen_formula=3,10:e,h:l,w""",61035.0,15801.0,15801.0,USA:HI,Sewage,sewage,environmental-water,2011.0,"[0.618, 0.115, 0.267]","[72, 73, 79, 79, 79, 80, 80, 80, 82, 82, 83]","[0, 2, 0, 2, 0, 0, 1, 1, 0, 1, 0]",wild animal,env_water,USA:HI,sewage_hi
Sewage_HI,2488,2488,2493,2553,0.51,0.0,SAMN06269336,"serotype=Paratyphi B var. L(+) tartrate+,""antigen_formula=4:b:1,2""",347.0,347.0,347.0,USA:HI,Sewage,sewage,environmental-water,2010.0,"[0.93, 0.039, 0.031]","[2488, 2486, 2492, 2493, 2491, 2494, 2494, 2494, 2494, 2495, 2494]","[0, 0, 0, 1, 0, 0, 0, 0, 0, 0, 0]",wild animal,env_water,USA:HI,sewage_hi
Sewage_HI,2487,2487,2492,2552,0.51,0.0,SAMN06269339,"serotype=Paratyphi B var. L(+) tartrate+,""antigen_formula=4:b:1,2""",347.0,347.0,347.0,USA:HI,Sewage,sewage,environmental-water,2010.0,"[0.902, 0.053, 0.045]","[2487, 2485, 2491, 2492, 2490, 2493, 2493, 2493, 2492, 2494, 2494]","[0, 0, 0, 1, 0, 0, 0, 0, 0, 0, 0]",wild animal,env_water,USA:HI,sewage_hi
Sewage_HI,2488,2488,2493,2554,0.51,0.0,SAMN06269337,"serotype=Paratyphi B var. L(+) tartrate+,""antigen_formula=4:b:1,2""",347.0,347.0,347.0,USA:HI,Sewage,sewage,environmental-water,2010.0,"[0.93, 0.039, 0.031]","[2488, 2486, 2492, 2493, 2491, 2494, 2494, 2494, 2494, 2495, 2494]","[0, 0, 0, 1, 0, 0, 0, 0, 0, 0, 0]",wild animal,env_water,USA:HI,sewage_hi
Sewage_HI,44,44,53,121,0.95,0.0,SAMN06269335,"serotype=Typhimurium,""antigen_formula=4:i:1,2""",63434.0,63434.0,63434.0,USA:HI,Sewage,sewage,environmental-water,2010.0,"[0.94, 0.03, 0.03]","[44, 44, 47, 48, 49, 49, 49, 49, 50, 50, 50]","[0, 0, 0, 0, 0, 0, 0, 0, 0, 0, 0]",wild animal,env_water,USA:HI,sewage_hi
Sewage_HI,2488,2488,2493,2553,0.51,0.0,SAMN06269338,"serotype=Paratyphi B var. L(+) tartrate+,""antigen_formula=4:b:1,2""",347.0,347.0,347.0,USA:HI,Sewage,sewage,environmental-water,2010.0,"[0.93, 0.039, 0.031]","[2488, 2486, 2492, 2493, 2491, 2494, 2494, 2494, 2494, 2495, 2494]","[0, 0, 0, 1, 0, 0, 0, 0, 0, 0, 0]",wild animal,env_water,USA:HI,sewage_hi
Sewage_HI,2485,2485,2490,2550,0.51,0.0,SAMN06269340,"serotype=Paratyphi B var. L(+) tartrate+,""antigen_formula=4:b:1,2""",347.0,347.0,347.0,USA:HI,Sewage,sewage,environmental-water,2010.0,"[0.93, 0.039, 0.031]","[2485, 2483, 2489, 2490, 2488, 2491, 2491, 2491, 2491, 2492, 2491]","[0, 0, 0, 1, 0, 0, 0, 0, 0, 0, 0]",wild animal,env_water,USA:HI,sewage_hi
Sewage_HI,2488,2488,2493,2553,0.51,0.0,SAMN06464150,"serotype=Paratyphi B var. L(+) tartrate+,""antigen_formula=4:b:1,2""",347.0,347.0,347.0,USA:HI,environmental-water; sewage,sewage,environmental-water,2010.0,"[0.93, 0.039, 0.031]","[2488, 2486, 2492, 2493, 2491, 2494, 2494, 2494, 2494, 2495, 2494]","[0, 0, 0, 1, 0, 0, 0, 0, 0, 0, 0]",wild animal,env_water,USA:HI,sewage_hi
Sewage_HI,26,56,38,26,1.0,2.0,SAMN06464147,"serotype=Derby,""antigen_formula=4:f,g:-""",3049.0,3049.0,3049.0,USA:HI,environmental-water; sewage,sewage,environmental-water,2010.0,"[0.05, 0.05, 0.899]","[26, 29, 31, 33, 36, 38, 38, 38, 38, 38, 38]","[2, 2, 2, 2, 2, 1, 2, 2, 2, 2, 2]",swine,env_water,USA:HI,sewage_hi
Sewage_HI,184,184,216,189,0.51,0.0,SAMN06464135,"serotype=Give,""antigen_formula=3,10:l,v:1,7""",65114.0,65114.0,65114.0,USA:HI,environmental-water; sewage,sewage,environmental-water,2010.0,"[0.687, 0.073, 0.24]","[184, 185, 189, 189, 189, 189, 190, 190, 191, 191, 191]","[0, 0, 2, 0, 2, 2, 2, 2, 0, 2, 2]",wild animal,env_water,USA:HI,sewage_hi
Sewage_HI,58,2017,2018,58,1.0,2.0,SAMN06464149,"serotype=Weltevreden,""antigen_formula=3,10:r:z6""",65113.0,60672.0,15878.0,USA:HI,environmental-water; sewage,sewage,environmental-water,2010.0,"[0.129, 0.139, 0.732]","[58, 64, 2018, 2017, 2017, 2687, 2687, 2688, 2689, 2689, 2690]","[2, 2, 1, 0, 1, 0, 2, 2, 0, 1, 0]",wild animal,env_water,USA:HI,sewage_hi
Sewage_HI,2488,2488,2493,2553,0.51,0.0,SAMN06464146,"serotype=Paratyphi B var. L(+) tartrate+,""antigen_formula=4:b:1,2""",347.0,347.0,347.0,USA:HI,environmental-water; sewage,sewage,environmental-water,2010.0,"[0.93, 0.039, 0.031]","[2488, 2486, 2492, 2493, 2491, 2494, 2494, 2494, 2494, 2495, 2494]","[0, 0, 0, 1, 0, 0, 0, 0, 0, 0, 0]",wild animal,env_water,USA:HI,sewage_hi
Sewage_HI,7,19,24,7,0.86,2.0,SAMN06464148,"serotype=Derby,""antigen_formula=4:f,g:-""",24107.0,24107.0,18.0,USA:HI,environmental-water; sewage,sewage,environmental-water,2010.0,"[0.052, 0.052, 0.897]","[7, 11, 15, 15, 15, 15, 15, 16, 16, 16, 17]","[2, 2, 2, 2, 2, 2, 2, 2, 2, 2, 2]",swine,env_water,USA:HI,sewage_hi
Sewage_HI,30,36,42,30,0.61,2.0,SAMN06464151,"serotype=Derby,""antigen_formula=4:f,g:-""",24121.0,24121.0,24121.0,USA:HI,environmental-water; sewage,sewage,environmental-water,2010.0,"[0.008, 0.008, 0.984]","[30, 31, 31, 31, 32, 33, 33, 33, 33, 33, 34]","[2, 2, 2, 2, 2, 2, 2, 2, 2, 2, 2]",swine,env_water,USA:HI,sewage_hi
Sewage_HI,26,56,38,26,1.0,2.0,SAMN06553687,"serotype=Derby,""antigen_formula=4:f,g:-""",3049.0,3049.0,3049.0,USA:HI,environmental-water; sewage,sewage,environmental-water,2010.0,"[0.05, 0.05, 0.899]","[26, 29, 31, 33, 36, 38, 38, 38, 38, 38, 38]","[2, 2, 2, 2, 2, 1, 2, 2, 2, 2, 2]",swine,env_water,USA:HI,sewage_hi
Sewage_HI,2488,2488,2493,2553,0.51,0.0,SAMN06553685,"serotype=Paratyphi B var. L(+) tartrate+,""antigen_formula=4:b:1,2""",347.0,347.0,347.0,USA:HI,environmental-water; sewage,sewage,environmental-water,2010.0,"[0.93, 0.039, 0.031]","[2488, 2486, 2492, 2493, 2491, 2494, 2494, 2494, 2494, 2495, 2494]","[0, 0, 0, 1, 0, 0, 0, 0, 0, 0, 0]",wild animal,env_water,USA:HI,sewage_hi
Sewage_HI,5,5,14,5,0.98,2.0,SAMN06553683,"serotype=Mbandaka,""antigen_formula=7:z10:e,n,z15""",21498.0,21498.0,10943.0,USA:HI,environmental-water; sewage,sewage,environmental-water,2010.0,"[0.085, 0.033, 0.881]","[5, 5, 5, 8, 8, 14, 15, 15, 15, 15, 15]","[0, 2, 2, 2, 2, 1, 1, 1, 1, 1, 1]",swine,env_water,USA:HI,sewage_hi
Sewage_HI,3,3,12,3,1.0,2.0,SAMN06553682,"serotype=Mbandaka,""antigen_formula=7:z10:e,n,z15""",21498.0,21498.0,10943.0,USA:HI,environmental-water; sewage,sewage,environmental-water,2010.0,"[0.079, 0.039, 0.882]","[3, 3, 3, 6, 6, 12, 13, 13, 13, 14, 14]","[2, 0, 2, 2, 2, 1, 1, 1, 1, 1, 1]",swine,env_water,USA:HI,sewage_hi
Sewage_HI,34,230,34,226,1.0,1.0,SAMN06629335,"serotype=Enteritidis,""antigen_formula=9:g,m:-""",1422.0,503.0,503.0,USA:HI,environmental-water; sewage,sewage,environmental-water,2010.0,"[0.039, 0.922, 0.039]","[34, 35, 44, 49, 49, 52, 55, 58, 60, 61, 65]","[1, 1, 1, 1, 1, 1, 1, 1, 1, 1, 1]",poultry,env_water,USA:HI,sewage_hi
Sewage_HI,34,230,34,226,1.0,1.0,SAMN06629336,"serotype=Enteritidis,""antigen_formula=9:g,m:-""",1422.0,503.0,503.0,USA:HI,environmental-water; sewage,sewage,environmental-water,2010.0,"[0.039, 0.923, 0.039]","[34, 35, 44, 48, 49, 52, 55, 58, 60, 61, 65]","[1, 1, 1, 1, 1, 1, 1, 1, 1, 1, 1]",poultry,env_water,USA:HI,sewage_hi
Sewage_HI,27,57,39,27,1.0,2.0,SAMN06678045,"serotype=Derby,""antigen_formula=4:f,g:-""",3049.0,3049.0,3049.0,USA:HI,environmental-water; sewage,sewage,environmental-water,2010.0,"[0.05, 0.05, 0.899]","[27, 30, 32, 34, 37, 39, 39, 39, 39, 39, 39]","[2, 2, 2, 2, 2, 1, 2, 2, 2, 2, 2]",swine,env_water,USA:HI,sewage_hi
Sewage_HI,11,38,38,11,0.98,2.0,SAMN06678048,"serotype=Anatum,""antigen_formula=3,10:e,h:1,6""",68785.0,68785.0,51008.0,USA:HI,environmental-water; sewage,sewage,environmental-water,2010.0,"[0.048, 0.048, 0.903]","[11, 13, 15, 30, 31, 31, 31, 32, 32, 32, 32]","[2, 2, 2, 2, 2, 2, 2, 2, 2, 2, 2]",swine,env_water,USA:HI,sewage_hi
Sewage_HI,5,27,35,5,1.0,2.0,SAMN06678049,"serotype=Typhimurium,""antigen_formula=4:i:1,2""",13578.0,13578.0,2525.0,USA:HI,environmental-water; sewage,sewage,environmental-water,2010.0,"[0.025, 0.025, 0.949]","[5, 9, 10, 10, 13, 14, 16, 16, 16, 17, 17]","[2, 2, 2, 2, 2, 2, 2, 2, 2, 2, 2]",swine,env_water,USA:HI,sewage_hi
Sewage_HI,13,40,40,13,0.96,2.0,SAMN06678044,"serotype=Anatum,""antigen_formula=3,10:e,h:1,6""",68785.0,68785.0,51008.0,USA:HI,environmental-water; sewage,sewage,environmental-water,2010.0,"[0.048, 0.048, 0.903]","[13, 15, 17, 32, 33, 33, 33, 34, 34, 34, 34]","[2, 2, 2, 2, 2, 2, 2, 2, 2, 2, 2]",swine,env_water,USA:HI,sewage_hi
Sewage_HI,12,39,39,12,0.97,2.0,SAMN06678046,"serotype=Anatum,""antigen_formula=3,10:e,h:1,6""",68785.0,68785.0,51008.0,USA:HI,environmental-water; sewage,sewage,environmental-water,2010.0,"[0.049, 0.049, 0.903]","[12, 14, 16, 31, 32, 32, 32, 33, 33, 33, 33]","[2, 2, 2, 2, 2, 2, 2, 2, 2, 2, 2]",swine,env_water,USA:HI,sewage_hi
Sewage_HI,5,27,35,5,1.0,2.0,SAMN06678042,"serotype=Typhimurium,""antigen_formula=4:i:1,2""",13578.0,13578.0,2525.0,USA:HI,environmental-water; sewage,sewage,environmental-water,2010.0,"[0.025, 0.025, 0.949]","[5, 9, 10, 10, 13, 14, 16, 16, 16, 17, 17]","[2, 2, 2, 2, 2, 2, 2, 2, 2, 2, 2]",swine,env_water,USA:HI,sewage_hi
Sewage_HI,5,27,35,5,1.0,2.0,SAMN06678041,"serotype=Typhimurium,""antigen_formula=4:i:1,2""",13578.0,13578.0,2525.0,USA:HI,environmental-water; sewage,sewage,environmental-water,2010.0,"[0.025, 0.025, 0.949]","[5, 9, 10, 10, 13, 14, 16, 16, 16, 17, 17]","[2, 2, 2, 2, 2, 2, 2, 2, 2, 2, 2]",swine,env_water,USA:HI,sewage_hi
Sewage_HI,12,39,39,12,0.97,2.0,SAMN06678043,"serotype=Anatum,""antigen_formula=3,10:e,h:1,6""",68785.0,68785.0,51008.0,USA:HI,environmental-water; sewage,sewage,environmental-water,2010.0,"[0.048, 0.048, 0.903]","[12, 14, 16, 31, 32, 32, 32, 33, 33, 33, 33]","[2, 2, 2, 2, 2, 2, 2, 2, 2, 2, 2]",swine,env_water,USA:HI,sewage_hi
Sewage_HI,2488,2488,2493,2554,0.51,0.0,SAMN06629341,"serotype=Paratyphi B var. L(+) tartrate+,""antigen_formula=4:b:1,2""",347.0,347.0,347.0,USA:HI,environmental-water; sewage,sewage,environmental-water,2010.0,"[0.93, 0.039, 0.031]","[2488, 2486, 2492, 2493, 2491, 2494, 2494, 2494, 2494, 2495, 2494]","[0, 0, 0, 1, 0, 0, 0, 0, 0, 0, 0]",wild animal,env_water,USA:HI,sewage_hi
Sewage_HI,23,24,26,23,0.56,2.0,SAMN06629338,"serotype=Infantis,""antigen_formula=7:r:1,5""",69307.0,69307.0,170.0,USA:HI,environmental-water; sewage,sewage,environmental-water,2010.0,"[0.078, 0.044, 0.878]","[23, 24, 24, 25, 26, 26, 26, 26, 26, 27, 27]","[2, 2, 0, 2, 2, 2, 1, 2, 2, 2, 1]",swine,env_water,USA:HI,sewage_hi
Sewage_HI,2488,2488,2493,2553,0.51,0.0,SAMN06629340,"serotype=Paratyphi B var. L(+) tartrate+,""antigen_formula=4:b:1,2""",347.0,347.0,347.0,USA:HI,environmental-water; sewage,sewage,environmental-water,2010.0,"[0.93, 0.039, 0.031]","[2488, 2486, 2492, 2493, 2491, 2494, 2494, 2494, 2494, 2495, 2494]","[0, 0, 0, 1, 0, 0, 0, 0, 0, 0, 0]",wild animal,env_water,USA:HI,sewage_hi
Sewage_HI,2488,2488,2493,2554,0.51,0.0,SAMN06629343,"serotype=Paratyphi B var. L(+) tartrate+,""antigen_formula=4:b:1,2""",347.0,347.0,347.0,USA:HI,environmental-water; sewage,sewage,environmental-water,2010.0,"[0.93, 0.039, 0.031]","[2488, 2486, 2492, 2493, 2491, 2494, 2494, 2494, 2494, 2495, 2494]","[0, 0, 0, 1, 0, 0, 0, 0, 0, 0, 0]",wild animal,env_water,USA:HI,sewage_hi
Sewage_HI,1,1,11,14,0.46,0.0,SAMN06629337,"serotype=Senftenberg,""antigen_formula=1,3,19:g,s,t:-""",13287.0,13287.0,42.0,USA:HI,environmental-water; sewage,sewage,environmental-water,2010.0,"[0.569, 0.222, 0.209]","[1, 11, 12, 12, 12, 12, 12, 12, 12, 12, 12]","[0, 1, 1, 1, 1, 1, 1, 1, 1, 1, 1]",generalist,env_water,USA:HI,sewage_hi
Sewage_HI,10,22,27,10,0.81,2.0,SAMN06629339,"serotype=Derby,""antigen_formula=4:f,g:-""",24119.0,24107.0,18.0,USA:HI,environmental-water; sewage,sewage,environmental-water,2010.0,"[0.052, 0.052, 0.897]","[10, 14, 18, 18, 18, 18, 18, 19, 19, 19, 20]","[2, 2, 2, 2, 2, 2, 2, 2, 2, 2, 2]",swine,env_water,USA:HI,sewage_hi
Sewage_HI,2486,2486,2491,2551,0.51,0.0,SAMN06629344,"serotype=Paratyphi B var. L(+) tartrate+,""antigen_formula=4:b:1,2""",347.0,347.0,347.0,USA:HI,environmental-water; sewage,sewage,environmental-water,2010.0,"[0.942, 0.033, 0.026]","[2486, 2485, 2490, 2491, 2489, 2492, 2492, 2492, 2492, 2493, 2494]","[0, 0, 0, 1, 0, 0, 0, 0, 0, 0, 0]",wild animal,env_water,USA:HI,sewage_hi
Sewage_HI,7,19,24,7,0.86,2.0,SAMN06629342,"serotype=Derby,""antigen_formula=4:f,g:-""",24107.0,24107.0,18.0,USA:HI,environmental-water; sewage,sewage,environmental-water,2010.0,"[0.052, 0.052, 0.897]","[7, 11, 15, 15, 15, 15, 15, 16, 16, 16, 17]","[2, 2, 2, 2, 2, 2, 2, 2, 2, 2, 2]",swine,env_water,USA:HI,sewage_hi
Sewage_HI,7,29,36,7,0.99,2.0,SAMN06764660,"serotype=Typhimurium,""antigen_formula=4:i:1,2""",13578.0,13578.0,2525.0,USA:HI,environmental-water; sewage,sewage,environmental-water,2010.0,"[0.025, 0.025, 0.949]","[7, 11, 12, 12, 15, 16, 18, 18, 18, 19, 19]","[2, 2, 2, 2, 2, 2, 2, 2, 2, 2, 2]",swine,env_water,USA:HI,sewage_hi
Sewage_HI,210,215,210,217,0.51,1.0,SAMN06764658,"serotype=Muenchen,""antigen_formula=8:d:1,2""",69727.0,69727.0,69727.0,USA:HI,environmental-water; sewage,sewage,environmental-water,2010.0,"[0.309, 0.59, 0.101]","[210, 213, 214, 215, 215, 215, 216, 216, 216, 218, 217]","[1, 1, 1, 1, 0, 1, 0, 0, 0, 0, 2]",wild animal,env_water,USA:HI,sewage_hi
Sewage_HI,210,215,210,217,0.51,1.0,SAMN06764662,"serotype=Muenchen,""antigen_formula=8:d:1,2""",69727.0,69727.0,69727.0,USA:HI,environmental-water; sewage,sewage,environmental-water,2010.0,"[0.309, 0.59, 0.101]","[210, 213, 214, 215, 215, 215, 216, 216, 216, 218, 217]","[1, 1, 1, 1, 0, 1, 0, 0, 0, 0, 2]",wild animal,env_water,USA:HI,sewage_hi
Sewage_HI,6,28,36,6,1.0,2.0,SAMN06764657,"serotype=Typhimurium,""antigen_formula=4:i:1,2""",13578.0,13578.0,2525.0,USA:HI,environmental-water; sewage,sewage,environmental-water,2010.0,"[0.025, 0.025, 0.949]","[6, 10, 11, 11, 14, 15, 17, 17, 17, 18, 18]","[2, 2, 2, 2, 2, 2, 2, 2, 2, 2, 2]",swine,env_water,USA:HI,sewage_hi
Sewage_HI,5,27,35,5,1.0,2.0,SAMN06764659,"serotype=Typhimurium,""antigen_formula=4:i:1,2""",13578.0,13578.0,2525.0,USA:HI,environmental-water; sewage,sewage,environmental-water,2010.0,"[0.025, 0.025, 0.949]","[5, 9, 10, 10, 13, 14, 16, 16, 16, 17, 17]","[2, 2, 2, 2, 2, 2, 2, 2, 2, 2, 2]",swine,env_water,USA:HI,sewage_hi
Sewage_HI,5,27,35,5,1.0,2.0,SAMN06764661,"serotype=Typhimurium,""antigen_formula=4:i:1,2""",13578.0,13578.0,2525.0,USA:HI,environmental-water; sewage,sewage,environmental-water,2010.0,"[0.025, 0.025, 0.949]","[5, 9, 10, 10, 13, 14, 16, 16, 16, 17, 17]","[2, 2, 2, 2, 2, 2, 2, 2, 2, 2, 2]",swine,env_water,USA:HI,sewage_hi
Sewage_HI,8,91,95,8,0.46,2.0,SAMN07194301,"serotype=Typhimurium,""antigen_formula=4:i:1,2""",4027.0,3812.0,3812.0,USA:HI,environmental-water; sewage,sewage,environmental-water,2010.0,"[0.246, 0.21, 0.544]","[8, 91, 95, 96, 97, 97, 97, 98, 98, 98, 99]","[2, 0, 1, 0, 0, 1, 0, 0, 0, 0, 0]",generalist,env_water,USA:HI,sewage_hi
Sewage_HI,210,215,210,217,0.51,1.0,SAMN06859356,"serotype=Muenchen,""antigen_formula=8:d:1,2""",69727.0,69727.0,69727.0,USA:HI,environmental-water; sewage,sewage,environmental-water,2010.0,"[0.309, 0.59, 0.101]","[210, 213, 214, 215, 215, 215, 216, 216, 216, 218, 217]","[1, 1, 1, 1, 0, 1, 0, 0, 0, 0, 2]",wild animal,env_water,USA:HI,sewage_hi
Sewage_HI,5,27,35,5,1.0,2.0,SAMN06859355,"serotype=Typhimurium,""antigen_formula=4:i:1,2""",13578.0,13578.0,2525.0,USA:HI,environmental-water; sewage,sewage,environmental-water,2010.0,"[0.025, 0.025, 0.949]","[5, 9, 10, 10, 13, 14, 16, 16, 16, 17, 17]","[2, 2, 2, 2, 2, 2, 2, 2, 2, 2, 2]",swine,env_water,USA:HI,sewage_hi
Sewage_HI,23,23,45,46,0.5,0.0,SAMN06859354,"serotype=Agona,""antigen_formula=4:f,g,s:-""",75019.0,75019.0,26494.0,USA:HI,environmental-water; sewage,sewage,environmental-water,2010.0,"[0.564, 0.212, 0.224]","[23, 45, 46, 47, 47, 47, 47, 47, 48, 48, 48]","[0, 1, 2, 0, 1, 0, 2, 2, 0, 1, 1]",generalist,env_water,USA:HI,sewage_hi
Sewage_HI,11,38,38,11,0.98,2.0,SAMN07204990,"serotype=Anatum,""antigen_formula=3,10:e,h:1,6""",68785.0,68785.0,51008.0,USA:HI,environmental-water; sewage,sewage,environmental-water,2010.0,"[0.049, 0.049, 0.903]","[11, 13, 15, 30, 31, 31, 31, 32, 32, 32, 32]","[2, 2, 2, 2, 2, 2, 2, 2, 2, 2, 2]",swine,env_water,USA:HI,sewage_hi
Sewage_HI,4,20,4,20,1.0,1.0,SAMN07204986,"serotype=Agona,""antigen_formula=4:f,g,s:-""",6266.0,6266.0,419.0,USA:HI,environmental-water; sewage,sewage,environmental-water,2010.0,"[0.126, 0.756, 0.118]","[4, 4, 5, 20, 20, 20, 20, 21, 21, 21, 21]","[1, 1, 1, 0, 1, 0, 2, 0, 0, 2, 1]",poultry,env_water,USA:HI,sewage_hi
Sewage_HI,62,62,62,64,0.51,0.0,SAMN07204985,"serotype=Tennessee,""antigen_formula=7:z29:-""",88677.0,88677.0,88677.0,USA:HI,environmental-water; sewage,sewage,environmental-water,2010.0,"[0.64, 0.158, 0.202]","[62, 62, 63, 63, 64, 64, 64, 65, 66, 66, 66]","[1, 0, 0, 0, 1, 2, 2, 2, 0, 1, 0]",wild animal,env_water,USA:HI,sewage_hi
Sewage_HI,3,48,3,50,1.0,1.0,SAMN07599684,"serotype=Enteritidis,""antigen_formula=9:g,m:-""",4080.0,4080.0,12.0,USA:HI,environmental-water; sewage,sewage,environmental-water,2010.0,"[0.044, 0.912, 0.044]","[3, 3, 3, 3, 4, 4, 5, 5, 5, 5, 5]","[1, 1, 1, 1, 1, 1, 1, 1, 1, 1, 1]",poultry,env_water,USA:HI,sewage_hi
Sewage_HI,3,48,3,50,1.0,1.0,SAMN07599676,"serotype=Enteritidis,""antigen_formula=9:g,m:-""",4080.0,4080.0,12.0,USA:HI,environmental-water; sewage,sewage,environmental-water,2010.0,"[0.044, 0.912, 0.044]","[3, 3, 3, 3, 4, 4, 5, 5, 5, 5, 5]","[1, 1, 1, 1, 1, 1, 1, 1, 1, 1, 1]",poultry,env_water,USA:HI,sewage_hi
Sewage_HI,18,21,18,20,0.5,1.0,SAMN07599669,"serotype=Agona,""antigen_formula=4:f,g,s:-""",63278.0,63278.0,419.0,USA:HI,environmental-water; sewage,sewage,environmental-water,2010.0,"[0.259, 0.413, 0.328]","[18, 20, 21, 21, 21, 21, 21, 22, 22, 22, 22]","[1, 2, 0, 0, 1, 2, 1, 0, 1, 0, 0]",generalist,env_water,USA:HI,sewage_hi
Sewage_HI,3,48,3,50,1.0,1.0,SAMN07599680,"serotype=Enteritidis,""antigen_formula=9:g,m:-""",4080.0,4080.0,12.0,USA:HI,environmental-water; sewage,sewage,environmental-water,2010.0,"[0.044, 0.912, 0.044]","[3, 3, 3, 3, 4, 4, 5, 5, 5, 5, 5]","[1, 1, 1, 1, 1, 1, 1, 1, 1, 1, 1]",poultry,env_water,USA:HI,sewage_hi
Sewage_HI,3,48,3,50,1.0,1.0,SAMN07599682,"serotype=Enteritidis,""antigen_formula=9:g,m:-""",4080.0,4080.0,12.0,USA:HI,environmental-water; sewage,sewage,environmental-water,2010.0,"[0.044, 0.912, 0.044]","[3, 3, 3, 3, 4, 4, 5, 5, 5, 5, 5]","[1, 1, 1, 1, 1, 1, 1, 1, 1, 1, 1]",poultry,env_water,USA:HI,sewage_hi
Sewage_HI,212,217,212,220,0.51,1.0,SAMN07599664,"serotype=Muenchen,""antigen_formula=8:d:1,2""",92995.0,92995.0,72196.0,USA:HI,environmental-water; sewage,sewage,environmental-water,2010.0,"[0.305, 0.61, 0.084]","[212, 215, 216, 216, 217, 217, 218, 219, 219, 220, 221]","[1, 1, 1, 1, 1, 0, 0, 0, 0, 0, 1]",wild animal,env_water,USA:HI,sewage_hi
Sewage_HI,2097,2097,2098,2103,0.5,0.0,SAMN07599674,"serotype=Stanley,""antigen_formula=4:d:1,2""",92994.0,92994.0,92994.0,USA:HI,environmental-water; sewage,sewage,environmental-water,2010.0,"[0.89, 0.064, 0.046]","[2097, 2099, 2099, 2100, 2098, 2102, 2103, 2103, 2101, 2101, 2104]","[0, 0, 0, 0, 1, 1, 2, 0, 1, 1, 0]",wild animal,env_water,USA:HI,sewage_hi
Sewage_HI,3,48,3,50,1.0,1.0,SAMN07599671,"serotype=Enteritidis,""antigen_formula=9:g,m:-""",4080.0,4080.0,12.0,USA:HI,environmental-water; sewage,sewage,environmental-water,2010.0,"[0.044, 0.912, 0.044]","[3, 3, 3, 3, 4, 4, 5, 5, 5, 5, 5]","[1, 1, 1, 1, 1, 1, 1, 1, 1, 1, 1]",poultry,env_water,USA:HI,sewage_hi
Sewage_HI,3,48,3,50,1.0,1.0,SAMN07599667,"serotype=Enteritidis,""antigen_formula=9:g,m:-""",4080.0,4080.0,12.0,USA:HI,environmental-water; sewage,sewage,environmental-water,2010.0,"[0.044, 0.912, 0.044]","[3, 3, 3, 3, 4, 4, 5, 5, 5, 5, 5]","[1, 1, 1, 1, 1, 1, 1, 1, 1, 1, 1]",poultry,env_water,USA:HI,sewage_hi
Sewage_HI,3,48,3,50,1.0,1.0,SAMN07599692,"serotype=Enteritidis,""antigen_formula=9:g,m:-""",4080.0,4080.0,12.0,USA:HI,environmental-water; sewage,sewage,environmental-water,2010.0,"[0.044, 0.912, 0.044]","[3, 3, 3, 3, 4, 4, 5, 5, 5, 5, 5]","[1, 1, 1, 1, 1, 1, 1, 1, 1, 1, 1]",poultry,env_water,USA:HI,sewage_hi
Sewage_HI,5,49,5,52,1.0,1.0,SAMN07599668,"serotype=Enteritidis,""antigen_formula=9:g,m:-""",4080.0,4080.0,12.0,USA:HI,environmental-water; sewage,sewage,environmental-water,2010.0,"[0.044, 0.912, 0.044]","[5, 5, 5, 5, 6, 6, 7, 7, 7, 7, 7]","[1, 1, 1, 1, 1, 1, 1, 1, 1, 1, 1]",poultry,env_water,USA:HI,sewage_hi
Sewage_HI,1,1,2,4,0.98,0.0,SAMN07599678,"serotype=Mbandaka,""antigen_formula=7:z10:e,n,z15""",6546.0,5972.0,4.0,USA:HI,environmental-water; sewage,sewage,environmental-water,2010.0,"[0.683, 0.22, 0.097]","[1, 1, 2, 3, 3, 4, 4, 4, 4, 4, 4]","[0, 0, 1, 1, 1, 1, 1, 1, 2, 2, 1]",bovine,env_water,USA:HI,sewage_hi
Sewage_HI,29,59,41,29,1.0,2.0,SAMN07599673,"serotype=Derby,""antigen_formula=4:f,g:-""",3049.0,3049.0,3049.0,USA:HI,environmental-water; sewage,sewage,environmental-water,2010.0,"[0.05, 0.051, 0.899]","[29, 32, 34, 36, 39, 41, 41, 41, 41, 41, 41]","[2, 2, 2, 2, 2, 1, 2, 2, 2, 2, 2]",swine,env_water,USA:HI,sewage_hi
Sewage_HI,2,2,11,2,1.0,2.0,SAMN07599677,"serotype=I -:-:-,""antigen_formula=-:-:-""",21498.0,21498.0,10943.0,USA:HI,environmental-water; sewage,sewage,environmental-water,2010.0,"[0.079, 0.039, 0.882]","[2, 2, 2, 5, 5, 11, 12, 12, 12, 13, 13]","[2, 0, 2, 2, 2, 1, 1, 1, 1, 1, 1]",swine,env_water,USA:HI,sewage_hi
Sewage_HI,9,23,18,9,0.86,2.0,SAMN07599683,"serotype=Infantis,""antigen_formula=7:r:1,5""",96166.0,4549.0,2732.0,USA:HI,environmental-water; sewage,sewage,environmental-water,2010.0,"[0.016, 0.019, 0.966]","[9, 12, 15, 15, 16, 16, 17, 18, 19, 20, 21]","[2, 2, 2, 2, 2, 2, 2, 1, 2, 2, 2]",swine,env_water,USA:HI,sewage_hi
Sewage_HI,2632,2647,2632,2645,0.5,1.0,SAMN06241724,"serotype=Oslo,""antigen_formula=7:a:e,n,x""",63348.0,63348.0,51194.0,USA:HI,environmental-factory/production facility| environmental-water; water filter,water filter,environmental-factory/production facility| environmental-water,2016.0,"[0.169, 0.63, 0.201]","[2632, 2636, 2645, 2626, 2645, 2632, 2647, 2647, 2647, 2647, 2647]","[1, 1, 2, 1, 1, 1, 1, 0, 1, 1, 1]",wild animal,env_water,USA:HI,sewage_hi
Sewage_HI,2,2,11,2,1.0,2.0,SAMN07599686,"serotype=Mbandaka,""antigen_formula=7:z10:e,n,z15""",21498.0,21498.0,10943.0,USA:HI,environmental-water; sewage,sewage,environmental-water,2010.0,"[0.079, 0.039, 0.882]","[2, 2, 2, 5, 5, 11, 12, 12, 12, 13, 13]","[2, 0, 2, 2, 2, 1, 1, 1, 1, 1, 1]",swine,env_water,USA:HI,sewage_hi
Sewage_HI,1,1,2,4,0.98,0.0,SAMN07599670,"serotype=Mbandaka,""antigen_formula=7:z10:e,n,z15""",6546.0,5972.0,4.0,USA:HI,environmental-water; sewage,sewage,environmental-water,2010.0,"[0.683, 0.22, 0.097]","[1, 1, 2, 3, 3, 4, 4, 4, 4, 4, 4]","[0, 0, 1, 1, 1, 1, 1, 1, 2, 2, 1]",bovine,env_water,USA:HI,sewage_hi
Sewage_HI,3,3,12,3,1.0,2.0,SAMN07599688,"serotype=Mbandaka,""antigen_formula=7:z10:e,n,z15""",21498.0,21498.0,10943.0,USA:HI,environmental-water; sewage,sewage,environmental-water,2010.0,"[0.079, 0.039, 0.882]","[3, 3, 3, 6, 6, 12, 13, 13, 13, 14, 14]","[2, 0, 2, 2, 2, 1, 1, 1, 1, 1, 1]",swine,env_water,USA:HI,sewage_hi
Sewage_HI,2,2,11,2,1.0,2.0,SAMN07599691,"serotype=Mbandaka,""antigen_formula=7:z10:e,n,z15""",21498.0,21498.0,10943.0,USA:HI,environmental-water; sewage,sewage,environmental-water,2010.0,"[0.079, 0.039, 0.882]","[2, 2, 2, 5, 5, 11, 12, 12, 12, 13, 13]","[2, 0, 2, 2, 2, 1, 1, 1, 1, 1, 1]",swine,env_water,USA:HI,sewage_hi
Sewage_HI,1,1,2,4,0.98,0.0,SAMN07599689,"serotype=Mbandaka,""antigen_formula=7:z10:e,n,z15""",6546.0,5972.0,4.0,USA:HI,environmental-water; sewage,sewage,environmental-water,2010.0,"[0.683, 0.22, 0.097]","[1, 1, 2, 3, 3, 4, 4, 4, 4, 4, 4]","[0, 0, 1, 1, 1, 1, 1, 1, 2, 2, 1]",bovine,env_water,USA:HI,sewage_hi
Sewage_HI,3,3,12,3,1.0,2.0,SAMN07599690,"serotype=Mbandaka,""antigen_formula=7:z10:e,n,z15""",21498.0,21498.0,10943.0,USA:HI,environmental-water; sewage,sewage,environmental-water,2010.0,"[0.079, 0.039, 0.882]","[3, 3, 3, 6, 6, 12, 13, 13, 13, 14, 14]","[2, 0, 2, 2, 2, 1, 1, 1, 1, 1, 1]",swine,env_water,USA:HI,sewage_hi
Sewage_HI,2,2,11,2,1.0,2.0,SAMN07599672,"serotype=Mbandaka,""antigen_formula=7:z10:e,n,z15""",21498.0,21498.0,10943.0,USA:HI,environmental-water; sewage,sewage,environmental-water,2010.0,"[0.079, 0.039, 0.882]","[2, 2, 2, 5, 5, 11, 12, 12, 12, 13, 13]","[2, 0, 2, 2, 2, 1, 1, 1, 1, 1, 1]",swine,env_water,USA:HI,sewage_hi
Sewage_HI,2,2,11,2,1.0,2.0,SAMN07599665,"serotype=Mbandaka,""antigen_formula=7:z10:e,n,z15""",21498.0,21498.0,10943.0,USA:HI,environmental-water; sewage,sewage,environmental-water,2010.0,"[0.079, 0.039, 0.882]","[2, 2, 2, 5, 5, 11, 12, 12, 12, 13, 13]","[2, 0, 2, 2, 2, 1, 1, 1, 1, 1, 1]",swine,env_water,USA:HI,sewage_hi
Sewage_HI,2,2,11,2,1.0,2.0,SAMN07599666,"serotype=Mbandaka,""antigen_formula=7:z10:e,n,z15""",21498.0,21498.0,10943.0,USA:HI,environmental-water; sewage,sewage,environmental-water,2010.0,"[0.079, 0.039, 0.882]","[2, 2, 2, 5, 5, 11, 12, 12, 12, 13, 13]","[2, 0, 2, 2, 2, 1, 1, 1, 1, 1, 1]",swine,env_water,USA:HI,sewage_hi
Sewage_HI,4,4,13,4,0.99,2.0,SAMN07599681,"serotype=Mbandaka,""antigen_formula=7:z10:e,n,z15""",21498.0,21498.0,10943.0,USA:HI,environmental-water; sewage,sewage,environmental-water,2010.0,"[0.079, 0.039, 0.882]","[4, 4, 4, 7, 7, 13, 14, 14, 14, 15, 15]","[2, 0, 2, 2, 2, 1, 1, 1, 1, 1, 1]",swine,env_water,USA:HI,sewage_hi
Sewage_HI,2653,2653,2693,2692,0.5,0.0,SAMN07599687,"serotype=Senftenberg,""antigen_formula=1,3,19:g,s,t:-""",49670.0,49670.0,49670.0,USA:HI,environmental-water; sewage,sewage,environmental-water,2010.0,"[0.703, 0.142, 0.155]","[2653, 2684, 2692, 2689, 2681, 2692, 2693, 2694, 2693, 2695, 2696]","[0, 0, 0, 0, 0, 2, 0, 0, 0, 0, 0]",wild animal,env_water,USA:HI,sewage_hi
Sewage_HI,1,1,2,4,0.98,0.0,SAMN07599663,"serotype=Mbandaka,""antigen_formula=7:z10:e,n,z15""",6546.0,5972.0,4.0,USA:HI,environmental-water; sewage,sewage,environmental-water,2010.0,"[0.683, 0.22, 0.097]","[1, 1, 2, 3, 3, 4, 4, 4, 4, 4, 4]","[0, 0, 1, 1, 1, 1, 1, 1, 2, 2, 1]",bovine,env_water,USA:HI,sewage_hi
Sewage_HI,19,47,49,19,0.52,2.0,SAMN08978083,"serotype=Newport,""antigen_formula=8:e,h:1,2""",120083.0,120083.0,9514.0,USA:HI,environmental-water; sewage,sewage,environmental-water,2010.0,"[0.203, 0.19, 0.607]","[19, 47, 47, 47, 48, 49, 49, 49, 49, 49, 49]","[2, 2, 2, 0, 2, 1, 1, 1, 1, 1, 0]",generalist,env_water,USA:HI,sewage_hi
Sewage_HI,4,4,13,4,0.99,2.0,SAMN08978084,"serotype=Mbandaka,""antigen_formula=7:z10:e,n,z15""",21498.0,21498.0,10943.0,USA:HI,environmental-water; sewage,sewage,environmental-water,2010.0,"[0.08, 0.044, 0.876]","[4, 4, 4, 7, 7, 13, 13, 14, 14, 14, 15]","[0, 2, 2, 2, 2, 1, 1, 1, 1, 1, 1]",swine,env_water,USA:HI,sewage_hi
Sewage_HI,3,3,12,3,1.0,2.0,SAMN08978081,"serotype=Mbandaka,""antigen_formula=7:z10:e,n,z15""",21498.0,21498.0,10943.0,USA:HI,environmental-water; sewage,sewage,environmental-water,2010.0,"[0.079, 0.039, 0.882]","[3, 3, 3, 6, 6, 12, 13, 13, 13, 14, 14]","[2, 0, 2, 2, 2, 1, 1, 1, 1, 1, 1]",swine,env_water,USA:HI,sewage_hi
Sewage_HI,17,22,17,24,0.54,0.0,SAMN08978086,"serotype=Senftenberg,""antigen_formula=1,3,19:g,s,t:-""",120090.0,39826.0,39826.0,USA:HI,environmental-water; sewage,sewage,environmental-water,2010.0,"[0.577, 0.283, 0.14]","[17, 22, 22, 23, 23, 24, 24, 25, 25, 25, 26]","[1, 0, 0, 0, 0, 1, 2, 0, 1, 1, 0]",bovine,env_water,USA:HI,sewage_hi
Sewage_HI,17,22,17,24,0.54,0.0,SAMN08978152,"serotype=Senftenberg,""antigen_formula=1,3,19:g,s,t:-""",120090.0,39826.0,39826.0,USA:HI,environmental-water; sewage,sewage,environmental-water,2010.0,"[0.589, 0.269, 0.142]","[17, 22, 22, 23, 23, 24, 24, 25, 25, 26, 26]","[1, 0, 0, 0, 0, 2, 1, 0, 1, 0, 1]",bovine,env_water,USA:HI,sewage_hi
Sewage_HI,17,22,17,24,0.54,0.0,SAMN08978144,"serotype=Senftenberg,""antigen_formula=1,3,19:g,s,t:-""",120090.0,39826.0,39826.0,USA:HI,environmental-water; sewage,sewage,environmental-water,2010.0,"[0.589, 0.269, 0.142]","[17, 22, 22, 23, 23, 24, 24, 25, 25, 26, 26]","[1, 0, 0, 0, 0, 2, 1, 0, 1, 0, 1]",bovine,env_water,USA:HI,sewage_hi
Sewage_HI,17,22,17,24,0.54,0.0,SAMN08978151,"serotype=Senftenberg,""antigen_formula=1,3,19:g,s,t:-""",120090.0,39826.0,39826.0,USA:HI,environmental-water; sewage,sewage,environmental-water,2010.0,"[0.589, 0.269, 0.142]","[17, 22, 22, 23, 23, 24, 24, 25, 25, 26, 26]","[1, 0, 0, 0, 0, 2, 1, 0, 1, 0, 1]",bovine,env_water,USA:HI,sewage_hi
Sewage_HI,27,29,27,32,0.57,1.0,SAMN08978146,"serotype=Mbandaka,""antigen_formula=7:z10:e,n,z15""",135926.0,135926.0,135926.0,USA:HI,environmental-water; sewage,sewage,environmental-water,2010.0,"[0.037, 0.94, 0.023]","[27, 27, 27, 27, 28, 28, 29, 30, 30, 31, 31]","[1, 1, 1, 1, 1, 1, 0, 1, 1, 0, 0]",poultry,env_water,USA:HI,sewage_hi
Sewage_HI,16,20,19,16,0.62,2.0,SAMN08978149,"serotype=Mbandaka,""antigen_formula=7:z10:e,n,z15""",135935.0,16090.0,10943.0,USA:HI,environmental-water; sewage,sewage,environmental-water,2010.0,"[0.024, 0.032, 0.944]","[16, 16, 17, 19, 19, 19, 19, 20, 20, 20, 21]","[2, 2, 2, 2, 2, 1, 2, 1, 0, 1, 1]",swine,env_water,USA:HI,sewage_hi
Sewage_HI,18,23,18,25,0.54,0.0,SAMN08978141,"serotype=Senftenberg,""antigen_formula=1,3,19:g,s,t:-""",120090.0,39826.0,39826.0,USA:HI,environmental-water; sewage,sewage,environmental-water,2010.0,"[0.589, 0.269, 0.142]","[18, 23, 23, 24, 24, 25, 25, 26, 26, 27, 27]","[1, 0, 0, 0, 0, 1, 2, 0, 1, 0, 2]",bovine,env_water,USA:HI,sewage_hi
Sewage_HI,14,14,26,26,0.62,0.0,SAMN08978148,"serotype=Anatum,""antigen_formula=3,10:e,h:1,6""",135955.0,19274.0,465.0,USA:HI,environmental-water; sewage,sewage,environmental-water,2010.0,"[0.692, 0.154, 0.154]","[14, 21, 23, 23, 24, 24, 24, 24, 24, 24, 24]","[0, 0, 0, 0, 0, 0, 0, 0, 0, 0, 0]",bovine,env_water,USA:HI,sewage_hi
Sewage_HI,17,22,17,24,0.54,0.0,SAMN08978150,"serotype=Senftenberg,""antigen_formula=1,3,19:g,s,t:-""",120090.0,39826.0,39826.0,USA:HI,environmental-water; sewage,sewage,environmental-water,2010.0,"[0.589, 0.269, 0.142]","[17, 22, 22, 23, 23, 24, 24, 25, 25, 26, 26]","[1, 0, 0, 0, 0, 1, 2, 0, 1, 0, 2]",bovine,env_water,USA:HI,sewage_hi
Sewage_HI,206,209,206,212,0.5,1.0,SAMN08978113,"serotype=Muenchen,""antigen_formula=8:d:1,2""",138802.0,138802.0,58489.0,USA:HI,environmental-water; sewage,sewage,environmental-water,2010.0,"[0.378, 0.529, 0.092]","[206, 208, 209, 209, 210, 210, 212, 212, 212, 212, 212]","[1, 1, 1, 0, 1, 0, 0, 0, 0, 1, 2]",wild animal,env_water,USA:HI,sewage_hi
Sewage_HI,206,209,206,212,0.5,1.0,SAMN08978156,"serotype=Muenchen,""antigen_formula=8:d:1,2""",138802.0,138802.0,58489.0,USA:HI,environmental-water; sewage,sewage,environmental-water,2010.0,"[0.377, 0.53, 0.093]","[206, 208, 209, 209, 210, 210, 212, 212, 212, 212, 212]","[1, 1, 1, 0, 1, 0, 0, 0, 0, 1, 2]",wild animal,env_water,USA:HI,sewage_hi
Sewage_HI,13,27,22,13,0.8,2.0,SAMN08978098,"serotype=Infantis,""antigen_formula=7:r:1,5""",139264.0,4549.0,2732.0,USA:HI,environmental-water; sewage,sewage,environmental-water,2010.0,"[0.016, 0.018, 0.966]","[13, 16, 19, 19, 20, 20, 21, 22, 23, 24, 25]","[2, 2, 2, 2, 2, 2, 2, 1, 2, 2, 2]",swine,env_water,USA:HI,sewage_hi
Sewage_HI,13,27,22,13,0.8,2.0,SAMN08978106,"serotype=Infantis,""antigen_formula=7:r:1,5""",139264.0,4549.0,2732.0,USA:HI,Sewage,sewage,environmental-water,2010.0,"[0.016, 0.018, 0.966]","[13, 16, 19, 19, 20, 20, 21, 22, 23, 24, 25]","[2, 2, 2, 2, 2, 2, 2, 1, 2, 2, 2]",swine,env_water,USA:HI,sewage_hi
Sewage_HI,6,7,6,9,1.0,0.0,SAMN10840486,"serotype=Anatum,""antigen_formula=3,10:e,h:1,6""",168984.0,737.0,737.0,USA:HI,Sewage,sewage,environmental-water,2010.0,"[0.58, 0.158, 0.262]","[6, 7, 7, 9, 43, 44, 44, 45, 45, 46, 46]","[1, 0, 0, 2, 2, 2, 2, 2, 2, 2, 2]",bovine,env_water,USA:HI,sewage_hi
Sewage_HI,14,28,23,14,0.78,2.0,SAMN08978099,"serotype=Infantis,""antigen_formula=7:r:1,5""",139264.0,4549.0,2732.0,USA:HI,Sewage,sewage,environmental-water,2010.0,"[0.016, 0.018, 0.966]","[14, 17, 20, 20, 21, 21, 22, 23, 24, 25, 26]","[2, 2, 2, 2, 2, 2, 2, 1, 2, 2, 2]",swine,env_water,USA:HI,sewage_hi
Sewage_HI,206,209,206,212,0.5,1.0,SAMN08978108,"serotype=Muenchen,""antigen_formula=8:d:1,2""",138802.0,138802.0,58489.0,USA:HI,Sewage,sewage,environmental-water,2010.0,"[0.377, 0.53, 0.093]","[206, 208, 209, 209, 210, 210, 212, 212, 212, 212, 212]","[1, 1, 1, 0, 1, 0, 0, 0, 0, 1, 2]",wild animal,env_water,USA:HI,sewage_hi
Sewage_HI,13,27,22,13,0.8,2.0,SAMN08978094,"serotype=Infantis,""antigen_formula=7:r:1,5""",139264.0,4549.0,2732.0,USA:HI,Sewage,sewage,environmental-water,2010.0,"[0.016, 0.018, 0.966]","[13, 16, 19, 19, 20, 20, 21, 22, 23, 24, 25]","[2, 2, 2, 2, 2, 2, 2, 1, 2, 2, 2]",swine,env_water,USA:HI,sewage_hi
Sewage_HI,26,56,38,26,1.0,2.0,SAMN10840530,"serotype=Derby,""antigen_formula=4:f,g:-""",3049.0,3049.0,3049.0,USA:HI,Sewage,sewage,environmental-water,2010.0,"[0.05, 0.05, 0.899]","[26, 29, 31, 33, 36, 38, 38, 38, 38, 38, 38]","[2, 2, 2, 2, 2, 1, 2, 2, 2, 2, 2]",swine,env_water,USA:HI,sewage_hi
Sewage_HI,27,57,39,27,1.0,2.0,SAMN10840525,"serotype=Derby,""antigen_formula=4:f,g:-""",3049.0,3049.0,3049.0,USA:HI,Sewage,sewage,environmental-water,2010.0,"[0.05, 0.05, 0.899]","[27, 30, 32, 34, 37, 39, 39, 39, 39, 39, 39]","[2, 2, 2, 2, 2, 1, 2, 2, 2, 2, 2]",swine,env_water,USA:HI,sewage_hi
Sewage_HI,11,38,38,11,0.98,2.0,SAMN10840533,"serotype=Anatum,""antigen_formula=3,10:e,h:1,6""",68785.0,68785.0,51008.0,USA:HI,Sewage,sewage,environmental-water,2010.0,"[0.048, 0.048, 0.903]","[11, 13, 15, 30, 31, 31, 31, 32, 32, 32, 32]","[2, 2, 2, 2, 2, 2, 2, 2, 2, 2, 2]",swine,env_water,USA:HI,sewage_hi
Sewage_HI,6,7,6,9,1.0,0.0,SAMN10840524,"serotype=Anatum,""antigen_formula=3,10:e,h:1,6""",168984.0,737.0,737.0,USA:HI,Sewage,sewage,environmental-water,2010.0,"[0.58, 0.158, 0.262]","[6, 7, 7, 9, 43, 44, 44, 45, 45, 46, 46]","[1, 0, 0, 2, 2, 2, 2, 2, 2, 2, 2]",bovine,env_water,USA:HI,sewage_hi
Sewage_HI,21,24,32,21,0.56,2.0,SAMN10840485,"serotype=Agona,""antigen_formula=4:f,g,s:-""",175964.0,175964.0,419.0,USA:HI,Sewage,sewage,environmental-water,2010.0,"[0.13, 0.039, 0.831]","[21, 24, 24, 26, 26, 27, 27, 28, 29, 29, 30]","[2, 2, 0, 2, 2, 0, 2, 0, 2, 2, 2]",swine,env_water,USA:HI,sewage_hi
Sewage_HI,20,23,31,20,0.56,2.0,SAMN10840487,"serotype=Agona,""antigen_formula=4:f,g,s:-""",175964.0,175964.0,419.0,USA:HI,Sewage,sewage,environmental-water,2010.0,"[0.13, 0.039, 0.831]","[20, 23, 23, 25, 25, 26, 26, 27, 28, 28, 29]","[2, 0, 2, 2, 2, 0, 2, 0, 2, 2, 2]",swine,env_water,USA:HI,sewage_hi
Sewage_HI,21,24,31,21,0.56,2.0,SAMN10840509,"serotype=Agona,""antigen_formula=4:f,g,s:-""",175964.0,175964.0,419.0,USA:HI,Sewage,sewage,environmental-water,2010.0,"[0.13, 0.039, 0.831]","[21, 24, 24, 26, 26, 27, 27, 28, 29, 29, 30]","[2, 0, 2, 2, 2, 0, 2, 0, 2, 2, 2]",swine,env_water,USA:HI,sewage_hi
Sewage_HI,20,23,30,20,0.56,2.0,SAMN10840512,"serotype=Agona,""antigen_formula=4:f,g,s:-""",175964.0,175964.0,419.0,USA:HI,Sewage,sewage,environmental-water,2010.0,"[0.13, 0.039, 0.831]","[20, 23, 23, 25, 25, 26, 26, 27, 28, 28, 29]","[2, 2, 0, 2, 2, 0, 2, 0, 2, 2, 2]",swine,env_water,USA:HI,sewage_hi
Sewage_HI,20,23,31,20,0.56,2.0,SAMN10840522,"serotype=Agona,""antigen_formula=4:f,g,s:-""",175964.0,175964.0,419.0,USA:HI,Sewage,sewage,environmental-water,2010.0,"[0.13, 0.039, 0.831]","[20, 23, 23, 25, 25, 26, 26, 27, 28, 28, 29]","[2, 0, 2, 2, 2, 0, 2, 0, 2, 2, 2]",swine,env_water,USA:HI,sewage_hi
Sewage_HI,4,30,10,4,0.97,2.0,SAMN10840507,"serotype=Uganda,""antigen_formula=3,10:l,z13:1,5""",65064.0,65064.0,64971.0,USA:HI,Sewage,sewage,environmental-water,2010.0,"[0.004, 0.006, 0.99]","[4, 4, 5, 5, 6, 6, 10, 11, 11, 13, 13]","[2, 2, 2, 2, 2, 2, 1, 1, 2, 2, 2]",swine,env_water,USA:HI,sewage_hi
Sewage_HI,207,213,207,216,0.51,1.0,SAMN10840488,"serotype=Muenchen,""antigen_formula=8:d:1,2""",176679.0,176679.0,176679.0,USA:HI,Sewage,sewage,environmental-water,2010.0,"[0.272, 0.603, 0.125]","[207, 210, 212, 213, 214, 214, 214, 215, 215, 216, 216]","[1, 1, 1, 0, 1, 0, 1, 0, 0, 0, 0]",wild animal,env_water,USA:HI,sewage_hi
Sewage_HI,20,23,31,20,0.56,2.0,SAMN10840527,"serotype=Agona,""antigen_formula=4:f,g,s:-""",175964.0,175964.0,419.0,USA:HI,Sewage,sewage,environmental-water,2010.0,"[0.13, 0.039, 0.831]","[20, 23, 23, 25, 25, 26, 26, 27, 28, 28, 29]","[2, 0, 2, 2, 2, 0, 2, 0, 2, 2, 2]",swine,env_water,USA:HI,sewage_hi
Sewage_HI,28,28,29,28,0.5,2.0,SAMN10840510,"serotype=Senftenberg,""antigen_formula=1,3,19:g,s,t:-""",176678.0,176678.0,176678.0,USA:HI,Sewage,sewage,environmental-water,2010.0,"[0.38, 0.207, 0.413]","[28, 28, 29, 30, 30, 30, 30, 30, 30, 30, 30]","[2, 0, 1, 1, 2, 2, 1, 1, 1, 1, 1]",generalist,env_water,USA:HI,sewage_hi
Sewage_HI,4,30,10,4,0.97,2.0,SAMN10840520,"serotype=Uganda,""antigen_formula=3,10:l,z13:1,5""",65064.0,65064.0,64971.0,USA:HI,Sewage,sewage,environmental-water,2010.0,"[0.004, 0.006, 0.99]","[4, 4, 5, 5, 6, 6, 10, 11, 11, 13, 13]","[2, 2, 2, 2, 2, 2, 1, 1, 2, 2, 2]",swine,env_water,USA:HI,sewage_hi
Sewage_HI,28,28,29,28,0.5,2.0,SAMN10840521,"serotype=Senftenberg,""antigen_formula=1,3,19:g,s,t:-""",176678.0,176678.0,176678.0,USA:HI,Sewage,sewage,environmental-water,2010.0,"[0.38, 0.207, 0.413]","[28, 28, 29, 30, 30, 30, 30, 30, 30, 30, 30]","[2, 0, 1, 1, 2, 2, 1, 1, 1, 1, 1]",generalist,env_water,USA:HI,sewage_hi
Sewage_HI,7,27,23,7,0.72,2.0,SAMN10840515,"serotype=Muenchen,""antigen_formula=8:d:1,2""",176686.0,176686.0,557.0,USA:HI,Sewage,sewage,environmental-water,2010.0,"[0.141, 0.17, 0.689]","[7, 17, 23, 25, 26, 26, 27, 27, 27, 27, 27]","[2, 2, 1, 1, 2, 2, 1, 2, 1, 2, 1]",swine,env_water,USA:HI,sewage_hi
Sewage_HI,20,23,31,20,0.56,2.0,SAMN10840532,"serotype=Agona,""antigen_formula=4:f,g,s:-""",175964.0,175964.0,419.0,USA:HI,Sewage,sewage,environmental-water,2010.0,"[0.13, 0.039, 0.831]","[20, 23, 23, 25, 25, 26, 26, 27, 28, 28, 29]","[2, 0, 2, 2, 2, 0, 2, 0, 2, 2, 2]",swine,env_water,USA:HI,sewage_hi
Sewage_HI,28,28,29,28,0.5,2.0,SAMN10840513,"serotype=Senftenberg,""antigen_formula=1,3,19:g,s,t:-""",176678.0,176678.0,176678.0,USA:HI,Sewage,sewage,environmental-water,2010.0,"[0.38, 0.207, 0.413]","[28, 28, 29, 30, 30, 30, 30, 30, 30, 30, 30]","[2, 0, 1, 1, 2, 2, 1, 1, 1, 1, 1]",generalist,env_water,USA:HI,sewage_hi
Sewage_HI,7,27,23,7,0.72,2.0,SAMN10840501,"serotype=Muenchen,""antigen_formula=8:d:1,2""",176686.0,176686.0,557.0,USA:HI,Sewage,sewage,environmental-water,2010.0,"[0.141, 0.17, 0.689]","[7, 17, 23, 25, 26, 26, 27, 27, 27, 27, 27]","[2, 2, 1, 1, 2, 2, 2, 1, 1, 1, 2]",swine,env_water,USA:HI,sewage_hi
Sewage_HI,20,23,31,20,0.56,2.0,SAMN10840529,"serotype=Agona,""antigen_formula=4:f,g,s:-""",175964.0,175964.0,419.0,USA:HI,Sewage,sewage,environmental-water,2010.0,"[0.13, 0.039, 0.831]","[20, 23, 23, 25, 25, 26, 26, 27, 28, 28, 29]","[2, 0, 2, 2, 2, 0, 2, 0, 2, 2, 2]",swine,env_water,USA:HI,sewage_hi
Sewage_HI,34,41,85,34,0.58,2.0,SAMN10840500,"serotype=Newport,""antigen_formula=8:e,h:1,2""",177638.0,177638.0,177638.0,USA:HI,environmental-water; sewage,sewage,environmental-water,2010.0,"[0.089, 0.017, 0.895]","[34, 37, 37, 40, 41, 43, 75, 83, 84, 85, 85]","[2, 2, 2, 2, 0, 0, 2, 2, 2, 1, 1]",swine,env_water,USA:HI,sewage_hi
Sewage_HI,28,28,29,28,0.5,2.0,SAMN10840504,"serotype=Senftenberg,""antigen_formula=1,3,19:g,s,t:-""",176678.0,176678.0,176678.0,USA:HI,environmental-water; sewage,sewage,environmental-water,2010.0,"[0.38, 0.207, 0.413]","[28, 28, 29, 30, 30, 30, 30, 30, 30, 30, 30]","[2, 0, 1, 1, 2, 2, 1, 1, 1, 1, 1]",generalist,env_water,USA:HI,sewage_hi
Sewage_HI,7,27,23,7,0.72,2.0,SAMN10840517,"serotype=Muenchen,""antigen_formula=8:d:1,2""",176686.0,176686.0,557.0,USA:HI,environmental-water; sewage,sewage,environmental-water,2010.0,"[0.141, 0.17, 0.689]","[7, 17, 23, 25, 26, 26, 27, 27, 27, 27, 27]","[2, 2, 1, 1, 2, 2, 2, 1, 1, 1, 2]",swine,env_water,USA:HI,sewage_hi
Sewage_HI,5,31,11,5,0.94,2.0,SAMN10840503,"serotype=Uganda,""antigen_formula=3,10:l,z13:1,5""",65064.0,65064.0,64971.0,USA:HI,environmental-water; sewage,sewage,environmental-water,2010.0,"[0.004, 0.005, 0.991]","[5, 5, 6, 6, 7, 7, 11, 11, 12, 14, 14]","[2, 2, 2, 2, 2, 2, 1, 2, 1, 2, 2]",swine,env_water,USA:HI,sewage_hi
Sewage_HI,7,27,23,7,0.72,2.0,SAMN10840506,"serotype=Muenchen,""antigen_formula=8:d:1,2""",176686.0,176686.0,557.0,USA:HI,environmental-water; sewage,sewage,environmental-water,2010.0,"[0.141, 0.17, 0.689]","[7, 17, 23, 25, 26, 26, 27, 27, 27, 27, 27]","[2, 2, 1, 1, 2, 2, 2, 1, 1, 1, 2]",swine,env_water,USA:HI,sewage_hi
Sewage_HI,28,28,29,28,0.5,2.0,SAMN11536923,"serotype=Senftenberg,""antigen_formula=1,3,19:g,s,t:-""",176678.0,176678.0,176678.0,USA:HI,environmental-water; sewage,sewage,environmental-water,2010.0,"[0.38, 0.207, 0.413]","[28, 28, 29, 30, 30, 30, 30, 30, 30, 30, 30]","[2, 0, 1, 1, 2, 2, 1, 1, 1, 1, 1]",generalist,env_water,USA:HI,sewage_hi
Sewage_HI,6,32,12,6,0.91,2.0,SAMN11536939,"serotype=Uganda,""antigen_formula=3,10:l,z13:1,5""",65064.0,65064.0,64971.0,USA:HI,environmental-water; sewage,sewage,environmental-water,2010.0,"[0.004, 0.005, 0.991]","[6, 6, 7, 7, 7, 8, 12, 13, 13, 15, 15]","[2, 2, 2, 2, 2, 2, 1, 1, 2, 2, 2]",swine,env_water,USA:HI,sewage_hi
Sewage_HI,4,30,10,4,0.97,2.0,SAMN11536952,"serotype=Uganda,""antigen_formula=3,10:l,z13:1,5""",65064.0,65064.0,64971.0,USA:HI,environmental-water; sewage,sewage,environmental-water,2010.0,"[0.004, 0.006, 0.99]","[4, 4, 5, 5, 6, 6, 10, 11, 11, 13, 13]","[2, 2, 2, 2, 2, 2, 1, 1, 2, 2, 2]",swine,env_water,USA:HI,sewage_hi
Sewage_HI,4,30,10,4,0.97,2.0,SAMN11536971,"serotype=Uganda,""antigen_formula=3,10:l,z13:1,5""",65064.0,65064.0,64971.0,USA:HI,environmental-water; sewage,sewage,environmental-water,2010.0,"[0.004, 0.006, 0.99]","[4, 4, 5, 5, 6, 6, 10, 11, 11, 13, 13]","[2, 2, 2, 2, 2, 2, 1, 1, 2, 2, 2]",swine,env_water,USA:HI,sewage_hi
Sewage_HI,28,28,29,28,0.5,2.0,SAMN11538962,"serotype=Senftenberg,""antigen_formula=1,3,19:g,s,t:-""",176678.0,176678.0,176678.0,USA:HI,environmental-water; sewage,sewage,environmental-water,2010.0,"[0.38, 0.207, 0.413]","[28, 28, 29, 30, 30, 30, 30, 30, 30, 30, 30]","[2, 0, 1, 1, 2, 2, 1, 1, 1, 1, 1]",generalist,env_water,USA:HI,sewage_hi
Sewage_HI,7,27,23,7,0.72,2.0,SAMN11539385,"serotype=Muenchen,""antigen_formula=8:d:1,2""",176686.0,176686.0,557.0,USA:HI,environmental-water; sewage,sewage,environmental-water,2010.0,"[0.141, 0.17, 0.689]","[7, 17, 23, 25, 26, 26, 27, 27, 27, 27, 27]","[2, 2, 1, 1, 2, 2, 2, 1, 1, 1, 2]",swine,env_water,USA:HI,sewage_hi
Sewage_HI,7,27,23,7,0.72,2.0,SAMN11539390,"serotype=Muenchen,""antigen_formula=8:d:1,2""",176686.0,176686.0,557.0,USA:HI,environmental-water; sewage,sewage,environmental-water,2010.0,"[0.136, 0.165, 0.699]","[7, 17, 23, 25, 26, 26, 26, 27, 27, 27, 27]","[2, 2, 1, 1, 2, 2, 2, 1, 2, 1, 1]",swine,env_water,USA:HI,sewage_hi
Sewage_HI,7,27,23,7,0.72,2.0,SAMN11539542,"serotype=Muenchen,""antigen_formula=8:d:1,2""",176686.0,176686.0,557.0,USA:HI,environmental-water; sewage,sewage,environmental-water,2010.0,"[0.141, 0.17, 0.689]","[7, 17, 23, 25, 26, 26, 27, 27, 27, 27, 27]","[2, 2, 1, 1, 2, 2, 2, 1, 1, 1, 2]",swine,env_water,USA:HI,sewage_hi
Sewage_HI,13,36,27,13,0.97,2.0,SAMN12286702,"serotype=Derby,""antigen_formula=4:f,g:-""",348.0,348.0,348.0,USA:HI,environmental-water; sewage,sewage,environmental-water,2010.0,"[0.003, 0.003, 0.993]","[13, 13, 15, 15, 15, 17, 21, 23, 24, 25, 25]","[2, 2, 2, 2, 2, 2, 2, 2, 2, 2, 2]",swine,env_water,USA:HI,sewage_hi
Sewage_HI,209,214,209,218,0.51,1.0,SAMN12286726,"serotype=Muenchen,""antigen_formula=8:d:1,2""",176679.0,176679.0,176679.0,USA:HI,environmental-water; sewage,sewage,environmental-water,2010.0,"[0.305, 0.583, 0.112]","[209, 212, 214, 214, 215, 215, 216, 217, 217, 218, 218]","[1, 1, 0, 1, 0, 1, 1, 0, 0, 0, 0]",wild animal,env_water,USA:HI,sewage_hi
Sewage_HI,4,30,10,4,0.97,2.0,SAMN12286725,"serotype=Uganda,""antigen_formula=3,10:l,z13:1,5""",65064.0,65064.0,64971.0,USA:HI,environmental-water; sewage,sewage,environmental-water,2010.0,"[0.004, 0.006, 0.99]","[4, 4, 5, 5, 6, 6, 10, 11, 11, 13, 13]","[2, 2, 2, 2, 2, 2, 1, 1, 2, 2, 2]",swine,env_water,USA:HI,sewage_hi
Sewage_HI,8,28,24,8,0.71,2.0,SAMN12684764,"serotype=Muenchen,""antigen_formula=8:d:1,2""",176686.0,176686.0,557.0,USA:HI,environmental-water; sewage,sewage,environmental-water,2010.0,"[0.141, 0.17, 0.689]","[8, 18, 24, 26, 27, 27, 28, 28, 28, 28, 28]","[2, 2, 1, 1, 2, 2, 2, 1, 2, 1, 1]",swine,env_water,USA:HI,sewage_hi
Sewage_HI,5,31,11,5,0.94,2.0,SAMN12684756,"serotype=Uganda,""antigen_formula=3,10:l,z13:1,5""",65064.0,65064.0,64971.0,USA:HI,environmental-water; sewage,sewage,environmental-water,2010.0,"[0.004, 0.006, 0.99]","[5, 5, 6, 6, 7, 7, 11, 12, 12, 14, 14]","[2, 2, 2, 2, 2, 2, 1, 1, 2, 2, 2]",swine,env_water,USA:HI,sewage_hi
Sewage_HI,4,30,10,4,0.97,2.0,SAMN13738948,"serotype=Uganda,""antigen_formula=3,10:l,z13:1,5""",65064.0,65064.0,64971.0,USA:HI,environmental-water; sewage,sewage,environmental-water,2010.0,"[0.004, 0.006, 0.99]","[4, 4, 5, 5, 6, 6, 10, 11, 11, 13, 13]","[2, 2, 2, 2, 2, 2, 1, 1, 2, 2, 2]",swine,env_water,USA:HI,sewage_hi
Sewage_HI,4,30,10,4,0.97,2.0,SAMN13738968,"serotype=Uganda,""antigen_formula=3,10:l,z13:1,5""",65064.0,65064.0,64971.0,USA:HI,environmental-water; sewage,sewage,environmental-water,2010.0,"[0.004, 0.006, 0.99]","[4, 4, 5, 5, 6, 6, 10, 11, 11, 13, 13]","[2, 2, 2, 2, 2, 2, 1, 1, 2, 2, 2]",swine,env_water,USA:HI,sewage_hi
Sewage_HI,17,17,1415,2666,0.5,0.0,SAMN13738963,"serotype=Takoradi or Bargny,""antigen_formula=8:i:1,5""",344.0,344.0,344.0,USA:HI,environmental-water; sewage,sewage,environmental-water,2010.0,"[0.536, 0.267, 0.197]","[17, 1415, 2666, 2666, 2666, 2667, 2667, 2667, 2667, 2667, 2667]","[0, 1, 2, 2, 2, 2, 0, 2, 0, 0, 0]",generalist,env_water,USA:HI,sewage_hi
Sewage_HI,7,27,23,7,0.72,2.0,SAMN13739121,"serotype=Muenchen,""antigen_formula=8:d:1,2""",176686.0,176686.0,557.0,USA:HI,environmental-water; sewage,sewage,environmental-water,2010.0,"[0.141, 0.17, 0.689]","[7, 17, 23, 25, 26, 26, 27, 27, 27, 27, 27]","[2, 2, 1, 1, 2, 2, 2, 1, 2, 1, 1]",swine,env_water,USA:HI,sewage_hi
Sewage_HI,16,16,1415,2666,0.5,0.0,SAMN13781409,"serotype=Takoradi or Bargny,""antigen_formula=8:i:1,5""",344.0,344.0,344.0,USA:HI,environmental-water; sewage,sewage,environmental-water,2010.0,"[0.536, 0.267, 0.197]","[16, 1415, 2666, 2666, 2666, 2667, 2667, 2667, 2667, 2667, 2667]","[0, 1, 2, 2, 2, 2, 0, 2, 0, 0, 0]",generalist,env_water,USA:HI,sewage_hi
Sewage_HI,17,17,1415,2664,0.5,0.0,SAMN14051019,"serotype=Takoradi or Bargny,""antigen_formula=8:i:1,5""",344.0,344.0,344.0,USA:HI,environmental-water; sewage,sewage,environmental-water,2010.0,"[0.536, 0.267, 0.197]","[17, 1415, 2664, 2664, 2664, 2664, 2664, 2665, 2665, 2665, 2665]","[0, 1, 2, 2, 0, 2, 2, 0, 0, 0, 0]",generalist,env_water,USA:HI,sewage_hi
Sewage_HI,16,16,1415,2666,0.5,0.0,SAMN14125159,"serotype=Takoradi or Bargny,""antigen_formula=8:i:1,5""",344.0,344.0,344.0,USA:HI,environmental-water; sewage,sewage,environmental-water,2010.0,"[0.536, 0.267, 0.197]","[16, 1415, 2666, 2666, 2666, 2667, 2667, 2667, 2667, 2667, 2667]","[0, 1, 2, 2, 2, 2, 0, 2, 0, 0, 0]",generalist,env_water,USA:HI,sewage_hi
Sewage_HI,16,16,1415,2666,0.5,0.0,SAMN14125511,"serotype=Takoradi or Bargny,""antigen_formula=8:i:1,5""",344.0,344.0,344.0,USA:HI,environmental-water; sewage,sewage,environmental-water,2010.0,"[0.536, 0.267, 0.197]","[16, 1415, 2666, 2666, 2666, 2667, 2667, 2667, 2667, 2667, 2667]","[0, 1, 2, 2, 2, 2, 0, 2, 0, 0, 0]",generalist,env_water,USA:HI,sewage_hi
Sewage_HI,16,16,1415,2666,0.5,0.0,SAMN14125642,"serotype=Takoradi or Bargny,""antigen_formula=8:i:1,5""",344.0,344.0,344.0,USA:HI,environmental-water; sewage,sewage,environmental-water,2010.0,"[0.536, 0.267, 0.197]","[16, 1415, 2666, 2666, 2666, 2667, 2667, 2667, 2667, 2667, 2667]","[0, 1, 2, 2, 2, 2, 0, 2, 0, 0, 0]",generalist,env_water,USA:HI,sewage_hi
Sewage_HI,18,18,1415,2665,0.5,0.0,SAMN14125651,"serotype=Takoradi or Bargny,""antigen_formula=8:i:1,5""",344.0,344.0,344.0,USA:HI,environmental-water; sewage,sewage,environmental-water,2010.0,"[0.536, 0.267, 0.197]","[18, 1415, 2665, 2665, 2666, 2666, 2666, 2666, 2666, 2666, 2666]","[0, 1, 2, 2, 2, 2, 2, 0, 0, 2, 2]",generalist,env_water,USA:HI,sewage_hi
Sewage_HI,49,49,64,63,0.6,0.0,SAMN14125676,"serotype=Oranienburg,""antigen_formula=7:m,t:-""",225395.0,225395.0,225395.0,USA:HI,environmental-water; sewage,sewage,environmental-water,2010.0,"[0.899, 0.049, 0.052]","[49, 53, 58, 59, 59, 62, 63, 64, 64, 64, 64]","[0, 0, 0, 0, 0, 0, 2, 2, 1, 0, 2]",wild animal,env_water,USA:HI,sewage_hi
Water_Delmarva,10,486,13,10,0.54,2.0,SAMN02900292,"serotype=Javiana,""antigen_formula=9:l,z28:1,5""",634.0,590.0,590.0,USA:VA,water,water,environmental-water,2012.0,"[0.008, 0.044, 0.949]","[10, 13, 14, 15, 15, 16, 38, 116, 286, 287, 303]","[2, 1, 2, 1, 2, 2, 2, 1, 1, 1, 2]",swine,env_water,USA:VA,water_appalachian
Water_Delmarva,4,29,4,32,1.0,1.0,SAMN02900293,"serotype=Senftenberg,""antigen_formula=1,3,19:g,s,t:-""",6239.0,4700.0,42.0,USA:VA,water,water,environmental-water,2012.0,"[0.006, 0.988, 0.006]","[4, 4, 5, 7, 8, 9, 10, 10, 10, 16, 26]","[1, 1, 1, 1, 1, 1, 1, 1, 1, 1, 1]",poultry,env_water,USA:VA,water_appalachian
Water_Delmarva,30,30,34,34,0.49,0.0,SAMN02900304,"serotype=Lille,""antigen_formula=7:z38:-""",18731.0,18731.0,18731.0,USA:VA,sediment,sediment,environmental-water,2012.0,"[0.379, 0.305, 0.317]","[30, 34, 34, 78, 80, 82, 83, 83, 84, 86, 88]","[0, 2, 1, 1, 0, 1, 1, 1, 1, 2, 0]",generalist,env_water,USA:VA,water_appalachian
Water_Delmarva,12,488,14,12,0.5,2.0,SAMN02900309,"serotype=Javiana,""antigen_formula=9:l,z28:1,5""",590.0,590.0,590.0,USA:VA,sediment,sediment,environmental-water,2012.0,"[0.008, 0.044, 0.949]","[12, 14, 16, 16, 17, 18, 38, 116, 287, 288, 303]","[2, 1, 2, 1, 2, 2, 2, 1, 1, 1, 2]",generalist,env_water,USA:VA,water_appalachian
Water_Delmarva,167,167,795,527,1.0,0.0,SAMN02900313,"serotype=Bareilly,""antigen_formula=7:y:1,5""",16970.0,16969.0,16969.0,USA:VA,sediment,sediment,environmental-water,2012.0,"[0.911, 0.035, 0.054]","[167, 175, 189, 527, 615, 783, 795, 795, 795, 795, 795]","[0, 0, 0, 2, 0, 0, 1, 2, 1, 2, 0]",wild animal,env_water,USA:VA,water_appalachian
Water_Delmarva,165,165,794,526,1.0,0.0,SAMN02900315,"serotype=Bareilly,""antigen_formula=7:y:1,5""",16970.0,16969.0,16969.0,USA:VA,sediment,sediment,environmental-water,2012.0,"[0.911, 0.035, 0.054]","[165, 173, 187, 526, 614, 782, 794, 794, 794, 794, 794]","[0, 0, 0, 2, 0, 0, 2, 1, 0, 1, 2]",wild animal,env_water,USA:VA,water_appalachian
Water_Delmarva,23,23,32,33,0.56,0.0,SAMN02900324,"serotype=Typhimurium,""antigen_formula=4:i:1,2""",18748.0,18748.0,92.0,USA:VA,water,water,environmental-water,2012.0,"[0.792, 0.115, 0.093]","[23, 32, 33, 33, 33, 37, 37, 38, 38, 41, 43]","[0, 1, 2, 0, 0, 1, 0, 1, 0, 0, 1]",bovine,env_water,USA:VA,water_appalachian
Water_Delmarva,9,24,9,35,1.0,1.0,SAMN02900338,"serotype=Typhimurium,""antigen_formula=4:i:1,2""",18756.0,18756.0,13.0,USA:VA,water,water,environmental-water,2012.0,"[0.063, 0.873, 0.063]","[9, 10, 11, 12, 14, 15, 15, 15, 15, 15, 16]","[1, 1, 1, 1, 1, 1, 1, 1, 1, 1, 1]",poultry,env_water,USA:VA,water_appalachian
Water_Delmarva,9,24,9,35,1.0,1.0,SAMN02900339,"serotype=Typhimurium,""antigen_formula=4:i:1,2""",18756.0,18756.0,13.0,USA:VA,water,water,environmental-water,2012.0,"[0.063, 0.873, 0.063]","[9, 10, 11, 12, 14, 15, 15, 15, 15, 15, 16]","[1, 1, 1, 1, 1, 1, 1, 1, 1, 1, 1]",poultry,env_water,USA:VA,water_appalachian
Water_Delmarva,8,12,9,8,0.5,2.0,SAMN02900341,"serotype=Infantis,""antigen_formula=7:r:1,5""",638.0,638.0,638.0,USA:VA,water,water,environmental-water,2012.0,"[0.024, 0.061, 0.915]","[8, 9, 9, 9, 9, 10, 11, 11, 11, 12, 12]","[2, 2, 1, 1, 2, 2, 2, 2, 2, 0, 1]",generalist,env_water,USA:VA,water_appalachian
Water_Delmarva,8,12,9,8,0.5,2.0,SAMN02900344,"serotype=Infantis,""antigen_formula=7:r:1,5""",638.0,638.0,638.0,USA:VA,water,water,environmental-water,2012.0,"[0.024, 0.061, 0.915]","[8, 9, 9, 9, 9, 10, 11, 11, 11, 12, 12]","[2, 2, 1, 1, 2, 2, 2, 2, 2, 0, 1]",generalist,env_water,USA:VA,water_appalachian
Water_Delmarva,168,168,798,528,1.0,0.0,SAMN02900351,"serotype=Bareilly,""antigen_formula=7:y:1,5""",18740.0,16969.0,16969.0,USA:VA,water,water,environmental-water,2012.0,"[0.911, 0.035, 0.054]","[168, 176, 190, 528, 618, 786, 797, 798, 798, 798, 798]","[0, 0, 0, 2, 0, 0, 0, 2, 2, 1, 1]",wild animal,env_water,USA:VA,water_appalachian
Water_Delmarva,11,487,14,11,0.53,2.0,SAMN02900360,"serotype=Javiana,""antigen_formula=9:l,z28:1,5""",634.0,590.0,590.0,USA:VA,water,water,environmental-water,2012.0,"[0.008, 0.044, 0.949]","[11, 14, 15, 16, 16, 17, 39, 117, 287, 288, 304]","[2, 1, 2, 1, 2, 2, 2, 1, 1, 1, 2]",generalist,env_water,USA:VA,water_appalachian
Water_Delmarva,56,56,78,77,0.64,0.0,SAMN02900384,"serotype=Oranienburg,""antigen_formula=7:m,t:-""",18549.0,18549.0,18549.0,USA:VA,sediment,sediment,environmental-water,2012.0,"[0.751, 0.13, 0.119]","[56, 61, 77, 78, 78, 79, 79, 80, 81, 82, 82]","[0, 0, 2, 1, 1, 0, 0, 1, 1, 1, 2]",wild animal,env_water,USA:VA,water_appalachian
Water_Delmarva,164,164,794,525,1.0,0.0,SAMN02900290,"serotype=Bareilly,""antigen_formula=7:y:1,5""",18791.0,16969.0,16969.0,USA:VA,water,water,environmental-water,2012.0,"[0.911, 0.035, 0.054]","[164, 172, 186, 525, 615, 782, 793, 794, 794, 794, 794]","[0, 0, 0, 2, 0, 0, 0, 1, 2, 2, 1]",wild animal,env_water,USA:VA,water_appalachian
Water_Delmarva,166,166,796,526,1.0,0.0,SAMN02900291,"serotype=Bareilly,""antigen_formula=7:y:1,5""",16970.0,16969.0,16969.0,USA:VA,water,water,environmental-water,2012.0,"[0.912, 0.035, 0.053]","[166, 174, 187, 526, 614, 783, 796, 796, 796, 796, 796]","[0, 0, 0, 2, 0, 0, 2, 1, 1, 2, 0]",wild animal,env_water,USA:VA,water_appalachian
Water_Delmarva,8,8,8,9,0.56,0.0,SAMN02900299,"serotype=Thompson,""antigen_formula=7:k:1,5""",18725.0,119.0,119.0,USA:VA,sediment,sediment,environmental-water,2012.0,"[0.701, 0.163, 0.136]","[8, 8, 9, 9, 10, 10, 10, 11, 11, 11, 11]","[0, 1, 2, 0, 0, 0, 1, 0, 0, 1, 0]",bovine,env_water,USA:VA,water_appalachian
Water_Delmarva,8,8,8,9,0.56,0.0,SAMN02900301,"serotype=Thompson,""antigen_formula=7:k:1,5""",18725.0,119.0,119.0,USA:VA,sediment,sediment,environmental-water,2012.0,"[0.701, 0.163, 0.136]","[8, 8, 9, 9, 10, 10, 10, 11, 11, 11, 11]","[0, 1, 2, 0, 0, 0, 1, 0, 0, 1, 1]",bovine,env_water,USA:VA,water_appalachian
Water_Delmarva,12,488,14,12,0.5,2.0,SAMN02900303,"serotype=Javiana,""antigen_formula=9:l,z28:1,5""",590.0,590.0,590.0,USA:VA,sediment,sediment,environmental-water,2012.0,"[0.008, 0.044, 0.949]","[12, 14, 16, 16, 17, 18, 38, 116, 287, 288, 303]","[2, 1, 1, 2, 2, 2, 2, 1, 1, 1, 2]",generalist,env_water,USA:VA,water_appalachian
Water_Delmarva,12,488,14,12,0.5,2.0,SAMN02900305,"serotype=Javiana,""antigen_formula=9:l,z28:1,5""",590.0,590.0,590.0,USA:VA,sediment,sediment,environmental-water,2012.0,"[0.008, 0.044, 0.949]","[12, 14, 16, 16, 17, 18, 38, 116, 287, 288, 303]","[2, 1, 1, 2, 2, 2, 2, 1, 1, 1, 2]",generalist,env_water,USA:VA,water_appalachian
Water_Delmarva,30,30,34,34,0.49,0.0,SAMN02900308,"serotype=Lille,""antigen_formula=7:z38:-""",18731.0,18731.0,18731.0,USA:VA,sediment,sediment,environmental-water,2012.0,"[0.379, 0.305, 0.317]","[30, 34, 34, 78, 80, 82, 83, 83, 84, 86, 88]","[0, 2, 1, 1, 0, 1, 1, 1, 1, 2, 0]",generalist,env_water,USA:VA,water_appalachian
Water_Delmarva,12,488,14,12,0.5,2.0,SAMN02900310,"serotype=Javiana,""antigen_formula=9:l,z28:1,5""",590.0,590.0,590.0,USA:VA,sediment,sediment,environmental-water,2012.0,"[0.008, 0.044, 0.949]","[12, 14, 16, 16, 17, 18, 38, 116, 287, 288, 303]","[2, 1, 1, 2, 2, 2, 2, 1, 1, 1, 2]",generalist,env_water,USA:VA,water_appalachian
Water_Delmarva,165,165,795,526,1.0,0.0,SAMN02900316,"serotype=Bareilly,""antigen_formula=7:y:1,5""",16970.0,16969.0,16969.0,USA:VA,sediment,sediment,environmental-water,2012.0,"[0.911, 0.035, 0.054]","[165, 173, 187, 526, 614, 783, 795, 795, 795, 795, 795]","[0, 0, 0, 2, 0, 0, 2, 1, 0, 2, 1]",wild animal,env_water,USA:VA,water_appalachian
Water_Delmarva,165,165,794,526,1.0,0.0,SAMN02900318,"serotype=Bareilly,""antigen_formula=7:y:1,5""",16970.0,16969.0,16969.0,USA:VA,sediment,sediment,environmental-water,2012.0,"[0.911, 0.035, 0.054]","[165, 173, 187, 526, 614, 783, 794, 794, 794, 794, 794]","[0, 0, 0, 2, 0, 0, 2, 1, 1, 2, 0]",wild animal,env_water,USA:VA,water_appalachian
Water_Delmarva,23,23,32,33,0.56,0.0,SAMN02900319,"serotype=Typhimurium,""antigen_formula=4:i:1,2""",18748.0,18748.0,92.0,USA:VA,water,water,environmental-water,2012.0,"[0.792, 0.115, 0.093]","[23, 32, 33, 33, 33, 37, 37, 38, 38, 41, 43]","[0, 1, 2, 0, 0, 1, 0, 1, 0, 0, 1]",bovine,env_water,USA:VA,water_appalachian
Water_Delmarva,23,23,32,33,0.56,0.0,SAMN02900323,"serotype=Typhimurium,""antigen_formula=4:i:1,2""",18748.0,18748.0,92.0,USA:VA,water,water,environmental-water,2012.0,"[0.792, 0.115, 0.093]","[23, 32, 33, 33, 33, 37, 37, 38, 38, 41, 43]","[0, 1, 2, 0, 0, 1, 0, 1, 0, 0, 1]",bovine,env_water,USA:VA,water_appalachian
Water_Delmarva,310,323,310,321,0.93,2.0,SAMN02900325,"serotype=Rubislaw,""antigen_formula=11:r:e,n,x""",18801.0,18801.0,18801.0,USA:VA,water,water,environmental-water,2012.0,"[0.24, 0.159, 0.602]","[310, 321, 323, 573, 1330, 1345, 1382, 1385, 1598, 1599, 1597]","[1, 2, 0, 2, 1, 0, 2, 2, 0, 2, 2]",wild animal,env_water,USA:VA,water_appalachian
Water_Delmarva,16,490,18,16,0.5,2.0,SAMN02900326,"serotype=Javiana,""antigen_formula=9:l,z28:1,5""",590.0,590.0,590.0,USA:VA,water,water,environmental-water,2012.0,"[0.008, 0.044, 0.949]","[16, 18, 20, 20, 21, 22, 42, 119, 291, 292, 307]","[2, 1, 2, 1, 2, 2, 2, 1, 1, 1, 2]",generalist,env_water,USA:VA,water_appalachian
Water_Delmarva,19,493,21,19,0.5,2.0,SAMN02900327,"serotype=Javiana,""antigen_formula=9:l,z28:1,5""",590.0,590.0,590.0,USA:VA,water,water,environmental-water,2012.0,"[0.008, 0.044, 0.949]","[19, 21, 23, 23, 24, 25, 45, 122, 294, 295, 310]","[2, 1, 1, 2, 2, 2, 2, 1, 1, 1, 2]",generalist,env_water,USA:VA,water_appalachian
Water_Delmarva,16,490,18,16,0.5,2.0,SAMN02900328,"serotype=I 2:l,z28:1,5,""antigen_formula=2:l,z28:1,5""",590.0,590.0,590.0,USA:VA,water,water,environmental-water,2012.0,"[0.008, 0.044, 0.949]","[16, 18, 20, 20, 21, 22, 42, 119, 291, 292, 307]","[2, 1, 2, 1, 2, 2, 2, 1, 1, 1, 2]",generalist,env_water,USA:VA,water_appalachian
Water_Delmarva,16,490,18,16,0.5,2.0,SAMN02900332,"serotype=Javiana,""antigen_formula=9:l,z28:1,5""",590.0,590.0,590.0,USA:VA,water,water,environmental-water,2012.0,"[0.008, 0.044, 0.949]","[16, 18, 20, 20, 21, 22, 42, 119, 291, 292, 307]","[2, 1, 2, 1, 2, 2, 2, 1, 1, 1, 2]",generalist,env_water,USA:VA,water_appalachian
Water_Delmarva,8,12,9,8,0.5,2.0,SAMN02900343,"serotype=Infantis,""antigen_formula=7:r:1,5""",638.0,638.0,638.0,USA:VA,water,water,environmental-water,2012.0,"[0.024, 0.061, 0.915]","[8, 9, 9, 9, 9, 10, 11, 11, 11, 12, 12]","[2, 1, 1, 2, 2, 2, 2, 2, 2, 0, 1]",generalist,env_water,USA:VA,water_appalachian
Water_Delmarva,8,12,9,8,0.5,2.0,SAMN02900345,"serotype=Infantis,""antigen_formula=7:r:1,5""",638.0,638.0,638.0,USA:VA,water,water,environmental-water,2012.0,"[0.024, 0.061, 0.915]","[8, 9, 9, 9, 9, 10, 11, 11, 11, 12, 12]","[2, 1, 1, 2, 2, 2, 2, 2, 2, 0, 1]",generalist,env_water,USA:VA,water_appalachian
Water_Delmarva,8,12,9,8,0.5,2.0,SAMN02900346,"serotype=Infantis,""antigen_formula=7:r:1,5""",638.0,638.0,638.0,USA:VA,water,water,environmental-water,2012.0,"[0.024, 0.061, 0.915]","[8, 9, 9, 9, 9, 10, 11, 11, 11, 12, 12]","[2, 1, 2, 1, 2, 2, 2, 2, 2, 0, 1]",generalist,env_water,USA:VA,water_appalachian
Water_Delmarva,8,12,9,8,0.5,2.0,SAMN02900347,"serotype=Infantis,""antigen_formula=7:r:1,5""",638.0,638.0,638.0,USA:VA,water,water,environmental-water,2012.0,"[0.024, 0.061, 0.915]","[8, 9, 9, 9, 9, 10, 11, 11, 11, 12, 12]","[2, 1, 1, 2, 2, 2, 2, 2, 2, 0, 1]",generalist,env_water,USA:VA,water_appalachian
Water_Delmarva,168,168,797,528,1.0,0.0,SAMN02900349,"serotype=Bareilly,""antigen_formula=7:y:1,5""",18740.0,16969.0,16969.0,USA:VA,water,water,environmental-water,2012.0,"[0.911, 0.035, 0.054]","[168, 176, 190, 528, 618, 785, 796, 797, 797, 797, 797]","[0, 0, 0, 2, 0, 0, 0, 2, 0, 2, 1]",wild animal,env_water,USA:VA,water_appalachian
Water_Delmarva,11,487,14,11,0.53,2.0,SAMN02900359,"serotype=Javiana,""antigen_formula=9:l,z28:1,5""",634.0,590.0,590.0,USA:VA,water,water,environmental-water,2012.0,"[0.008, 0.044, 0.949]","[11, 14, 15, 16, 16, 17, 39, 117, 287, 288, 304]","[2, 1, 2, 1, 2, 2, 2, 1, 1, 1, 2]",generalist,env_water,USA:VA,water_appalachian
Water_Delmarva,10,14,11,10,0.5,2.0,SAMN02900365,"serotype=Infantis,""antigen_formula=7:r:1,5""",638.0,638.0,638.0,USA:VA,sediment,sediment,environmental-water,2012.0,"[0.024, 0.061, 0.915]","[10, 11, 11, 11, 11, 12, 13, 13, 13, 14, 14]","[2, 1, 1, 2, 2, 2, 2, 2, 2, 0, 1]",generalist,env_water,USA:VA,water_appalachian
Water_Delmarva,10,14,11,10,0.5,2.0,SAMN02900366,"serotype=Infantis,""antigen_formula=7:r:1,5""",638.0,638.0,638.0,USA:VA,sediment,sediment,environmental-water,2012.0,"[0.024, 0.061, 0.915]","[10, 11, 11, 11, 11, 12, 13, 13, 13, 14, 14]","[2, 1, 1, 2, 2, 2, 2, 2, 2, 0, 1]",generalist,env_water,USA:VA,water_appalachian
Water_Delmarva,10,14,11,10,0.5,2.0,SAMN02900369,"serotype=Infantis,""antigen_formula=7:r:1,5""",638.0,638.0,638.0,USA:VA,sediment,sediment,environmental-water,2012.0,"[0.024, 0.061, 0.915]","[10, 11, 11, 11, 11, 12, 13, 13, 13, 14, 14]","[2, 1, 1, 2, 2, 2, 2, 2, 2, 0, 1]",generalist,env_water,USA:VA,water_appalachian
Water_Delmarva,8,8,8,9,0.56,0.0,SAMN02900294,"serotype=Thompson,""antigen_formula=7:k:1,5""",18725.0,119.0,119.0,USA:VA,sediment,sediment,environmental-water,2012.0,"[0.701, 0.163, 0.136]","[8, 8, 9, 9, 10, 10, 10, 11, 11, 11, 11]","[0, 1, 2, 0, 0, 0, 1, 0, 0, 1, 1]",bovine,env_water,USA:VA,water_appalachian
Water_Delmarva,8,8,8,9,0.56,0.0,SAMN02900295,"serotype=Thompson,""antigen_formula=7:k:1,5""",18725.0,119.0,119.0,USA:VA,sediment,sediment,environmental-water,2012.0,"[0.701, 0.163, 0.136]","[8, 8, 9, 9, 10, 10, 10, 11, 11, 11, 11]","[0, 1, 2, 0, 0, 0, 1, 0, 0, 1, 1]",bovine,env_water,USA:VA,water_appalachian
Water_Delmarva,8,8,8,9,0.56,0.0,SAMN02900296,"serotype=Thompson,""antigen_formula=7:k:1,5""",18725.0,119.0,119.0,USA:VA,sediment,sediment,environmental-water,2012.0,"[0.701, 0.163, 0.136]","[8, 8, 9, 9, 10, 10, 10, 11, 11, 11, 11]","[0, 1, 2, 0, 0, 0, 1, 0, 0, 1, 1]",bovine,env_water,USA:VA,water_appalachian
Water_Delmarva,8,8,8,9,0.56,0.0,SAMN02900297,"serotype=Thompson,""antigen_formula=7:k:1,5""",18725.0,119.0,119.0,USA:VA,sediment,sediment,environmental-water,2012.0,"[0.687, 0.173, 0.14]","[8, 8, 9, 9, 10, 10, 10, 11, 11, 11, 11]","[1, 0, 0, 2, 0, 0, 1, 1, 1, 0, 0]",bovine,env_water,USA:VA,water_appalachian
Water_Delmarva,8,8,8,9,0.56,0.0,SAMN02900300,"serotype=Thompson,""antigen_formula=7:k:1,5""",18725.0,119.0,119.0,USA:VA,sediment,sediment,environmental-water,2012.0,"[0.701, 0.163, 0.136]","[8, 8, 9, 9, 10, 10, 10, 11, 11, 11, 11]","[0, 1, 2, 0, 0, 0, 1, 0, 0, 1, 1]",bovine,env_water,USA:VA,water_appalachian
Water_Delmarva,9,9,9,10,0.55,0.0,SAMN02900302,,18725.0,119.0,119.0,USA:VA,sediment,sediment,environmental-water,2012.0,"[0.687, 0.173, 0.14]","[9, 9, 10, 10, 11, 11, 11, 12, 12, 12, 12]","[1, 0, 0, 2, 0, 0, 1, 1, 1, 0, 0]",bovine,env_water,USA:VA,water_appalachian
Water_Delmarva,30,30,34,34,0.49,0.0,SAMN02900306,"serotype=Lille,""antigen_formula=7:z38:-""",18731.0,18731.0,18731.0,USA:VA,sediment,sediment,environmental-water,2012.0,"[0.379, 0.305, 0.317]","[30, 34, 34, 78, 80, 82, 83, 83, 84, 86, 88]","[0, 2, 1, 1, 0, 1, 1, 1, 1, 2, 0]",generalist,env_water,USA:VA,water_appalachian
Water_Delmarva,30,30,34,34,0.49,0.0,SAMN02900307,"serotype=Lille,""antigen_formula=7:z38:-""",18731.0,18731.0,18731.0,USA:VA,sediment,sediment,environmental-water,2012.0,"[0.379, 0.305, 0.317]","[30, 34, 34, 78, 80, 82, 83, 83, 84, 86, 88]","[0, 2, 1, 1, 0, 1, 1, 1, 1, 2, 0]",generalist,env_water,USA:VA,water_appalachian
Water_Delmarva,12,488,14,12,0.5,2.0,SAMN02900311,"serotype=Javiana,""antigen_formula=9:l,z28:1,5""",590.0,590.0,590.0,USA:VA,sediment,sediment,environmental-water,2012.0,"[0.008, 0.044, 0.949]","[12, 14, 16, 16, 17, 18, 38, 116, 287, 288, 303]","[2, 1, 1, 2, 2, 2, 2, 1, 1, 1, 2]",generalist,env_water,USA:VA,water_appalachian
Water_Delmarva,165,165,794,526,1.0,0.0,SAMN02900312,"serotype=Bareilly,""antigen_formula=7:y:1,5""",16970.0,16969.0,16969.0,USA:VA,sediment,sediment,environmental-water,2012.0,"[0.911, 0.035, 0.054]","[165, 173, 187, 526, 614, 782, 794, 794, 794, 794, 794]","[0, 0, 0, 2, 0, 0, 2, 1, 0, 2, 1]",wild animal,env_water,USA:VA,water_appalachian
Water_Delmarva,165,165,795,526,1.0,0.0,SAMN02900314,"serotype=Bareilly,""antigen_formula=7:y:1,5""",16970.0,16969.0,16969.0,USA:VA,sediment,sediment,environmental-water,2012.0,"[0.911, 0.035, 0.054]","[165, 173, 187, 526, 614, 783, 795, 795, 795, 795, 795]","[0, 0, 0, 2, 0, 0, 2, 1, 0, 2, 1]",wild animal,env_water,USA:VA,water_appalachian
Water_Delmarva,165,165,795,526,1.0,0.0,SAMN02900317,"serotype=Bareilly,""antigen_formula=7:y:1,5""",16970.0,16969.0,16969.0,USA:VA,sediment,sediment,environmental-water,2012.0,"[0.911, 0.035, 0.054]","[165, 173, 187, 526, 614, 783, 795, 795, 795, 795, 795]","[0, 0, 0, 2, 0, 0, 2, 1, 0, 2, 1]",wild animal,env_water,USA:VA,water_appalachian
Water_Delmarva,311,323,311,321,0.93,2.0,SAMN02900320,"serotype=Rubislaw,""antigen_formula=11:r:e,n,x""",18801.0,18801.0,18801.0,USA:VA,water,water,environmental-water,2012.0,"[0.239, 0.159, 0.602]","[311, 321, 323, 573, 1334, 1350, 1386, 1389, 1601, 1602, 1600]","[1, 2, 0, 2, 1, 0, 2, 2, 0, 2, 2]",wild animal,env_water,USA:VA,water_appalachian
Water_Delmarva,311,323,311,321,0.93,2.0,SAMN02900321,"serotype=Rubislaw,""antigen_formula=11:r:e,n,x""",18801.0,18801.0,18801.0,USA:VA,water,water,environmental-water,2012.0,"[0.239, 0.159, 0.602]","[311, 321, 323, 573, 1334, 1350, 1385, 1389, 1601, 1602, 1600]","[1, 2, 0, 2, 1, 0, 2, 2, 0, 2, 2]",wild animal,env_water,USA:VA,water_appalachian
Water_Delmarva,16,490,18,16,0.5,2.0,SAMN02900329,"serotype=Javiana,""antigen_formula=9:l,z28:1,5""",590.0,590.0,590.0,USA:VA,water,water,environmental-water,2012.0,"[0.008, 0.044, 0.949]","[16, 18, 20, 20, 21, 22, 42, 119, 291, 292, 307]","[2, 1, 2, 1, 2, 2, 2, 1, 1, 1, 2]",generalist,env_water,USA:VA,water_appalachian
Water_Delmarva,8,12,9,8,0.5,2.0,SAMN02900340,"serotype=Infantis,""antigen_formula=7:r:1,5""",638.0,638.0,638.0,USA:VA,water,water,environmental-water,2012.0,"[0.024, 0.061, 0.915]","[8, 9, 9, 9, 9, 10, 11, 11, 11, 12, 12]","[2, 2, 1, 1, 2, 2, 2, 2, 2, 0, 1]",generalist,env_water,USA:VA,water_appalachian
Water_Delmarva,164,164,2131,2052,1.0,0.0,SAMN02900348,"serotype=IIIb 38:(k):z35,""antigen_formula=38:k:z35""",18837.0,18837.0,18837.0,USA:VA,water,water,environmental-water,2012.0,"[0.821, 0.088, 0.091]","[164, 179, 1973, 2006, 2026, 2052, 2051, 2089, 2116, 2124, 2122]","[0, 0, 0, 0, 0, 2, 0, 0, 0, 0, 0]",wild animal,env_water,USA:VA,water_appalachian
Water_Delmarva,168,168,798,528,1.0,0.0,SAMN02900350,"serotype=Bareilly,""antigen_formula=7:y:1,5""",18740.0,16969.0,16969.0,USA:VA,water,water,environmental-water,2012.0,"[0.911, 0.035, 0.054]","[168, 176, 190, 528, 618, 786, 797, 798, 798, 798, 798]","[0, 0, 0, 2, 0, 0, 0, 1, 2, 2, 1]",wild animal,env_water,USA:VA,water_appalachian
Water_Delmarva,11,487,14,11,0.53,2.0,SAMN02900358,"serotype=Javiana,""antigen_formula=9:l,z28:1,5""",634.0,590.0,590.0,USA:VA,water,water,environmental-water,2012.0,"[0.008, 0.044, 0.949]","[11, 14, 15, 16, 16, 17, 39, 117, 287, 288, 304]","[2, 1, 2, 1, 2, 2, 2, 1, 1, 1, 2]",generalist,env_water,USA:VA,water_appalachian
Water_Delmarva,56,56,78,77,0.64,0.0,SAMN02900382,"serotype=Oranienburg,""antigen_formula=7:m,t:-""",18549.0,18549.0,18549.0,USA:VA,sediment,sediment,environmental-water,2012.0,"[0.751, 0.13, 0.119]","[56, 61, 77, 78, 78, 79, 79, 80, 81, 82, 82]","[0, 0, 2, 1, 1, 0, 0, 1, 1, 1, 2]",wild animal,env_water,USA:VA,water_appalachian
Water_Delmarva,56,56,78,77,0.64,0.0,SAMN02900383,"serotype=Oranienburg,""antigen_formula=7:m,t:-""",18549.0,18549.0,18549.0,USA:VA,sediment,sediment,environmental-water,2012.0,"[0.751, 0.13, 0.119]","[56, 61, 77, 78, 78, 79, 79, 80, 81, 82, 82]","[0, 0, 2, 1, 1, 0, 0, 1, 1, 1, 2]",wild animal,env_water,USA:VA,water_appalachian
Water_Delmarva,11,487,13,11,0.5,2.0,SAMN03069615,"serotype=Javiana,""antigen_formula=9:l,z28:1,5""",590.0,590.0,590.0,USA:VA,water,water,environmental-water,2014.0,"[0.008, 0.044, 0.949]","[11, 13, 15, 15, 16, 17, 37, 115, 286, 287, 302]","[2, 1, 1, 2, 2, 2, 2, 1, 1, 1, 2]",generalist,env_water,USA:VA,water_appalachian
Water_Delmarva,12,488,15,12,0.53,2.0,SAMN03069695,"serotype=Javiana,""antigen_formula=9:l,z28:1,5""",634.0,590.0,590.0,USA:VA,water (10 gal),water gallon,environmental-water,2014.0,"[0.008, 0.044, 0.949]","[12, 15, 16, 17, 17, 18, 40, 118, 288, 289, 305]","[2, 1, 2, 1, 2, 2, 2, 1, 1, 1, 2]",generalist,env_water,USA:VA,water_appalachian
Water_Delmarva,12,12,16,20,0.61,0.0,SAMN03069660,"serotype=Braenderup,""antigen_formula=7:e,h:e,n,z15""",19188.0,9506.0,185.0,USA:VA,water (10 gal),water gallon,environmental-water,2014.0,"[0.78, 0.162, 0.058]","[12, 14, 14, 16, 17, 18, 18, 18, 19, 20, 20]","[0, 0, 0, 1, 1, 1, 1, 1, 0, 1, 1]",bovine,env_water,USA:VA,water_appalachian
Water_Delmarva,168,168,798,528,1.0,0.0,SAMN03069646,"serotype=Bareilly,""antigen_formula=7:y:1,5""",18740.0,16969.0,16969.0,USA:VA,water,water,environmental-water,2014.0,"[0.911, 0.035, 0.054]","[168, 176, 190, 528, 618, 786, 797, 798, 798, 798, 798]","[0, 0, 0, 2, 0, 0, 0, 2, 2, 1, 1]",wild animal,env_water,USA:VA,water_appalachian
Water_Delmarva,11,487,13,11,0.5,2.0,SAMN03069649,"serotype=Javiana,""antigen_formula=9:l,z28:1,5""",590.0,590.0,590.0,USA:VA,water,water,environmental-water,2014.0,"[0.008, 0.044, 0.949]","[11, 13, 15, 15, 16, 17, 37, 115, 286, 287, 302]","[2, 1, 1, 2, 2, 2, 2, 1, 1, 1, 2]",generalist,env_water,USA:VA,water_appalachian
Water_Delmarva,20,33,20,32,0.78,1.0,SAMN03069621,"serotype=Schwarzengrund,""antigen_formula=4:d:1,7""",19190.0,19190.0,380.0,USA:VA,water,water,environmental-water,2014.0,"[0.073, 0.855, 0.073]","[20, 21, 22, 22, 22, 22, 22, 22, 22, 23, 23]","[1, 1, 1, 1, 1, 1, 1, 1, 1, 1, 1]",poultry,env_water,USA:VA,water_appalachian
Water_Delmarva,168,168,798,528,1.0,0.0,SAMN03069643,"serotype=Bareilly,""antigen_formula=7:y:1,5""",18740.0,16969.0,16969.0,USA:VA,water,water,environmental-water,2014.0,"[0.911, 0.035, 0.054]","[168, 176, 190, 528, 618, 786, 797, 798, 798, 798, 798]","[0, 0, 0, 2, 0, 0, 0, 2, 2, 1, 1]",wild animal,env_water,USA:VA,water_appalachian
Water_Delmarva,12,487,14,12,0.5,2.0,SAMN03069708,"serotype=Javiana,""antigen_formula=9:l,z28:1,5""",590.0,590.0,590.0,USA:VA,sediment,sediment,environmental-water,2014.0,"[0.008, 0.043, 0.949]","[12, 14, 16, 16, 17, 18, 37, 115, 286, 287, 302]","[2, 1, 1, 2, 2, 2, 2, 1, 1, 1, 2]",generalist,env_water,USA:VA,water_appalachian
Water_Delmarva,12,488,14,12,0.5,2.0,SAMN03069616,"serotype=Javiana,""antigen_formula=9:l,z28:1,5""",590.0,590.0,590.0,USA:VA,water,water,environmental-water,2014.0,"[0.008, 0.044, 0.949]","[12, 14, 16, 16, 17, 18, 38, 116, 287, 288, 303]","[2, 1, 2, 1, 2, 2, 2, 1, 1, 1, 2]",generalist,env_water,USA:VA,water_appalachian
Water_Delmarva,15,15,15,16,0.53,0.0,SAMN03069656,"serotype=Thompson,""antigen_formula=7:k:1,5""",19195.0,19195.0,119.0,USA:VA,sediment,sediment,environmental-water,2014.0,"[0.701, 0.163, 0.136]","[15, 15, 16, 16, 17, 17, 17, 18, 18, 18, 18]","[0, 1, 0, 2, 0, 0, 1, 1, 0, 0, 1]",generalist,env_water,USA:VA,water_appalachian
Water_Delmarva,12,12,16,20,0.61,0.0,SAMN03069657,"serotype=Braenderup,""antigen_formula=7:e,h:e,n,z15""",19188.0,9506.0,185.0,USA:VA,water (10 gal),water gallon,environmental-water,2014.0,"[0.78, 0.162, 0.058]","[12, 14, 14, 16, 17, 18, 18, 18, 19, 20, 20]","[0, 0, 0, 1, 1, 1, 1, 1, 0, 1, 1]",bovine,env_water,USA:VA,water_appalachian
Water_Delmarva,78,78,78,78,0.49,0.0,SAMN03069669,"serotype=Norwich,""antigen_formula=7:e,h:1,6""",639.0,639.0,639.0,USA:VA,water (10 gal),water gallon,environmental-water,2014.0,"[0.463, 0.385, 0.152]","[78, 78, 78, 78, 78, 79, 120, 124, 125, 125, 125]","[1, 1, 2, 0, 1, 0, 0, 0, 0, 0, 1]",wild animal,env_water,USA:VA,water_appalachian
Water_Delmarva,164,164,794,525,1.0,0.0,SAMN03069691,"serotype=Bareilly,""antigen_formula=7:y:1,5""",16969.0,16969.0,16969.0,USA:VA,water (10 gal),water gallon,environmental-water,2014.0,"[0.911, 0.035, 0.054]","[164, 172, 186, 525, 616, 782, 794, 794, 794, 794, 794]","[0, 0, 0, 2, 0, 0, 2, 1, 2, 0, 1]",wild animal,env_water,USA:VA,water_appalachian
Water_Delmarva,11,487,13,11,0.5,2.0,SAMN03069620,"serotype=Javiana,""antigen_formula=9:l,z28:1,5""",590.0,590.0,590.0,USA:VA,water,water,environmental-water,2014.0,"[0.008, 0.044, 0.949]","[11, 13, 15, 15, 16, 17, 37, 115, 286, 287, 302]","[2, 1, 1, 2, 2, 2, 2, 1, 1, 1, 2]",generalist,env_water,USA:VA,water_appalachian
Water_Delmarva,171,172,222,171,0.48,2.0,SAMN03069647,"serotype=Give,""antigen_formula=3,10:l,v:1,7""",19199.0,19199.0,19199.0,USA:VA,water,water,environmental-water,2014.0,"[0.425, 0.122, 0.453]","[171, 172, 181, 185, 185, 185, 185, 185, 185, 185, 186]","[2, 0, 2, 0, 0, 0, 0, 2, 0, 0, 0]",wild animal,env_water,USA:VA,water_appalachian
Water_Delmarva,15,15,15,16,0.53,0.0,SAMN03069655,"serotype=Thompson,""antigen_formula=7:k:1,5""",19195.0,19195.0,119.0,USA:VA,sediment,sediment,environmental-water,2014.0,"[0.701, 0.163, 0.136]","[15, 15, 16, 16, 17, 17, 17, 18, 18, 18, 18]","[0, 1, 0, 2, 0, 0, 1, 1, 0, 0, 1]",generalist,env_water,USA:VA,water_appalachian
Water_Delmarva,8,484,11,8,0.54,2.0,SAMN03069697,"serotype=Javiana,""antigen_formula=9:l,z28:1,5""",634.0,590.0,590.0,USA:VA,water (10 gal),water gallon,environmental-water,2014.0,"[0.008, 0.044, 0.949]","[8, 11, 12, 13, 13, 14, 36, 114, 284, 285, 301]","[2, 1, 2, 1, 2, 2, 2, 1, 1, 1, 2]",swine,env_water,USA:VA,water_appalachian
Water_Delmarva,19,461,19,28,1.0,1.0,SAMN03069715,"serotype=Javiana,""antigen_formula=9:l,z28:1,5""",19202.0,19202.0,19202.0,USA:VA,sediment,sediment,environmental-water,2014.0,"[0.023, 0.917, 0.06]","[19, 19, 19, 20, 28, 55, 57, 302, 304, 305, 305]","[1, 1, 1, 1, 2, 1, 1, 1, 2, 2, 2]",poultry,env_water,USA:VA,water_appalachian
Water_Delmarva,11,487,13,11,0.5,2.0,SAMN03069631,"serotype=Javiana,""antigen_formula=9:l,z28:1,5""",590.0,590.0,590.0,USA:VA,water,water,environmental-water,2014.0,"[0.008, 0.044, 0.949]","[11, 13, 15, 15, 16, 17, 37, 115, 286, 287, 302]","[2, 1, 1, 2, 2, 2, 2, 1, 1, 1, 2]",generalist,env_water,USA:VA,water_appalachian
Water_Delmarva,165,165,794,525,1.0,0.0,SAMN03069716,"serotype=Bareilly,""antigen_formula=7:y:1,5""",16969.0,16969.0,16969.0,USA:VA,sediment,sediment,environmental-water,2014.0,"[0.911, 0.035, 0.054]","[165, 173, 187, 525, 616, 782, 794, 794, 794, 794, 794]","[0, 0, 0, 2, 0, 0, 2, 1, 0, 2, 1]",wild animal,env_water,USA:VA,water_appalachian
Water_Delmarva,12,488,14,12,0.5,2.0,SAMN03069618,"serotype=Javiana,""antigen_formula=9:l,z28:1,5""",590.0,590.0,590.0,USA:VA,water,water,environmental-water,2014.0,"[0.008, 0.044, 0.949]","[12, 14, 16, 16, 17, 18, 38, 116, 287, 288, 303]","[2, 1, 1, 2, 2, 2, 2, 1, 1, 1, 2]",generalist,env_water,USA:VA,water_appalachian
Water_Delmarva,165,165,795,525,1.0,0.0,SAMN03069642,"serotype=Bareilly,""antigen_formula=7:y:1,5""",16969.0,16969.0,16969.0,USA:VA,water,water,environmental-water,2014.0,"[0.911, 0.035, 0.054]","[165, 173, 187, 525, 617, 783, 795, 795, 795, 795, 795]","[0, 0, 0, 2, 0, 0, 2, 1, 0, 2, 1]",wild animal,env_water,USA:VA,water_appalachian
Water_Delmarva,11,487,13,11,0.5,2.0,SAMN03069633,"serotype=Javiana,""antigen_formula=9:l,z28:1,5""",590.0,590.0,590.0,USA:VA,water,water,environmental-water,2014.0,"[0.008, 0.044, 0.949]","[11, 13, 15, 15, 16, 17, 37, 115, 286, 287, 302]","[2, 1, 1, 2, 2, 2, 2, 1, 1, 1, 2]",generalist,env_water,USA:VA,water_appalachian
Water_Delmarva,14,44,14,39,0.96,1.0,SAMN03069683,"serotype=Typhimurium,""antigen_formula=4:i:1,2""",19213.0,19213.0,13.0,USA:VA,water (10 gal),water gallon,environmental-water,2014.0,"[0.131, 0.738, 0.131]","[14, 16, 18, 19, 20, 20, 21, 21, 21, 21, 21]","[1, 1, 1, 1, 1, 1, 1, 1, 1, 1, 1]",poultry,env_water,USA:VA,water_appalachian
Water_Delmarva,14,24,14,17,0.58,2.0,SAMN03069622,"serotype=Senftenberg,""antigen_formula=1,3,19:g,s,t:-""",19214.0,19214.0,476.0,USA:VA,water,water,environmental-water,2014.0,"[0.114, 0.216, 0.671]","[14, 17, 18, 18, 18, 19, 19, 20, 20, 20, 20]","[1, 2, 2, 2, 2, 2, 2, 2, 2, 2, 2]",swine,env_water,USA:VA,water_appalachian
Water_Delmarva,486,486,2142,493,1.0,0.0,SAMN03069627,"serotype=IIIb 17:z10:e,n,x,z15,""antigen_formula=17:z10:e,n,x,z15""",19215.0,19215.0,19215.0,USA:VA,water,water,environmental-water,2014.0,"[0.999, 0.0, 0.001]","[486, 488, 490, 492, 491, 493, 510, 521, 587, 2077, 2091]","[0, 0, 0, 0, 0, 2, 0, 0, 0, 0, 0]",wild animal,env_water,USA:VA,water_appalachian
Water_Delmarva,13,13,17,21,0.6,0.0,SAMN03069658,"serotype=Braenderup,""antigen_formula=7:e,h:e,n,z15""",19188.0,9506.0,185.0,USA:VA,water (10 gal),water gallon,environmental-water,2014.0,"[0.78, 0.162, 0.058]","[13, 15, 15, 17, 18, 19, 19, 19, 20, 21, 21]","[0, 0, 0, 1, 1, 1, 1, 1, 0, 1, 1]",bovine,env_water,USA:VA,water_appalachian
Water_Delmarva,177,172,230,179,0.52,0.0,SAMN03069623,"serotype=Give,""antigen_formula=3,10:l,v:1,7""",19219.0,19219.0,19219.0,USA:VA,water,water,environmental-water,2014.0,"[0.465, 0.113, 0.422]","[177, 179, 185, 190, 190, 190, 190, 190, 190, 190, 191]","[0, 2, 2, 0, 0, 0, 0, 2, 0, 0, 0]",wild animal,env_water,USA:VA,water_appalachian
Water_Delmarva,165,165,796,526,1.0,0.0,SAMN03069625,"serotype=Bareilly,""antigen_formula=7:y:1,5""",18791.0,16969.0,16969.0,USA:VA,water,water,environmental-water,2014.0,"[0.911, 0.035, 0.054]","[165, 173, 187, 526, 616, 784, 795, 796, 796, 796, 796]","[0, 0, 0, 2, 0, 0, 0, 0, 1, 2, 2]",wild animal,env_water,USA:VA,water_appalachian
Water_Delmarva,163,163,794,524,1.0,0.0,SAMN03069702,"serotype=Bareilly,""antigen_formula=7:y:1,5""",16969.0,16969.0,16969.0,USA:VA,water (10 gal),water gallon,environmental-water,2014.0,"[0.911, 0.035, 0.054]","[163, 171, 185, 524, 615, 782, 794, 794, 794, 794, 794]","[0, 0, 0, 2, 0, 0, 2, 1, 0, 2, 1]",wild animal,env_water,USA:VA,water_appalachian
Water_Delmarva,163,163,794,524,1.0,0.0,SAMN03069624,"serotype=Bareilly,""antigen_formula=7:y:1,5""",16969.0,16969.0,16969.0,USA:VA,water,water,environmental-water,2014.0,"[0.911, 0.035, 0.054]","[163, 171, 185, 524, 615, 782, 794, 794, 794, 794, 794]","[0, 0, 0, 2, 0, 0, 2, 1, 0, 2, 1]",wild animal,env_water,USA:VA,water_appalachian
Water_Delmarva,11,485,14,11,0.53,2.0,SAMN03069693,"serotype=Javiana,""antigen_formula=9:l,z28:1,5""",634.0,590.0,590.0,USA:VA,water (10 gal),water gallon,environmental-water,2014.0,"[0.008, 0.044, 0.949]","[11, 14, 15, 16, 16, 17, 39, 117, 287, 288, 304]","[2, 1, 2, 1, 2, 2, 2, 1, 1, 1, 2]",generalist,env_water,USA:VA,water_appalachian
Water_Delmarva,146,146,2123,2047,1.0,0.0,SAMN03069614,"serotype=IIIb 38:(k):z35,""antigen_formula=38:k:z35""",19226.0,19226.0,19226.0,USA:VA,water,water,environmental-water,2014.0,"[0.823, 0.087, 0.09]","[146, 162, 1969, 1994, 2022, 2047, 2047, 2085, 2107, 2123, 2122]","[0, 0, 0, 0, 0, 2, 0, 0, 0, 0, 0]",wild animal,env_water,USA:VA,water_appalachian
Water_Delmarva,79,79,79,79,0.49,0.0,SAMN03069706,"serotype=Norwich,""antigen_formula=7:e,h:1,6""",639.0,639.0,639.0,USA:VA,sediment,sediment,environmental-water,2014.0,"[0.463, 0.385, 0.152]","[79, 79, 79, 79, 79, 80, 121, 125, 126, 126, 126]","[1, 1, 2, 0, 1, 0, 0, 0, 0, 0, 1]",wild animal,env_water,USA:VA,water_appalachian
Water_Delmarva,19,19,168,47,1.0,1.0,SAMN03069637,"serotype=Gaminara,""antigen_formula=16:d:1,7""",19223.0,19223.0,18643.0,USA:VA,water,water,environmental-water,2014.0,"[0.319, 0.372, 0.309]","[19, 47, 168, 174, 1259, 1259, 1262, 1273, 1273, 1277, 1285]","[0, 2, 1, 1, 1, 1, 1, 2, 0, 0, 0]",poultry,env_water,USA:VA,water_appalachian
Water_Delmarva,78,78,78,78,0.49,0.0,SAMN03069710,"serotype=Norwich,""antigen_formula=7:e,h:1,6""",639.0,639.0,639.0,USA:VA,sediment,sediment,environmental-water,2014.0,"[0.464, 0.384, 0.152]","[78, 78, 78, 78, 78, 79, 120, 124, 125, 125, 125]","[0, 1, 1, 2, 1, 0, 0, 0, 0, 0, 1]",wild animal,env_water,USA:VA,water_appalachian
Water_Delmarva,8,8,8,9,0.56,0.0,SAMN03069630,"serotype=Thompson,""antigen_formula=7:k:1,5""",18725.0,119.0,119.0,USA:VA,water,water,environmental-water,2014.0,"[0.701, 0.163, 0.136]","[8, 8, 9, 9, 10, 10, 10, 11, 11, 11, 11]","[0, 1, 2, 0, 0, 0, 1, 0, 0, 1, 1]",bovine,env_water,USA:VA,water_appalachian
Water_Delmarva,170,171,221,170,0.48,2.0,SAMN03069648,"serotype=Give,""antigen_formula=3,10:l,v:1,7""",19199.0,19199.0,19199.0,USA:VA,water,water,environmental-water,2014.0,"[0.425, 0.122, 0.453]","[170, 171, 180, 184, 184, 184, 184, 184, 184, 184, 185]","[2, 0, 2, 0, 0, 0, 0, 2, 0, 0, 0]",wild animal,env_water,USA:VA,water_appalachian
Water_Delmarva,165,165,796,526,1.0,0.0,SAMN03069717,"serotype=Bareilly,""antigen_formula=7:y:1,5""",18791.0,16969.0,16969.0,USA:VA,sediment,sediment,environmental-water,2014.0,"[0.911, 0.035, 0.054]","[165, 173, 187, 526, 616, 784, 795, 796, 796, 796, 796]","[0, 0, 0, 2, 0, 0, 0, 2, 1, 2, 0]",wild animal,env_water,USA:VA,water_appalachian
Water_Delmarva,2449,2460,2463,2449,0.5,2.0,SAMN03069681,"serotype=Matadi,""antigen_formula=17:k:e,n,x""",19232.0,19232.0,19232.0,USA:VA,water (10 gal),water gallon,environmental-water,2014.0,"[0.288, 0.191, 0.521]","[2449, 2460, 2454, 2462, 2463, 2459, 2461, 2461, 2464, 2464, 2464]","[2, 0, 0, 2, 1, 1, 1, 1, 1, 1, 1]",wild animal,env_water,USA:VA,water_appalachian
Water_Delmarva,18,489,20,18,0.5,2.0,SAMN03069705,"serotype=Javiana,""antigen_formula=9:l,z28:1,5""",19234.0,590.0,590.0,USA:VA,sediment,sediment,environmental-water,2014.0,"[0.008, 0.043, 0.949]","[18, 20, 22, 22, 23, 23, 44, 122, 290, 291, 305]","[2, 1, 2, 1, 2, 2, 2, 1, 1, 1, 2]",generalist,env_water,USA:VA,water_appalachian
Water_Delmarva,19,19,168,47,1.0,1.0,SAMN03069639,"serotype=Gaminara,""antigen_formula=16:d:1,7""",19223.0,19223.0,18643.0,USA:VA,water,water,environmental-water,2014.0,"[0.319, 0.372, 0.309]","[19, 47, 168, 174, 1259, 1259, 1262, 1273, 1273, 1277, 1285]","[0, 2, 1, 1, 1, 1, 1, 2, 0, 0, 0]",poultry,env_water,USA:VA,water_appalachian
Water_Delmarva,169,169,796,529,1.0,0.0,SAMN03069626,"serotype=Bareilly,""antigen_formula=7:y:1,5""",16970.0,16969.0,16969.0,USA:VA,water,water,environmental-water,2014.0,"[0.911, 0.035, 0.054]","[169, 176, 191, 529, 617, 784, 796, 796, 796, 796, 796]","[0, 0, 0, 2, 0, 0, 2, 1, 0, 2, 1]",wild animal,env_water,USA:VA,water_appalachian
Water_Delmarva,168,168,798,528,1.0,0.0,SAMN03069641,"serotype=Bareilly,""antigen_formula=7:y:1,5""",18740.0,16969.0,16969.0,USA:VA,water,water,environmental-water,2014.0,"[0.911, 0.035, 0.054]","[168, 176, 190, 528, 618, 786, 797, 798, 798, 798, 798]","[0, 0, 0, 2, 0, 0, 0, 2, 2, 1, 1]",wild animal,env_water,USA:VA,water_appalachian
Water_Delmarva,48,48,51,50,0.51,0.0,SAMN03069682,"serotype=Muenster,""antigen_formula=3,10:e,h:1,5""",19239.0,19239.0,19239.0,USA:VA,water (10 gal),water gallon,environmental-water,2014.0,"[0.89, 0.035, 0.076]","[48, 49, 50, 50, 50, 50, 51, 51, 51, 51, 52]","[0, 0, 2, 0, 0, 2, 0, 0, 0, 1, 0]",wild animal,env_water,USA:VA,water_appalachian
Water_Delmarva,418,418,2137,667,0.99,0.0,SAMN03069679,"serotype=IIIb 17:z10:e,n,x,z15,""antigen_formula=17:z10:e,n,x,z15""",19241.0,19241.0,19241.0,USA:VA,water (10 gal),water gallon,environmental-water,2014.0,"[0.997, 0.001, 0.002]","[418, 662, 664, 664, 667, 668, 668, 685, 695, 2063, 2085]","[0, 0, 0, 0, 2, 0, 0, 0, 0, 0, 0]",wild animal,env_water,USA:VA,water_appalachian
Water_Delmarva,164,164,2131,2052,1.0,0.0,SAMN03069701,"serotype=IIIb 38:(k):z35,""antigen_formula=38:k:z35""",18837.0,18837.0,18837.0,USA:VA,water (10 gal),water gallon,environmental-water,2014.0,"[0.821, 0.088, 0.091]","[164, 179, 1973, 2006, 2026, 2052, 2051, 2089, 2116, 2124, 2122]","[0, 0, 0, 0, 0, 2, 0, 0, 0, 0, 0]",wild animal,env_water,USA:VA,water_appalachian
Water_Delmarva,78,78,78,78,0.49,0.0,SAMN03069672,"serotype=Norwich,""antigen_formula=7:e,h:1,6""",639.0,639.0,639.0,USA:VA,water (10 gal),water gallon,environmental-water,2014.0,"[0.463, 0.385, 0.152]","[78, 78, 78, 78, 78, 79, 120, 124, 125, 125, 125]","[1, 1, 2, 0, 1, 0, 0, 0, 0, 0, 1]",wild animal,env_water,USA:VA,water_appalachian
Water_Delmarva,16,16,165,44,1.0,1.0,SAMN03069680,"serotype=Gaminara,""antigen_formula=16:d:1,7""",19242.0,19223.0,18643.0,USA:VA,water (10 gal),water gallon,environmental-water,2014.0,"[0.319, 0.372, 0.309]","[16, 44, 165, 171, 1254, 1254, 1257, 1268, 1269, 1272, 1281]","[0, 2, 1, 1, 1, 1, 1, 0, 2, 0, 0]",poultry,env_water,USA:VA,water_appalachian
Water_Delmarva,79,79,79,79,0.49,0.0,SAMN03069707,"serotype=Norwich,""antigen_formula=7:e,h:1,6""",639.0,639.0,639.0,USA:VA,sediment,sediment,environmental-water,2014.0,"[0.463, 0.385, 0.152]","[79, 79, 79, 79, 79, 80, 121, 125, 126, 126, 126]","[1, 1, 2, 0, 1, 0, 0, 0, 0, 0, 1]",wild animal,env_water,USA:VA,water_appalachian
Water_Delmarva,13,488,15,13,0.5,2.0,SAMN03069619,"serotype=Javiana,""antigen_formula=9:l,z28:1,5""",590.0,590.0,590.0,USA:VA,water,water,environmental-water,2014.0,"[0.008, 0.044, 0.949]","[13, 15, 17, 17, 18, 19, 39, 117, 288, 289, 304]","[2, 1, 1, 2, 2, 2, 2, 1, 1, 1, 2]",generalist,env_water,USA:VA,water_appalachian
Water_Delmarva,11,487,13,11,0.5,2.0,SAMN03069635,"serotype=Javiana,""antigen_formula=9:l,z28:1,5""",590.0,590.0,590.0,USA:VA,water,water,environmental-water,2014.0,"[0.008, 0.044, 0.949]","[11, 13, 15, 15, 16, 17, 37, 115, 286, 287, 302]","[2, 1, 1, 2, 2, 2, 2, 1, 1, 1, 2]",generalist,env_water,USA:VA,water_appalachian
Water_Delmarva,75,75,75,75,0.49,0.0,SAMN03069674,"serotype=Norwich,""antigen_formula=7:e,h:1,6""",8596.0,639.0,639.0,USA:VA,water (10 gal),water gallon,environmental-water,2014.0,"[0.462, 0.386, 0.152]","[75, 75, 75, 75, 75, 76, 118, 122, 123, 123, 123]","[1, 0, 1, 1, 2, 0, 0, 0, 0, 0, 1]",wild animal,env_water,USA:VA,water_appalachian
Water_Delmarva,418,418,2134,667,0.99,0.0,SAMN03069676,"serotype=IIIb 17:z10:e,n,x,z15,""antigen_formula=17:z10:e,n,x,z15""",19241.0,19241.0,19241.0,USA:VA,water (10 gal),water gallon,environmental-water,2014.0,"[0.997, 0.001, 0.002]","[418, 662, 664, 664, 667, 668, 668, 685, 695, 2059, 2081]","[0, 0, 0, 0, 2, 0, 0, 0, 0, 0, 0]",wild animal,env_water,USA:VA,water_appalachian
Water_Delmarva,17,17,166,45,1.0,1.0,SAMN03069685,"serotype=Gaminara,""antigen_formula=16:d:1,7""",19242.0,19223.0,18643.0,USA:VA,water (10 gal),water gallon,environmental-water,2014.0,"[0.319, 0.372, 0.308]","[17, 45, 166, 172, 1252, 1252, 1256, 1267, 1268, 1271, 1280]","[0, 2, 1, 1, 1, 1, 1, 0, 2, 0, 0]",poultry,env_water,USA:VA,water_appalachian
Water_Delmarva,13,488,15,13,0.5,2.0,SAMN03069638,"serotype=Javiana,""antigen_formula=9:l,z28:1,5""",590.0,590.0,590.0,USA:VA,water,water,environmental-water,2014.0,"[0.008, 0.044, 0.949]","[13, 15, 17, 17, 18, 19, 39, 117, 288, 289, 304]","[2, 1, 1, 2, 2, 2, 2, 1, 1, 1, 2]",generalist,env_water,USA:VA,water_appalachian
Water_Delmarva,168,168,796,528,1.0,0.0,SAMN03069645,"serotype=Bareilly,""antigen_formula=7:y:1,5""",19249.0,16969.0,16969.0,USA:VA,water,water,environmental-water,2014.0,"[0.911, 0.035, 0.054]","[168, 175, 190, 528, 619, 783, 795, 796, 796, 796, 796]","[0, 0, 0, 2, 0, 0, 0, 2, 1, 2, 0]",wild animal,env_water,USA:VA,water_appalachian
Water_Delmarva,11,487,13,11,0.5,2.0,SAMN03069617,"serotype=Javiana,""antigen_formula=9:l,z28:1,5""",590.0,590.0,590.0,USA:VA,water,water,environmental-water,2014.0,"[0.008, 0.044, 0.949]","[11, 13, 15, 15, 16, 17, 37, 115, 286, 287, 302]","[2, 1, 1, 2, 2, 2, 2, 1, 1, 1, 2]",generalist,env_water,USA:VA,water_appalachian
Water_Delmarva,17,490,19,17,0.5,2.0,SAMN03069678,"serotype=Javiana,""antigen_formula=9:l,z28:1,5""",590.0,590.0,590.0,USA:VA,water (10 gal),water gallon,environmental-water,2014.0,"[0.008, 0.044, 0.949]","[17, 19, 21, 21, 22, 23, 43, 121, 292, 293, 308]","[2, 1, 1, 2, 2, 2, 2, 1, 1, 1, 2]",generalist,env_water,USA:VA,water_appalachian
Water_Delmarva,11,487,13,11,0.5,2.0,SAMN03069634,"serotype=Javiana,""antigen_formula=9:l,z28:1,5""",590.0,590.0,590.0,USA:VA,water,water,environmental-water,2014.0,"[0.008, 0.044, 0.949]","[11, 13, 15, 15, 16, 17, 37, 115, 286, 287, 302]","[2, 1, 1, 2, 2, 2, 2, 1, 1, 1, 2]",generalist,env_water,USA:VA,water_appalachian
Water_Delmarva,168,168,798,528,1.0,0.0,SAMN03069644,"serotype=Bareilly,""antigen_formula=7:y:1,5""",18740.0,16969.0,16969.0,USA:VA,water,water,environmental-water,2014.0,"[0.911, 0.035, 0.054]","[168, 176, 190, 528, 618, 786, 797, 798, 798, 798, 798]","[0, 0, 0, 2, 0, 0, 0, 2, 2, 1, 1]",wild animal,env_water,USA:VA,water_appalachian
Water_Delmarva,75,75,75,75,0.49,0.0,SAMN03069673,"serotype=Norwich,""antigen_formula=7:e,h:1,6""",8596.0,639.0,639.0,USA:VA,water (10 gal),water gallon,environmental-water,2014.0,"[0.462, 0.386, 0.152]","[75, 75, 75, 75, 75, 76, 118, 122, 123, 123, 123]","[1, 0, 1, 1, 2, 0, 0, 0, 0, 0, 1]",wild animal,env_water,USA:VA,water_appalachian
Water_Delmarva,10,17,10,11,0.6,1.0,SAMN02848473,"serotype=I 9,46,27:d:1,7,""antigen_formula=9,46,27:d:1,7""",16420.0,16420.0,957.0,USA:VA,creek water,creek water,environmental-water,2011.0,"[0.033, 0.883, 0.084]","[10, 10, 11, 11, 11, 11, 11, 12, 12, 12, 13]","[1, 1, 1, 1, 2, 1, 1, 1, 1, 2, 1]",poultry,env_water,USA:VA,water_appalachian
Water_Delmarva,17,31,17,34,0.32,0.0,SAMN01816135,"serotype=Newport,""antigen_formula=8:e,h:1,2""",122629.0,122629.0,120.0,USA:VA,pond sediment,sediment pond,environmental-water,2006.0,"[0.458, 0.44, 0.103]","[17, 19, 25, 31, 31, 31, 32, 32, 32, 34, 37]","[1, 1, 1, 0, 0, 0, 0, 0, 0, 2, 0]",generalist,env_water,USA:VA,water_appalachian
Water_Delmarva,109,115,110,109,0.94,2.0,SAMN04158513,"serotype=Urbana,""antigen_formula=30:b:e,n,x""",10997.0,10997.0,10997.0,USA:MD,Environmental-Turtle Tank,environmental turtle tank,environmental-water,2012.0,"[0.12, 0.088, 0.792]","[109, 110, 113, 115, 137, 264, 265, 267, 269, 270, 270]","[2, 1, 2, 0, 2, 2, 2, 1, 1, 1, 1]",wild animal,env_water,USA:MD,water_northeast
Water_Delmarva,109,115,110,109,0.94,2.0,SAMN04158514,"serotype=Urbana,""antigen_formula=30:b:e,n,x""",10997.0,10997.0,10997.0,USA:MD,Environmental-Turtle Tank,environmental turtle tank,environmental-water,2012.0,"[0.12, 0.088, 0.792]","[109, 110, 113, 115, 137, 264, 265, 267, 269, 270, 270]","[2, 1, 2, 0, 2, 2, 2, 1, 1, 1, 1]",wild animal,env_water,USA:MD,water_northeast
Water_Delmarva,19,34,19,38,0.78,1.0,SAMN01938990,"serotype=Newport,""antigen_formula=8:e,h:1,2""",10920.0,120.0,120.0,USA:VA,Pond water applied to tomato plants,pond water applied to tomato plant,environmental-water| vegetables,2006.0,"[0.438, 0.462, 0.101]","[19, 21, 27, 34, 34, 34, 35, 35, 35, 38, 40]","[1, 1, 1, 0, 0, 0, 0, 0, 0, 2, 0]",poultry,env_water,USA:VA,water_appalachian
Water_Delmarva,9,13,9,387,0.79,1.0,SAMN02845598,"serotype=Newport,""antigen_formula=8:e,h:1,2""",122.0,122.0,122.0,USA:VA,pond water,water pond,environmental-water,2005.0,"[0.036, 0.955, 0.008]","[9, 9, 9, 10, 10, 11, 11, 13, 14, 15, 28]","[1, 1, 1, 1, 1, 1, 1, 0, 1, 0, 0]",poultry,env_water,USA:VA,water_appalachian
Water_Delmarva,17,491,19,17,0.5,2.0,SAMN03463883,"serotype=Javiana,""antigen_formula=9:l,z28:1,5""",590.0,590.0,590.0,USA:VA,creek water,creek water,environmental-water,2011.0,"[0.008, 0.044, 0.949]","[17, 19, 21, 21, 22, 23, 43, 121, 292, 293, 308]","[2, 1, 2, 1, 2, 2, 2, 1, 1, 1, 2]",generalist,env_water,USA:VA,water_appalachian
Water_Delmarva,2,15,2,17,1.0,1.0,SAMN04362110,"serotype=Enteritidis,""antigen_formula=9:g,m:-""",6446.0,12.0,12.0,USA:VA,water,water,environmental-water,2014.0,"[0.115, 0.771, 0.115]","[2, 3, 3, 10, 10, 11, 11, 11, 11, 11, 11]","[1, 1, 1, 1, 1, 1, 1, 1, 1, 1, 1]",poultry,env_water,USA:VA,water_appalachian
Water_Delmarva,1,9,1,384,0.92,1.0,SAMN04362111,"serotype=Newport,""antigen_formula=8:e,h:1,2""",122.0,122.0,122.0,USA:VA,water,water,environmental-water,2013.0,"[0.055, 0.928, 0.017]","[1, 5, 5, 6, 6, 7, 7, 9, 10, 11, 24]","[1, 1, 1, 1, 1, 1, 1, 0, 1, 0, 0]",poultry,env_water,USA:VA,water_appalachian
Water_Delmarva,198,198,816,558,1.0,0.0,SAMN04362099,"serotype=Bareilly,""antigen_formula=7:y:1,5""",6303.0,6303.0,6303.0,USA:VA,water,water,environmental-water,2014.0,"[0.913, 0.035, 0.053]","[198, 207, 218, 558, 644, 801, 807, 816, 816, 816, 816]","[0, 0, 0, 2, 0, 0, 0, 0, 1, 1, 2]",wild animal,env_water,USA:VA,water_appalachian
Water_Delmarva,20,20,29,24,0.69,0.0,SAMN04362100,"serotype=Newport,""antigen_formula=8:e,h:1,2""",6304.0,6304.0,3108.0,USA:VA,water,water,environmental-water,2014.0,"[0.992, 0.003, 0.005]","[20, 20, 20, 21, 21, 21, 24, 26, 28, 29, 29]","[0, 0, 0, 0, 0, 0, 2, 0, 2, 1, 0]",bovine,env_water,USA:VA,water_appalachian
Water_Delmarva,19,19,19,24,0.5,0.0,SAMN04362101,"serotype=Thompson,""antigen_formula=7:k:1,5""",4863.0,4863.0,119.0,USA:VA,water,water,environmental-water,2014.0,"[0.504, 0.418, 0.078]","[19, 19, 19, 19, 19, 20, 20, 20, 20, 20, 20]","[0, 1, 1, 1, 0, 0, 1, 1, 0, 1, 1]",generalist,env_water,USA:VA,water_appalachian
Water_Delmarva,174,174,795,537,1.0,0.0,SAMN04362102,"serotype=Bareilly,""antigen_formula=7:y:1,5""",6305.0,6305.0,6305.0,USA:VA,water,water,environmental-water,2013.0,"[0.911, 0.035, 0.053]","[174, 183, 196, 537, 622, 782, 794, 795, 795, 795, 795]","[0, 0, 0, 2, 0, 0, 0, 2, 1, 0, 2]",wild animal,env_water,USA:VA,water_appalachian
Water_Delmarva,15,491,18,15,0.53,2.0,SAMN04362103,"serotype=Javiana,""antigen_formula=9:l,z28:1,5""",6306.0,590.0,590.0,USA:VA,water,water,environmental-water,2013.0,"[0.008, 0.044, 0.949]","[15, 18, 19, 20, 20, 20, 43, 120, 290, 290, 307]","[2, 1, 2, 1, 2, 2, 2, 1, 1, 1, 2]",generalist,env_water,USA:VA,water_appalachian
Water_Delmarva,82,82,82,82,0.49,0.0,SAMN04362104,"serotype=Norwich,""antigen_formula=7:e,h:1,6""",6307.0,639.0,639.0,USA:VA,water,water,environmental-water,2014.0,"[0.463, 0.385, 0.152]","[82, 82, 82, 82, 82, 83, 124, 128, 129, 129, 129]","[1, 1, 2, 0, 1, 0, 0, 0, 0, 0, 1]",wild animal,env_water,USA:VA,water_appalachian
Water_Delmarva,618,618,890,640,0.69,0.0,SAMN04362105,"serotype=Bareilly,""antigen_formula=7:y:1,5""",6308.0,6308.0,6308.0,USA:VA,water,water,environmental-water,2014.0,"[0.901, 0.028, 0.071]","[618, 638, 640, 645, 726, 882, 889, 890, 890, 890, 890]","[0, 0, 2, 0, 0, 0, 0, 2, 1, 0, 2]",wild animal,env_water,USA:VA,water_appalachian
Water_Delmarva,14,29,14,33,0.84,1.0,SAMN04362106,"serotype=Newport,""antigen_formula=8:e,h:1,2""",633.0,120.0,120.0,USA:VA,water,water,environmental-water,2013.0,"[0.438, 0.462, 0.101]","[14, 16, 22, 29, 29, 29, 30, 30, 30, 33, 35]","[1, 1, 1, 0, 0, 0, 0, 0, 0, 2, 0]",poultry,env_water,USA:VA,water_appalachian
Water_Delmarva,19,19,19,24,0.5,1.0,SAMN04362107,"serotype=Thompson,""antigen_formula=7:k:1,5""",6310.0,6310.0,119.0,USA:VA,water,water,environmental-water,2014.0,"[0.454, 0.466, 0.08]","[19, 19, 19, 19, 19, 20, 20, 20, 20, 20, 20]","[1, 1, 0, 1, 0, 1, 1, 1, 0, 1, 0]",generalist,env_water,USA:VA,water_appalachian
Water_Delmarva,7,334,7,337,0.53,1.0,SAMN04362108,"serotype=Saintpaul,""antigen_formula=4:e,h:1,2""",637.0,637.0,637.0,USA:VA,water,water,environmental-water,2014.0,"[0.312, 0.559, 0.129]","[7, 324, 324, 334, 336, 337, 343, 2650, 2652, 2653, 2654]","[1, 1, 1, 0, 1, 2, 0, 0, 0, 2, 0]",generalist,env_water,USA:VA,water_appalachian
Water_Delmarva,38,38,52,58,0.51,0.0,SAMN04362109,"serotype=Newport,""antigen_formula=8:e,h:1,2""",6034.0,6034.0,6034.0,USA:VA,water,water,environmental-water,2014.0,"[0.779, 0.112, 0.109]","[38, 52, 52, 52, 53, 54, 57, 58, 59, 59, 63]","[0, 0, 0, 1, 1, 0, 0, 2, 2, 2, 0]",generalist,env_water,USA:VA,water_appalachian
Water_Delmarva,17,33,17,37,0.81,1.0,SAMN04431098,"serotype=Newport,""antigen_formula=8:e,h:1,2""",120.0,120.0,120.0,USA:VA,water,water,environmental-water,2013.0,"[0.424, 0.472, 0.104]","[17, 19, 26, 33, 33, 33, 34, 34, 34, 37, 39]","[1, 1, 1, 0, 0, 0, 0, 0, 0, 2, 0]",poultry,env_water,USA:VA,water_appalachian
Water_Delmarva,12,24,12,27,0.29,0.0,SAMN04431099,"serotype=Newport,""antigen_formula=8:e,h:1,2""",5686.0,5686.0,120.0,USA:VA,water,water,environmental-water,2013.0,"[0.495, 0.411, 0.094]","[12, 13, 19, 24, 24, 24, 25, 25, 25, 27, 30]","[1, 1, 1, 0, 0, 0, 0, 0, 0, 2, 0]",generalist,env_water,USA:VA,water_appalachian
Water_Delmarva,9,13,9,389,0.79,1.0,SAMN04431101,"serotype=Newport,""antigen_formula=8:e,h:1,2""",122.0,122.0,122.0,USA:VA,water,water,environmental-water,2014.0,"[0.036, 0.955, 0.008]","[9, 9, 9, 10, 10, 11, 11, 13, 14, 15, 28]","[1, 1, 1, 1, 1, 1, 1, 0, 1, 0, 0]",poultry,env_water,USA:VA,water_appalachian
Water_Delmarva,15,30,15,34,0.82,1.0,SAMN04431102,"serotype=Newport,""antigen_formula=8:e,h:1,2""",386.0,120.0,120.0,USA:VA,water,water,environmental-water,2014.0,"[0.438, 0.462, 0.101]","[15, 17, 23, 30, 30, 30, 31, 31, 31, 34, 36]","[1, 1, 1, 0, 0, 0, 0, 0, 0, 2, 0]",poultry,env_water,USA:VA,water_appalachian
Water_Delmarva,12,16,12,392,0.73,1.0,SAMN04431103,"serotype=Newport,""antigen_formula=8:e,h:1,2""",122.0,122.0,122.0,USA:VA,water,water,environmental-water,2014.0,"[0.036, 0.955, 0.008]","[12, 12, 12, 13, 13, 14, 14, 16, 17, 18, 31]","[1, 1, 1, 1, 1, 1, 1, 0, 1, 0, 0]",poultry,env_water,USA:VA,water_appalachian
Water_Delmarva,15,30,15,34,0.82,1.0,SAMN04431104,"serotype=Newport,""antigen_formula=8:e,h:1,2""",386.0,120.0,120.0,USA:VA,water,water,environmental-water,2014.0,"[0.438, 0.462, 0.101]","[15, 17, 23, 30, 30, 30, 31, 31, 31, 34, 36]","[1, 1, 1, 0, 0, 0, 0, 0, 0, 2, 0]",poultry,env_water,USA:VA,water_appalachian
Water_Delmarva,14,27,14,31,0.29,0.0,SAMN04431105,"serotype=Newport,""antigen_formula=8:e,h:1,2""",632.0,632.0,120.0,USA:VA,water,water,environmental-water,2014.0,"[0.471, 0.436, 0.093]","[14, 15, 21, 27, 27, 27, 28, 28, 28, 31, 33]","[1, 1, 1, 0, 0, 0, 0, 0, 0, 2, 0]",generalist,env_water,USA:VA,water_appalachian
Water_Delmarva,19,19,19,24,0.5,0.0,SAMN04431107,"serotype=Thompson,""antigen_formula=7:k:1,5""",4863.0,4863.0,119.0,USA:VA,water,water,environmental-water,2014.0,"[0.504, 0.418, 0.078]","[19, 19, 19, 19, 19, 20, 20, 20, 20, 20, 20]","[0, 1, 1, 1, 0, 0, 1, 1, 0, 1, 1]",generalist,env_water,USA:VA,water_appalachian
Water_Delmarva,14,29,14,33,0.84,1.0,SAMN04431108,"serotype=Newport,""antigen_formula=8:e,h:1,2""",386.0,120.0,120.0,USA:VA,water,water,environmental-water,2014.0,"[0.438, 0.462, 0.101]","[14, 16, 22, 29, 29, 29, 30, 30, 30, 33, 35]","[1, 1, 1, 0, 0, 0, 0, 0, 0, 2, 0]",poultry,env_water,USA:VA,water_appalachian
Water_Delmarva,15,30,15,34,0.82,1.0,SAMN04431109,"serotype=Newport,""antigen_formula=8:e,h:1,2""",386.0,120.0,120.0,USA:VA,water,water,environmental-water,2014.0,"[0.438, 0.462, 0.101]","[15, 17, 23, 30, 30, 30, 31, 31, 31, 34, 36]","[1, 1, 1, 0, 0, 0, 0, 0, 0, 2, 0]",poultry,env_water,USA:VA,water_appalachian
Water_Delmarva,19,19,19,24,0.5,0.0,SAMN04431110,"serotype=Thompson,""antigen_formula=7:k:1,5""",4863.0,4863.0,119.0,USA:VA,water,water,environmental-water,2014.0,"[0.504, 0.418, 0.078]","[19, 19, 19, 19, 19, 20, 20, 20, 20, 20, 20]","[0, 1, 1, 1, 0, 0, 1, 1, 0, 1, 1]",generalist,env_water,USA:VA,water_appalachian
Water_Delmarva,5,8,5,16,0.44,0.0,SAMN04431100,"serotype=I 4,[5],12:i:-,""antigen_formula=4:i:-""",4864.0,48.0,48.0,USA:VA,water,water,environmental-water,2014.0,"[0.701, 0.224, 0.075]","[5, 8, 8, 9, 9, 9, 10, 11, 11, 12, 12]","[1, 1, 0, 0, 0, 0, 0, 1, 0, 1, 0]",generalist,env_water,USA:VA,water_appalachian
Water_Delmarva,7,10,7,18,0.46,0.0,SAMN04431106,"serotype=I 4,[5],12:i:-,""antigen_formula=4:i:-""",4864.0,48.0,48.0,USA:VA,water,water,environmental-water,2014.0,"[0.701, 0.224, 0.075]","[7, 10, 10, 11, 11, 11, 12, 13, 13, 14, 14]","[1, 1, 0, 0, 0, 0, 0, 1, 0, 0, 1]",generalist,env_water,USA:VA,water_appalachian
Water_Delmarva,19,19,19,24,0.5,0.0,SAMN04431111,"serotype=Thompson,""antigen_formula=7:k:1,5""",4863.0,4863.0,119.0,USA:VA,water,water,environmental-water,2014.0,"[0.504, 0.418, 0.078]","[19, 19, 19, 19, 19, 20, 20, 20, 20, 20, 20]","[0, 1, 1, 1, 0, 0, 1, 1, 0, 1, 1]",generalist,env_water,USA:VA,water_appalachian
Water_Delmarva,44,44,62,372,1.0,1.0,SAMN04535773,"serotype=Typhimurium,""antigen_formula=4:i:1,2""",45896.0,45896.0,13266.0,USA:VA,water,water,environmental-water,2013.0,"[0.4, 0.461, 0.139]","[44, 62, 68, 366, 367, 367, 367, 369, 370, 370, 371]","[0, 1, 1, 0, 0, 0, 0, 0, 0, 1, 1]",wild animal,env_water,USA:VA,water_appalachian
Water_Delmarva,77,77,77,77,0.49,0.0,SAMN04535774,"serotype=I -:-:-,""antigen_formula=-:-:-""",639.0,639.0,639.0,USA:VA,water,water,environmental-water,2013.0,"[0.463, 0.385, 0.152]","[77, 77, 77, 77, 77, 78, 119, 123, 124, 124, 124]","[1, 1, 2, 0, 1, 0, 0, 0, 0, 0, 1]",wild animal,env_water,USA:VA,water_appalachian
Water_Delmarva,469,469,483,469,0.53,0.0,SAMN04535776,"serotype=I 4:b:-,""antigen_formula=4:b:-""",45897.0,45897.0,45897.0,USA:VA,water,water,environmental-water,2014.0,"[0.977, 0.015, 0.008]","[469, 469, 470, 474, 474, 480, 481, 483, 499, 502, 639]","[2, 0, 0, 0, 0, 0, 0, 1, 1, 1, 1]",wild animal,env_water,USA:VA,water_appalachian
Water_Delmarva,11,487,13,11,0.5,2.0,SAMN04605573,"serotype=Javiana,""antigen_formula=9:l,z28:1,5""",590.0,590.0,590.0,USA:VA,water,water,environmental-water,2015.0,"[0.008, 0.044, 0.949]","[11, 13, 15, 15, 16, 17, 37, 115, 286, 287, 302]","[2, 1, 1, 2, 2, 2, 2, 1, 1, 1, 2]",generalist,env_water,USA:VA,water_appalachian
Water_Delmarva,14,26,14,30,0.3,0.0,SAMN04605574,"serotype=Newport,""antigen_formula=8:e,h:1,2""",632.0,632.0,120.0,USA:VA,water,water,environmental-water,2015.0,"[0.497, 0.413, 0.09]","[14, 15, 21, 26, 26, 26, 27, 27, 27, 30, 32]","[1, 1, 1, 0, 0, 0, 0, 0, 0, 2, 0]",generalist,env_water,USA:VA,water_appalachian
Water_Delmarva,9,13,9,389,0.79,1.0,SAMN04605575,"serotype=Newport,""antigen_formula=8:e,h:1,2""",122.0,122.0,122.0,USA:VA,water,water,environmental-water,2015.0,"[0.036, 0.955, 0.008]","[9, 9, 9, 10, 10, 11, 11, 13, 14, 15, 28]","[1, 1, 1, 1, 1, 1, 1, 0, 1, 0, 0]",poultry,env_water,USA:VA,water_appalachian
Water_Delmarva,12,487,15,12,0.53,2.0,SAMN04605565,"serotype=Javiana,""antigen_formula=9:l,z28:1,5""",634.0,590.0,590.0,USA:VA,water,water,environmental-water,2015.0,"[0.008, 0.044, 0.949]","[12, 15, 16, 17, 17, 18, 40, 118, 288, 289, 305]","[2, 1, 2, 1, 2, 2, 2, 1, 1, 1, 2]",generalist,env_water,USA:VA,water_appalachian
Water_Delmarva,12,16,12,391,0.7,1.0,SAMN04605566,"serotype=Newport,""antigen_formula=8:e,h:1,2""",943.0,122.0,122.0,USA:VA,water,water,environmental-water,2015.0,"[0.038, 0.954, 0.008]","[12, 12, 12, 13, 13, 14, 14, 16, 17, 17, 31]","[1, 1, 1, 1, 1, 1, 1, 0, 1, 0, 0]",poultry,env_water,USA:VA,water_appalachian
Water_Delmarva,21,33,21,37,0.34,0.0,SAMN04605567,"serotype=Newport,""antigen_formula=8:e,h:1,2""",944.0,632.0,120.0,USA:VA,water,water,environmental-water,2015.0,"[0.498, 0.413, 0.089]","[21, 22, 28, 33, 33, 33, 34, 34, 34, 37, 39]","[1, 1, 1, 0, 0, 0, 0, 0, 0, 2, 0]",generalist,env_water,USA:VA,water_appalachian
Water_Delmarva,11,487,13,11,0.5,2.0,SAMN04605568,"serotype=Javiana,""antigen_formula=9:l,z28:1,5""",590.0,590.0,590.0,USA:VA,water,water,environmental-water,2015.0,"[0.008, 0.044, 0.949]","[11, 13, 15, 15, 16, 17, 37, 115, 286, 287, 302]","[2, 1, 1, 2, 2, 2, 2, 1, 1, 1, 2]",generalist,env_water,USA:VA,water_appalachian
Water_Delmarva,76,76,76,76,0.49,0.0,SAMN04605569,"serotype=Norwich,""antigen_formula=7:e,h:1,6""",639.0,639.0,639.0,USA:VA,water,water,environmental-water,2015.0,"[0.462, 0.386, 0.152]","[76, 76, 76, 76, 76, 77, 119, 123, 124, 124, 124]","[1, 1, 2, 0, 1, 0, 0, 0, 0, 0, 1]",wild animal,env_water,USA:VA,water_appalachian
Water_Delmarva,12,28,12,30,0.91,1.0,SAMN04605570,"serotype=Newport,""antigen_formula=8:e,h:1,2""",945.0,945.0,120.0,USA:VA,water,water,environmental-water,2015.0,"[0.414, 0.475, 0.111]","[12, 13, 21, 28, 28, 28, 29, 29, 29, 30, 34]","[1, 1, 1, 0, 0, 0, 0, 0, 0, 2, 0]",poultry,env_water,USA:VA,water_appalachian
Water_Delmarva,8,12,8,11,0.61,1.0,SAMN04605571,"serotype=Berta,""antigen_formula=9:f,g,t:-""",125.0,125.0,125.0,USA:VA,water,water,environmental-water,2015.0,"[0.121, 0.758, 0.121]","[8, 9, 9, 9, 9, 10, 10, 10, 10, 10, 10]","[1, 1, 1, 1, 1, 1, 1, 1, 1, 1, 1]",poultry,env_water,USA:VA,water_appalachian
Water_Delmarva,15,30,15,34,0.82,1.0,SAMN04605572,"serotype=Newport,""antigen_formula=8:e,h:1,2""",633.0,120.0,120.0,USA:VA,water,water,environmental-water,2015.0,"[0.438, 0.462, 0.101]","[15, 17, 23, 30, 30, 30, 31, 31, 31, 34, 36]","[1, 1, 1, 0, 0, 0, 0, 0, 0, 2, 0]",poultry,env_water,USA:VA,water_appalachian
Water_Delmarva,9,335,9,337,0.53,1.0,SAMN04605562,"serotype=Saintpaul,""antigen_formula=4:e,h:1,2""",637.0,637.0,637.0,USA:VA,water,water,environmental-water,2015.0,"[0.311, 0.559, 0.129]","[9, 325, 325, 335, 336, 337, 345, 2651, 2653, 2654, 2655]","[1, 1, 1, 0, 1, 2, 0, 0, 0, 2, 0]",generalist,env_water,USA:VA,water_appalachian
Water_Delmarva,13,487,15,13,0.5,2.0,SAMN04605563,"serotype=Javiana,""antigen_formula=9:l,z28:1,5""",590.0,590.0,590.0,USA:VA,water,water,environmental-water,2015.0,"[0.008, 0.044, 0.949]","[13, 15, 17, 17, 18, 19, 39, 117, 288, 289, 304]","[2, 1, 2, 1, 2, 2, 2, 1, 1, 1, 2]",generalist,env_water,USA:VA,water_appalachian
Water_Delmarva,12,14,12,389,0.73,1.0,SAMN04605564,"serotype=Newport,""antigen_formula=8:e,h:1,2""",949.0,122.0,122.0,USA:VA,water,water,environmental-water,2015.0,"[0.04, 0.952, 0.008]","[12, 12, 12, 13, 13, 14, 14, 14, 17, 18, 31]","[1, 1, 1, 1, 1, 0, 1, 1, 1, 0, 0]",poultry,env_water,USA:VA,water_appalachian
Water_Delmarva,15,27,15,31,0.31,0.0,SAMN04605576,"serotype=Newport,""antigen_formula=8:e,h:1,2""",632.0,632.0,120.0,USA:VA,water,water,environmental-water,2015.0,"[0.497, 0.413, 0.09]","[15, 16, 22, 27, 27, 27, 28, 28, 28, 31, 33]","[1, 1, 1, 0, 0, 0, 0, 0, 0, 2, 0]",generalist,env_water,USA:VA,water_appalachian
Water_Delmarva,14,29,14,33,0.84,1.0,SAMN04605613,"serotype=Newport,""antigen_formula=8:e,h:1,2""",633.0,120.0,120.0,USA:VA,water,water,environmental-water,2015.0,"[0.438, 0.462, 0.101]","[14, 16, 22, 29, 29, 29, 30, 30, 30, 33, 35]","[1, 1, 1, 0, 0, 0, 0, 0, 0, 2, 0]",poultry,env_water,USA:VA,water_appalachian
Water_Delmarva,13,488,16,13,0.53,2.0,SAMN04605614,"serotype=Javiana,""antigen_formula=9:l,z28:1,5""",634.0,590.0,590.0,USA:VA,water,water,environmental-water,2015.0,"[0.008, 0.044, 0.949]","[13, 16, 17, 18, 18, 19, 41, 119, 289, 289, 306]","[2, 1, 2, 1, 2, 2, 2, 1, 1, 1, 2]",generalist,env_water,USA:VA,water_appalachian
Water_Delmarva,9,13,9,389,0.79,1.0,SAMN04605615,"serotype=Newport,""antigen_formula=8:e,h:1,2""",122.0,122.0,122.0,USA:VA,water,water,environmental-water,2015.0,"[0.036, 0.955, 0.008]","[9, 9, 9, 10, 10, 11, 11, 13, 14, 15, 28]","[1, 1, 1, 1, 1, 1, 1, 0, 1, 0, 0]",poultry,env_water,USA:VA,water_appalachian
Water_Delmarva,7,7,11,388,0.67,1.0,SAMN04605616,"serotype=Newport,""antigen_formula=8:e,h:1,2""",122.0,122.0,122.0,USA:VA,water,water,environmental-water,2015.0,"[0.097, 0.884, 0.019]","[7, 11, 11, 11, 12, 12, 13, 13, 15, 15, 28]","[0, 1, 1, 1, 1, 1, 1, 1, 0, 1, 0]",poultry,env_water,USA:VA,water_appalachian
Water_Delmarva,7,334,7,337,0.53,1.0,SAMN04605617,"serotype=Saintpaul,""antigen_formula=4:e,h:1,2""",637.0,637.0,637.0,USA:VA,water,water,environmental-water,2015.0,"[0.312, 0.559, 0.129]","[7, 324, 324, 334, 336, 337, 343, 2650, 2652, 2653, 2654]","[1, 1, 1, 0, 1, 2, 0, 0, 0, 2, 0]",generalist,env_water,USA:VA,water_appalachian
Water_Delmarva,13,17,14,13,0.5,2.0,SAMN04605618,"serotype=Infantis,""antigen_formula=7:r:1,5""",638.0,638.0,638.0,USA:VA,water,water,environmental-water,2015.0,"[0.024, 0.061, 0.915]","[13, 14, 14, 14, 14, 15, 16, 16, 16, 17, 17]","[2, 1, 2, 1, 2, 2, 2, 2, 2, 0, 1]",generalist,env_water,USA:VA,water_appalachian
Water_Delmarva,76,76,76,76,0.49,0.0,SAMN04605619,"serotype=Norwich,""antigen_formula=7:e,h:1,6""",639.0,639.0,639.0,USA:VA,water,water,environmental-water,2015.0,"[0.462, 0.386, 0.152]","[76, 76, 76, 76, 76, 77, 119, 123, 124, 124, 124]","[1, 1, 2, 0, 1, 0, 0, 0, 0, 0, 1]",wild animal,env_water,USA:VA,water_appalachian
Water_Delmarva,8,12,8,11,0.61,1.0,SAMN04605620,"serotype=Berta,""antigen_formula=9:f,g,t:-""",125.0,125.0,125.0,USA:VA,water,water,environmental-water,2015.0,"[0.121, 0.758, 0.121]","[8, 9, 9, 9, 9, 10, 10, 10, 10, 10, 10]","[1, 1, 1, 1, 1, 1, 1, 1, 1, 1, 1]",poultry,env_water,USA:VA,water_appalachian
Water_Delmarva,10,14,10,388,0.77,1.0,SAMN04605621,"serotype=Newport,""antigen_formula=8:e,h:1,2""",122.0,122.0,122.0,USA:VA,water,water,environmental-water,2015.0,"[0.036, 0.955, 0.009]","[10, 10, 10, 11, 11, 12, 12, 14, 15, 16, 28]","[1, 1, 1, 1, 1, 1, 1, 0, 1, 0, 0]",poultry,env_water,USA:VA,water_appalachian
Water_Delmarva,17,29,17,33,0.32,0.0,SAMN04605622,"serotype=Newport,""antigen_formula=8:e,h:1,2""",642.0,632.0,120.0,USA:VA,water,water,environmental-water,2015.0,"[0.498, 0.413, 0.09]","[17, 18, 24, 29, 29, 29, 30, 30, 30, 33, 35]","[1, 1, 1, 0, 0, 0, 0, 0, 0, 2, 0]",generalist,env_water,USA:VA,water_appalachian
Water_Delmarva,9,13,9,388,0.79,1.0,SAMN04605623,"serotype=Newport,""antigen_formula=8:e,h:1,2""",122.0,122.0,122.0,USA:VA,water,water,environmental-water,2015.0,"[0.036, 0.955, 0.009]","[9, 9, 9, 10, 10, 11, 11, 13, 14, 15, 27]","[1, 1, 1, 1, 1, 1, 1, 0, 1, 0, 0]",poultry,env_water,USA:VA,water_appalachian
Water_Delmarva,77,77,77,77,0.49,0.0,SAMN04605624,"serotype=Norwich,""antigen_formula=7:e,h:1,6""",639.0,639.0,639.0,USA:VA,water,water,environmental-water,2015.0,"[0.462, 0.386, 0.152]","[77, 77, 77, 77, 77, 78, 120, 124, 125, 125, 125]","[1, 1, 2, 0, 1, 0, 0, 0, 0, 0, 1]",wild animal,env_water,USA:VA,water_appalachian
Water_Delmarva,7,11,7,10,0.62,1.0,SAMN04605625,"serotype=Berta,""antigen_formula=9:f,g,t:-""",125.0,125.0,125.0,USA:VA,water,water,environmental-water,2015.0,"[0.121, 0.758, 0.121]","[7, 8, 8, 8, 8, 9, 9, 9, 9, 9, 9]","[1, 1, 1, 1, 1, 1, 1, 1, 1, 1, 1]",poultry,env_water,USA:VA,water_appalachian
Water_Delmarva,8,8,9,10,0.61,0.0,SAMN04605626,"serotype=Thompson,""antigen_formula=7:k:1,5""",646.0,119.0,119.0,USA:VA,water,water,environmental-water,2015.0,"[0.897, 0.055, 0.048]","[8, 9, 9, 9, 10, 10, 11, 11, 11, 12, 12]","[0, 1, 0, 0, 2, 0, 0, 0, 1, 1, 0]",bovine,env_water,USA:VA,water_appalachian
Water_Delmarva,1,6,1,17,0.98,1.0,SAMN04605627,"serotype=Thompson,""antigen_formula=7:k:1,5""",119.0,119.0,119.0,USA:VA,water,water,environmental-water,2015.0,"[0.105, 0.789, 0.105]","[1, 2, 4, 5, 5, 5, 5, 5, 6, 6, 6]","[1, 1, 1, 1, 1, 1, 1, 1, 0, 1, 0]",poultry,env_water,USA:VA,water_appalachian
Water_Delmarva,18,33,18,37,0.79,1.0,SAMN04605628,"serotype=Newport,""antigen_formula=8:e,h:1,2""",120.0,120.0,120.0,USA:VA,water,water,environmental-water,2015.0,"[0.438, 0.462, 0.101]","[18, 20, 26, 33, 33, 33, 34, 34, 34, 37, 39]","[1, 1, 1, 0, 0, 0, 0, 0, 0, 2, 0]",poultry,env_water,USA:VA,water_appalachian
Water_Delmarva,11,13,11,14,0.58,1.0,SAMN04605629,"serotype=Senftenberg,""antigen_formula=1,3,19:g,s,t:-""",121.0,42.0,42.0,USA:VA,water,water,environmental-water,2015.0,"[0.033, 0.934, 0.033]","[11, 12, 12, 12, 12, 12, 12, 12, 12, 12, 13]","[1, 1, 1, 1, 1, 1, 1, 1, 1, 1, 0]",poultry,env_water,USA:VA,water_appalachian
Water_Delmarva,8,12,8,388,0.82,1.0,SAMN04605630,"serotype=Newport,""antigen_formula=8:e,h:1,2""",122.0,122.0,122.0,USA:VA,water,water,environmental-water,2015.0,"[0.036, 0.955, 0.008]","[8, 8, 8, 9, 9, 10, 10, 12, 13, 14, 27]","[1, 1, 1, 1, 1, 1, 1, 0, 1, 0, 0]",poultry,env_water,USA:VA,water_appalachian
Water_Delmarva,15,22,15,99,1.0,1.0,SAMN04605633,"serotype=Typhimurium,""antigen_formula=4:i:1,2""",123.0,123.0,123.0,USA:VA,water,water,environmental-water,2015.0,"[0.018, 0.975, 0.007]","[15, 16, 17, 17, 18, 19, 21, 21, 22, 90, 92]","[1, 1, 1, 1, 1, 1, 1, 1, 0, 0, 1]",poultry,env_water,USA:VA,water_appalachian
Water_Delmarva,7,11,7,386,0.85,1.0,SAMN04605634,"serotype=Newport,""antigen_formula=8:e,h:1,2""",122.0,122.0,122.0,USA:VA,water,water,environmental-water,2015.0,"[0.036, 0.955, 0.008]","[7, 7, 7, 8, 8, 9, 9, 11, 12, 13, 26]","[1, 1, 1, 1, 1, 1, 1, 0, 1, 0, 0]",poultry,env_water,USA:VA,water_appalachian
Water_Delmarva,4,8,4,7,0.69,1.0,SAMN04605635,"serotype=Berta,""antigen_formula=9:f,g,t:-""",125.0,125.0,125.0,USA:VA,water,water,environmental-water,2015.0,"[0.121, 0.758, 0.121]","[4, 5, 5, 5, 5, 6, 6, 6, 6, 6, 6]","[1, 1, 1, 1, 1, 1, 1, 1, 1, 1, 1]",poultry,env_water,USA:VA,water_appalachian
Water_Delmarva,17,32,17,36,0.8,1.0,SAMN04605631,"serotype=Newport,""antigen_formula=8:e,h:1,2""",18086.0,120.0,120.0,USA:VA,water,water,environmental-water,2015.0,"[0.438, 0.462, 0.101]","[17, 19, 25, 32, 32, 32, 33, 33, 33, 36, 38]","[1, 1, 1, 0, 0, 0, 0, 0, 0, 2, 0]",poultry,env_water,USA:VA,water_appalachian
Water_Delmarva,17,32,17,36,0.8,1.0,SAMN04942535,"serotype=Newport,""antigen_formula=8:e,h:1,2""",10920.0,120.0,120.0,USA:VA,Water used to process fresh tomatoes,water used to process fresh tomato,environmental-water| seeded vegetables (solanaceous),2006.0,"[0.438, 0.462, 0.101]","[17, 19, 25, 32, 32, 32, 33, 33, 33, 36, 38]","[1, 1, 1, 0, 0, 0, 0, 0, 0, 2, 0]",poultry,env_water,USA:VA,water_appalachian
Water_Delmarva,7,11,7,386,0.85,1.0,SAMN04605632,"serotype=Newport,""antigen_formula=8:e,h:1,2""",122.0,122.0,122.0,USA:VA,water,water,environmental-water,2015.0,"[0.035, 0.957, 0.008]","[7, 7, 7, 7, 8, 9, 9, 11, 12, 13, 26]","[1, 1, 1, 1, 1, 1, 1, 0, 1, 0, 0]",poultry,env_water,USA:VA,water_appalachian
Water_Delmarva,7,15,7,23,0.94,1.0,SAMN04933481,"serotype=Enteritidis,""antigen_formula=9:g,m:-""",83.0,12.0,12.0,USA:VA,creek water,creek water,environmental-water,2015.0,"[0.13, 0.764, 0.107]","[7, 9, 12, 15, 15, 15, 16, 16, 16, 16, 17]","[1, 1, 1, 1, 0, 1, 1, 1, 1, 1, 1]",poultry,env_water,USA:VA,water_appalachian
Water_Delmarva,15,490,17,15,0.5,2.0,SAMN04563719,"serotype=Javiana,""antigen_formula=9:l,z28:1,5""",590.0,590.0,590.0,USA:VA,creek water,creek water,environmental-water,2015.0,"[0.008, 0.044, 0.949]","[15, 17, 19, 19, 20, 21, 41, 119, 290, 291, 306]","[2, 1, 2, 1, 2, 2, 2, 1, 1, 1, 2]",generalist,env_water,USA:VA,water_appalachian
Water_Delmarva,12,487,14,12,0.5,2.0,SAMN04563695,"serotype=Javiana,""antigen_formula=9:l,z28:1,5""",590.0,590.0,590.0,USA:VA,creek water,creek water,environmental-water,2015.0,"[0.008, 0.044, 0.949]","[12, 14, 16, 16, 17, 18, 38, 116, 287, 288, 303]","[2, 1, 2, 1, 2, 2, 2, 1, 1, 1, 2]",generalist,env_water,USA:VA,water_appalachian
Water_Delmarva,12,484,14,12,0.5,2.0,SAMN04563696,"serotype=Javiana,""antigen_formula=9:l,z28:1,5""",590.0,590.0,590.0,USA:VA,creek water,creek water,environmental-water,2015.0,"[0.008, 0.043, 0.949]","[12, 14, 16, 16, 17, 18, 37, 116, 285, 286, 301]","[2, 1, 2, 1, 2, 2, 2, 1, 1, 1, 2]",generalist,env_water,USA:VA,water_appalachian
Water_Delmarva,13,485,14,13,0.47,2.0,SAMN04563697,"serotype=Javiana,""antigen_formula=9:l,z28:1,5""",590.0,590.0,590.0,USA:VA,creek water,creek water,environmental-water,2015.0,"[0.007, 0.043, 0.949]","[13, 14, 16, 17, 17, 18, 38, 116, 286, 287, 302]","[2, 1, 1, 2, 2, 2, 2, 1, 1, 1, 2]",generalist,env_water,USA:VA,water_appalachian
Water_Delmarva,10,486,12,10,0.5,2.0,SAMN04563699,"serotype=Javiana,""antigen_formula=9:l,z28:1,5""",590.0,590.0,590.0,USA:VA,creek water,creek water,environmental-water,2015.0,"[0.008, 0.044, 0.949]","[10, 12, 14, 14, 15, 16, 36, 114, 285, 286, 301]","[2, 1, 1, 2, 2, 2, 2, 1, 1, 1, 2]",generalist,env_water,USA:VA,water_appalachian
Water_Delmarva,11,486,13,11,0.5,2.0,SAMN04563700,"serotype=Javiana,""antigen_formula=9:l,z28:1,5""",590.0,590.0,590.0,USA:VA,creek water,creek water,environmental-water,2015.0,"[0.008, 0.044, 0.949]","[11, 13, 15, 15, 16, 17, 37, 115, 286, 287, 302]","[2, 1, 1, 2, 2, 2, 2, 1, 1, 1, 2]",generalist,env_water,USA:VA,water_appalachian
Water_Delmarva,11,486,13,11,0.5,2.0,SAMN04563702,"serotype=Javiana,""antigen_formula=9:l,z28:1,5""",590.0,590.0,590.0,USA:VA,creek water,creek water,environmental-water,2015.0,"[0.008, 0.044, 0.949]","[11, 13, 15, 15, 16, 17, 37, 115, 286, 287, 302]","[2, 1, 1, 2, 2, 2, 2, 1, 1, 1, 2]",generalist,env_water,USA:VA,water_appalachian
Water_Delmarva,12,487,14,12,0.5,2.0,SAMN04563703,"serotype=Javiana,""antigen_formula=9:l,z28:1,5""",590.0,590.0,590.0,USA:VA,creek water,creek water,environmental-water,2015.0,"[0.008, 0.044, 0.949]","[12, 14, 16, 16, 17, 18, 38, 116, 287, 288, 303]","[2, 1, 2, 1, 2, 2, 2, 1, 1, 1, 2]",generalist,env_water,USA:VA,water_appalachian
Water_Delmarva,11,486,13,11,0.5,2.0,SAMN04563704,"serotype=Javiana,""antigen_formula=9:l,z28:1,5""",590.0,590.0,590.0,USA:VA,creek water,creek water,environmental-water,2015.0,"[0.008, 0.044, 0.949]","[11, 13, 15, 15, 16, 17, 37, 115, 286, 287, 302]","[2, 1, 1, 2, 2, 2, 2, 1, 1, 1, 2]",generalist,env_water,USA:VA,water_appalachian
Water_Delmarva,11,487,13,11,0.5,2.0,SAMN04563706,"serotype=Javiana,""antigen_formula=9:l,z28:1,5""",590.0,590.0,590.0,USA:VA,creek water,creek water,environmental-water,2015.0,"[0.008, 0.044, 0.949]","[11, 13, 15, 15, 16, 17, 37, 115, 286, 287, 302]","[2, 1, 1, 2, 2, 2, 2, 1, 1, 1, 2]",generalist,env_water,USA:VA,water_appalachian
Water_Delmarva,12,486,14,12,0.5,2.0,SAMN04563708,"serotype=Javiana,""antigen_formula=9:l,z28:1,5""",590.0,590.0,590.0,USA:VA,creek water,creek water,environmental-water,2015.0,"[0.008, 0.044, 0.949]","[12, 14, 16, 16, 17, 18, 38, 115, 285, 286, 301]","[2, 1, 2, 1, 2, 2, 2, 1, 1, 1, 2]",generalist,env_water,USA:VA,water_appalachian
Water_Delmarva,14,489,16,14,0.5,2.0,SAMN04563711,"serotype=Javiana,""antigen_formula=9:l,z28:1,5""",590.0,590.0,590.0,USA:VA,environmental-water; creek water,creek water,environmental-water,2015.0,"[0.008, 0.044, 0.949]","[14, 16, 18, 18, 19, 20, 40, 118, 289, 290, 305]","[2, 1, 1, 2, 2, 2, 2, 1, 1, 1, 2]",generalist,env_water,USA:VA,water_appalachian
Water_Delmarva,11,487,13,11,0.5,2.0,SAMN04563712,"serotype=Javiana,""antigen_formula=9:l,z28:1,5""",590.0,590.0,590.0,USA:VA,creek water,creek water,environmental-water,2015.0,"[0.008, 0.044, 0.949]","[11, 13, 15, 15, 16, 17, 37, 115, 286, 287, 302]","[2, 1, 1, 2, 2, 2, 2, 1, 1, 1, 2]",generalist,env_water,USA:VA,water_appalachian
Water_Delmarva,12,487,14,12,0.5,2.0,SAMN04563714,"serotype=Javiana,""antigen_formula=9:l,z28:1,5""",590.0,590.0,590.0,USA:VA,creek water,creek water,environmental-water,2015.0,"[0.008, 0.044, 0.949]","[12, 14, 16, 16, 17, 18, 38, 116, 286, 287, 302]","[2, 1, 2, 1, 2, 2, 2, 1, 1, 1, 2]",generalist,env_water,USA:VA,water_appalachian
Water_Delmarva,12,485,14,12,0.5,2.0,SAMN04563715,"serotype=Javiana,""antigen_formula=9:l,z28:1,5""",590.0,590.0,590.0,USA:VA,creek water,creek water,environmental-water,2015.0,"[0.008, 0.044, 0.949]","[12, 14, 16, 16, 17, 18, 38, 116, 285, 286, 301]","[2, 1, 2, 1, 2, 2, 2, 1, 1, 1, 2]",generalist,env_water,USA:VA,water_appalachian
Water_Delmarva,12,487,14,12,0.5,2.0,SAMN04563716,"serotype=Javiana,""antigen_formula=9:l,z28:1,5""",590.0,590.0,590.0,USA:VA,creek water,creek water,environmental-water,2015.0,"[0.008, 0.044, 0.949]","[12, 14, 16, 16, 17, 18, 38, 116, 286, 287, 302]","[2, 1, 1, 2, 2, 2, 2, 1, 1, 1, 2]",generalist,env_water,USA:VA,water_appalachian
Water_Delmarva,14,488,16,14,0.5,2.0,SAMN04563720,"serotype=Javiana,""antigen_formula=9:l,z28:1,5""",590.0,590.0,590.0,USA:VA,creek water,creek water,environmental-water,2015.0,"[0.008, 0.043, 0.949]","[14, 16, 18, 18, 19, 20, 40, 118, 288, 289, 303]","[2, 1, 1, 2, 2, 2, 2, 1, 1, 1, 2]",generalist,env_water,USA:VA,water_appalachian
Water_Delmarva,15,489,17,15,0.5,2.0,SAMN04563721,"serotype=Javiana,""antigen_formula=9:l,z28:1,5""",590.0,590.0,590.0,USA:VA,creek water,creek water,environmental-water,2015.0,"[0.008, 0.043, 0.949]","[15, 17, 19, 19, 20, 21, 41, 118, 290, 291, 305]","[2, 1, 1, 2, 2, 2, 2, 1, 1, 1, 2]",generalist,env_water,USA:VA,water_appalachian
Water_Delmarva,14,488,16,14,0.5,2.0,SAMN04563722,"serotype=Javiana,""antigen_formula=9:l,z28:1,5""",590.0,590.0,590.0,USA:VA,creek water,creek water,environmental-water,2015.0,"[0.008, 0.044, 0.949]","[14, 16, 18, 18, 19, 20, 40, 117, 288, 289, 304]","[2, 1, 1, 2, 2, 2, 2, 1, 1, 1, 2]",generalist,env_water,USA:VA,water_appalachian
Water_Delmarva,14,489,16,14,0.5,2.0,SAMN04563723,"serotype=Javiana,""antigen_formula=9:l,z28:1,5""",590.0,590.0,590.0,USA:VA,creek water,creek water,environmental-water,2015.0,"[0.008, 0.043, 0.949]","[14, 16, 18, 18, 19, 20, 40, 118, 289, 290, 304]","[2, 1, 2, 1, 2, 2, 2, 1, 1, 1, 2]",generalist,env_water,USA:VA,water_appalachian
Water_Delmarva,14,489,16,14,0.5,2.0,SAMN04563724,"serotype=Javiana,""antigen_formula=9:l,z28:1,5""",590.0,590.0,590.0,USA:VA,creek water,creek water,environmental-water,2015.0,"[0.008, 0.043, 0.949]","[14, 16, 18, 18, 19, 20, 40, 118, 289, 290, 304]","[2, 1, 2, 1, 2, 2, 2, 1, 1, 1, 2]",generalist,env_water,USA:VA,water_appalachian
Water_Delmarva,17,19,17,20,0.56,1.0,SAMN04563725,"serotype=Mbandaka,""antigen_formula=7:z10:e,n,z15""",20030.0,20030.0,4.0,USA:VA,creek water,creek water,environmental-water,2015.0,"[0.121, 0.832, 0.047]","[17, 17, 17, 17, 18, 19, 19, 19, 20, 20, 20]","[1, 1, 1, 1, 1, 0, 0, 0, 1, 1, 2]",poultry,env_water,USA:VA,water_appalachian
Water_Delmarva,17,19,17,20,0.56,1.0,SAMN04563726,"serotype=Mbandaka,""antigen_formula=7:z10:e,n,z15""",20030.0,20030.0,4.0,USA:VA,creek water,creek water,environmental-water,2015.0,"[0.121, 0.832, 0.047]","[17, 17, 17, 17, 18, 19, 19, 19, 20, 20, 20]","[1, 1, 1, 1, 1, 0, 0, 0, 1, 2, 1]",poultry,env_water,USA:VA,water_appalachian
Water_Delmarva,17,19,17,20,0.56,1.0,SAMN04563727,"serotype=Mbandaka,""antigen_formula=7:z10:e,n,z15""",20030.0,20030.0,4.0,USA:VA,creek water,creek water,environmental-water,2015.0,"[0.121, 0.832, 0.047]","[17, 17, 17, 17, 18, 19, 19, 19, 20, 20, 20]","[1, 1, 1, 1, 1, 0, 0, 0, 1, 2, 1]",poultry,env_water,USA:VA,water_appalachian
Water_Delmarva,2,12,2,20,0.54,1.0,SAMN04563728,"serotype=Braenderup,""antigen_formula=7:e,h:e,n,z15""",4601.0,4601.0,185.0,USA:VA,creek water,creek water,environmental-water,2015.0,"[0.33, 0.516, 0.155]","[2, 12, 14, 14, 15, 16, 17, 17, 19, 19, 19]","[1, 0, 1, 1, 0, 1, 1, 0, 1, 1, 1]",poultry,env_water,USA:VA,water_appalachian
Water_Delmarva,2,12,2,20,0.57,1.0,SAMN04563729,"serotype=Braenderup,""antigen_formula=7:e,h:e,n,z15""",4601.0,4601.0,185.0,USA:VA,creek water,creek water,environmental-water,2015.0,"[0.317, 0.525, 0.158]","[2, 12, 14, 14, 16, 16, 17, 17, 19, 19, 19]","[1, 0, 1, 1, 1, 0, 1, 0, 0, 1, 1]",poultry,env_water,USA:VA,water_appalachian
Water_Delmarva,484,484,2140,491,1.0,0.0,SAMN04563730,"serotype=IIIb 17:z10:e,n,x,z15,""antigen_formula=17:z10:e,n,x,z15""",19215.0,19215.0,19215.0,USA:VA,creek water,creek water,environmental-water,2015.0,"[0.999, 0.0, 0.001]","[484, 486, 488, 490, 489, 491, 508, 519, 586, 2075, 2089]","[0, 0, 0, 0, 0, 2, 0, 0, 0, 0, 0]",wild animal,env_water,USA:VA,water_appalachian
Water_Delmarva,483,483,2140,490,1.0,0.0,SAMN04563731,"serotype=IIIb 17:z10:e,n,x,z15,""antigen_formula=17:z10:e,n,x,z15""",19215.0,19215.0,19215.0,USA:VA,creek water,creek water,environmental-water,2015.0,"[0.999, 0.0, 0.001]","[483, 485, 487, 489, 488, 490, 507, 518, 587, 2075, 2090]","[0, 0, 0, 0, 0, 2, 0, 0, 0, 0, 0]",wild animal,env_water,USA:VA,water_appalachian
Water_Delmarva,17,19,17,20,0.56,1.0,SAMN04563732,"serotype=Mbandaka,""antigen_formula=7:z10:e,n,z15""",20030.0,20030.0,4.0,USA:VA,creek water,creek water,environmental-water,2015.0,"[0.121, 0.832, 0.047]","[17, 17, 17, 17, 18, 19, 19, 19, 20, 20, 20]","[1, 1, 1, 1, 1, 0, 0, 0, 1, 2, 1]",poultry,env_water,USA:VA,water_appalachian
Water_Delmarva,17,19,17,20,0.56,1.0,SAMN04563733,"serotype=Mbandaka,""antigen_formula=7:z10:e,n,z15""",20030.0,20030.0,4.0,USA:VA,creek water,creek water,environmental-water,2015.0,"[0.121, 0.832, 0.047]","[17, 17, 17, 17, 18, 19, 19, 19, 20, 20, 20]","[1, 1, 1, 1, 1, 0, 0, 0, 2, 1, 1]",poultry,env_water,USA:VA,water_appalachian
Water_Delmarva,486,486,2143,493,1.0,0.0,SAMN04563734,"serotype=IIIb 17:z10:e,n,x,z15,""antigen_formula=17:z10:e,n,x,z15""",19215.0,19215.0,19215.0,USA:VA,creek water,creek water,environmental-water,2015.0,"[0.999, 0.0, 0.001]","[486, 488, 490, 492, 491, 493, 510, 521, 588, 2078, 2092]","[0, 0, 0, 0, 0, 2, 0, 0, 0, 0, 0]",wild animal,env_water,USA:VA,water_appalachian
Water_Delmarva,48,48,98,102,0.51,0.0,SAMN04563735,"serotype=Typhimurium,""antigen_formula=4:i:1,2""",45573.0,45573.0,45573.0,USA:VA,sediment,sediment,environmental-water,2015.0,"[0.625, 0.189, 0.186]","[48, 97, 97, 97, 98, 98, 98, 98, 98, 98, 99]","[0, 0, 0, 0, 0, 1, 0, 0, 0, 0, 1]",wild animal,env_water,USA:VA,water_appalachian
Water_Delmarva,4,9,4,20,0.83,1.0,SAMN04563737,"serotype=Thompson,""antigen_formula=7:k:1,5""",119.0,119.0,119.0,USA:VA,sediment,sediment,environmental-water,2015.0,"[0.105, 0.789, 0.105]","[4, 5, 7, 8, 8, 8, 8, 8, 9, 9, 9]","[1, 1, 1, 1, 1, 1, 1, 1, 1, 0, 0]",poultry,env_water,USA:VA,water_appalachian
Water_Delmarva,4,9,4,19,0.83,1.0,SAMN04563738,"serotype=Thompson,""antigen_formula=7:k:1,5""",119.0,119.0,119.0,USA:VA,sediment,sediment,environmental-water,2015.0,"[0.105, 0.789, 0.105]","[4, 5, 7, 8, 8, 8, 8, 8, 9, 9, 9]","[1, 1, 1, 1, 1, 1, 1, 1, 0, 1, 0]",poultry,env_water,USA:VA,water_appalachian
Water_Delmarva,10,486,12,10,0.5,2.0,SAMN04563743,"serotype=Javiana,""antigen_formula=9:l,z28:1,5""",590.0,590.0,590.0,USA:VA,sediment,sediment,environmental-water,2015.0,"[0.008, 0.044, 0.949]","[10, 12, 14, 14, 15, 16, 36, 114, 285, 286, 301]","[2, 1, 1, 2, 2, 2, 2, 1, 1, 1, 2]",generalist,env_water,USA:VA,water_appalachian
Water_Delmarva,12,16,13,12,0.5,2.0,SAMN04933528,"serotype=Infantis,""antigen_formula=7:r:1,5""",638.0,638.0,638.0,USA:VA,creek water,creek water,environmental-water,2015.0,"[0.024, 0.061, 0.915]","[12, 13, 13, 13, 13, 14, 15, 15, 15, 16, 16]","[2, 1, 2, 1, 2, 2, 2, 2, 2, 0, 1]",generalist,env_water,USA:VA,water_appalachian
Water_Delmarva,555,555,2144,668,0.99,0.0,SAMN04933539,"serotype=IIIb 16:z10:e,n,x,z15,""antigen_formula=16:z10:e,n,x,z15""",45648.0,45648.0,45648.0,USA:VA,sediment,sediment,environmental-water,2015.0,"[0.998, 0.001, 0.001]","[555, 668, 671, 671, 674, 674, 678, 698, 702, 2066, 2084]","[0, 2, 0, 0, 0, 0, 0, 0, 0, 0, 0]",wild animal,env_water,USA:VA,water_appalachian
Water_Delmarva,2,27,2,31,1.0,1.0,SAMN04933560,"serotype=Heidelberg,""antigen_formula=4:r:1,2""",11957.0,3064.0,558.0,USA:VA,sediment,sediment,environmental-water,2015.0,"[0.041, 0.919, 0.041]","[2, 3, 3, 3, 4, 4, 5, 5, 5, 6, 6]","[1, 1, 1, 1, 1, 1, 1, 1, 1, 1, 1]",poultry,env_water,USA:VA,water_appalachian
Water_Delmarva,1,26,1,30,1.0,1.0,SAMN04933565,"serotype=Heidelberg,""antigen_formula=4:r:1,2""",11957.0,3064.0,558.0,USA:VA,sediment,sediment,environmental-water,2015.0,"[0.041, 0.919, 0.041]","[1, 2, 2, 2, 3, 3, 4, 4, 4, 5, 5]","[1, 1, 1, 1, 1, 1, 1, 1, 1, 1, 1]",poultry,env_water,USA:VA,water_appalachian
Water_Delmarva,10,486,12,10,0.5,2.0,SAMN04933265,"serotype=Javiana,""antigen_formula=9:l,z28:1,5""",590.0,590.0,590.0,USA:VA,creek water,creek water,environmental-water,2015.0,"[0.008, 0.044, 0.949]","[10, 12, 14, 14, 15, 16, 36, 114, 285, 286, 301]","[2, 1, 1, 2, 2, 2, 2, 1, 1, 1, 2]",generalist,env_water,USA:VA,water_appalachian
Water_Delmarva,10,486,12,10,0.5,2.0,SAMN04933271,"serotype=Javiana,""antigen_formula=9:l,z28:1,5""",590.0,590.0,590.0,USA:VA,creek water,creek water,environmental-water,2015.0,"[0.008, 0.043, 0.949]","[10, 12, 14, 14, 15, 16, 36, 114, 285, 286, 300]","[2, 1, 1, 2, 2, 2, 2, 1, 1, 1, 2]",generalist,env_water,USA:VA,water_appalachian
Water_Delmarva,2,27,2,31,1.0,1.0,SAMN04933493,"serotype=Heidelberg,""antigen_formula=4:r:1,2""",11957.0,3064.0,558.0,USA:VA,creek water,creek water,environmental-water,2015.0,"[0.041, 0.919, 0.041]","[2, 3, 3, 3, 4, 4, 5, 5, 5, 6, 6]","[1, 1, 1, 1, 1, 1, 1, 1, 1, 1, 1]",poultry,env_water,USA:VA,water_appalachian
Water_Delmarva,15,19,16,15,0.5,2.0,SAMN04933494,"serotype=Infantis,""antigen_formula=7:r:1,5""",638.0,638.0,638.0,USA:VA,creek water,creek water,environmental-water,2015.0,"[0.024, 0.061, 0.915]","[15, 16, 16, 16, 16, 17, 18, 18, 18, 19, 19]","[2, 1, 2, 1, 2, 2, 2, 2, 2, 0, 1]",generalist,env_water,USA:VA,water_appalachian
Water_Delmarva,13,17,14,13,0.5,2.0,SAMN04933500,"serotype=Infantis,""antigen_formula=7:r:1,5""",638.0,638.0,638.0,USA:VA,creek water,creek water,environmental-water,2015.0,"[0.024, 0.061, 0.915]","[13, 14, 14, 14, 14, 15, 16, 16, 16, 17, 17]","[2, 2, 1, 1, 2, 2, 2, 2, 2, 0, 1]",generalist,env_water,USA:VA,water_appalachian
Water_Delmarva,2,27,2,31,1.0,1.0,SAMN04933501,"serotype=Heidelberg,""antigen_formula=4:r:1,2""",11957.0,3064.0,558.0,USA:VA,creek water,creek water,environmental-water,2015.0,"[0.041, 0.919, 0.041]","[2, 3, 3, 3, 4, 4, 5, 5, 5, 6, 6]","[1, 1, 1, 1, 1, 1, 1, 1, 1, 1, 1]",poultry,env_water,USA:VA,water_appalachian
Water_Delmarva,11,486,13,11,0.5,2.0,SAMN04563688,"serotype=Javiana,""antigen_formula=9:l,z28:1,5""",590.0,590.0,590.0,USA:VA,creek water,creek water,environmental-water,2015.0,"[0.008, 0.043, 0.949]","[11, 13, 15, 15, 16, 17, 37, 115, 286, 287, 301]","[2, 1, 1, 2, 2, 2, 2, 1, 1, 1, 2]",generalist,env_water,USA:VA,water_appalachian
Water_Delmarva,13,487,15,13,0.5,2.0,SAMN04563689,"serotype=Javiana,""antigen_formula=9:l,z28:1,5""",590.0,590.0,590.0,USA:VA,creek water,creek water,environmental-water,2015.0,"[0.008, 0.043, 0.949]","[13, 15, 17, 17, 18, 19, 39, 117, 288, 289, 303]","[2, 1, 2, 1, 2, 2, 2, 1, 1, 1, 2]",generalist,env_water,USA:VA,water_appalachian
Water_Delmarva,12,487,14,12,0.5,2.0,SAMN04563692,"serotype=Javiana,""antigen_formula=9:l,z28:1,5""",590.0,590.0,590.0,USA:VA,creek water,creek water,environmental-water,2015.0,"[0.008, 0.043, 0.949]","[12, 14, 16, 16, 17, 18, 38, 116, 287, 288, 301]","[2, 1, 1, 2, 2, 2, 2, 1, 1, 1, 2]",generalist,env_water,USA:VA,water_appalachian
Water_Delmarva,13,485,15,13,0.5,2.0,SAMN04563693,"serotype=Javiana,""antigen_formula=9:l,z28:1,5""",590.0,590.0,590.0,USA:VA,creek water,creek water,environmental-water,2015.0,"[0.008, 0.044, 0.949]","[13, 15, 17, 17, 18, 19, 39, 117, 286, 287, 302]","[2, 1, 1, 2, 2, 2, 2, 1, 1, 1, 2]",generalist,env_water,USA:VA,water_appalachian
Water_Delmarva,11,486,13,11,0.5,2.0,SAMN04563694,"serotype=Javiana,""antigen_formula=9:l,z28:1,5""",590.0,590.0,590.0,USA:VA,creek water,creek water,environmental-water,2015.0,"[0.008, 0.044, 0.949]","[11, 13, 15, 15, 16, 17, 37, 115, 285, 286, 302]","[2, 1, 2, 1, 2, 2, 2, 1, 1, 1, 2]",generalist,env_water,USA:VA,water_appalachian
Water_Delmarva,16,490,18,16,0.5,2.0,SAMN04933256,"serotype=I -:-:-,""antigen_formula=-:-:-""",590.0,590.0,590.0,USA:VA,creek water,creek water,environmental-water,2015.0,"[0.008, 0.043, 0.949]","[16, 18, 20, 20, 21, 22, 42, 120, 291, 292, 306]","[2, 1, 1, 2, 2, 2, 2, 1, 1, 1, 2]",generalist,env_water,USA:VA,water_appalachian
Water_Delmarva,11,485,13,11,0.5,2.0,SAMN04563713,"serotype=Javiana,""antigen_formula=9:l,z28:1,5""",590.0,590.0,590.0,USA:VA,creek water,creek water,environmental-water,2015.0,"[0.008, 0.043, 0.949]","[11, 13, 15, 15, 16, 17, 37, 115, 286, 287, 301]","[2, 1, 2, 1, 2, 2, 2, 1, 1, 1, 2]",generalist,env_water,USA:VA,water_appalachian
Water_Delmarva,11,487,13,11,0.5,2.0,SAMN04563717,"serotype=Javiana,""antigen_formula=9:l,z28:1,5""",590.0,590.0,590.0,USA:VA,creek water,creek water,environmental-water,2015.0,"[0.008, 0.044, 0.949]","[11, 13, 15, 15, 16, 17, 37, 115, 286, 287, 302]","[2, 1, 1, 2, 2, 2, 2, 1, 1, 1, 2]",generalist,env_water,USA:VA,water_appalachian
Water_Delmarva,48,48,98,102,0.51,0.0,SAMN04563736,"serotype=Typhimurium,""antigen_formula=4:i:1,2""",45573.0,45573.0,45573.0,USA:VA,sediment,sediment,environmental-water,2015.0,"[0.625, 0.189, 0.186]","[48, 97, 97, 97, 98, 98, 98, 98, 98, 98, 99]","[0, 0, 0, 0, 0, 1, 0, 0, 0, 0, 1]",wild animal,env_water,USA:VA,water_appalachian
Water_Delmarva,10,486,12,10,0.5,2.0,SAMN04563744,"serotype=Javiana,""antigen_formula=9:l,z28:1,5""",590.0,590.0,590.0,USA:VA,sediment,sediment,environmental-water,2015.0,"[0.008, 0.043, 0.949]","[10, 12, 14, 14, 15, 16, 36, 114, 285, 286, 300]","[2, 1, 1, 2, 2, 2, 2, 1, 1, 1, 2]",generalist,env_water,USA:VA,water_appalachian
Water_Delmarva,27,36,27,32,0.52,1.0,SAMN04563747,"serotype=Litchfield,""antigen_formula=8:l,v:1,2""",49006.0,49006.0,49006.0,USA:VA,sediment,sediment,environmental-water,2015.0,"[0.175, 0.476, 0.35]","[27, 31, 32, 32, 33, 33, 34, 34, 34, 34, 34]","[1, 1, 2, 2, 2, 1, 1, 1, 1, 1, 1]",generalist,env_water,USA:VA,water_appalachian
Water_Delmarva,678,678,2158,785,0.97,0.0,SAMN04563748,"serotype=IIIb 16:z10:e,n,x,z15,""antigen_formula=16:z10:e,n,x,z15""",49005.0,49005.0,49005.0,USA:VA,sediment,sediment,environmental-water,2015.0,"[0.998, 0.001, 0.001]","[678, 778, 782, 784, 785, 787, 786, 809, 810, 2072, 2089]","[0, 0, 0, 0, 2, 0, 0, 0, 0, 0, 0]",wild animal,env_water,USA:VA,water_appalachian
Water_Delmarva,26,34,26,31,0.52,1.0,SAMN04563749,"serotype=Litchfield,""antigen_formula=8:l,v:1,2""",49006.0,49006.0,49006.0,USA:VA,sediment,sediment,environmental-water,2015.0,"[0.175, 0.476, 0.35]","[26, 30, 31, 31, 32, 32, 33, 33, 33, 33, 33]","[1, 1, 2, 2, 2, 1, 1, 1, 1, 1, 1]",generalist,env_water,USA:VA,water_appalachian
Water_Delmarva,3,8,3,18,0.88,1.0,SAMN04563756,"serotype=Thompson,""antigen_formula=7:k:1,5""",119.0,119.0,119.0,USA:VA,creek water,creek water,environmental-water,2015.0,"[0.105, 0.789, 0.105]","[3, 4, 6, 7, 7, 7, 7, 7, 8, 8, 8]","[1, 1, 1, 1, 1, 1, 1, 1, 0, 1, 0]",poultry,env_water,USA:VA,water_appalachian
Water_Delmarva,3,8,3,19,0.88,1.0,SAMN04933253,"serotype=Thompson,""antigen_formula=7:k:1,5""",119.0,119.0,119.0,USA:VA,creek water,creek water,environmental-water,2015.0,"[0.105, 0.789, 0.105]","[3, 4, 6, 7, 7, 7, 7, 7, 8, 8, 8]","[1, 1, 1, 1, 1, 1, 1, 1, 1, 0, 0]",poultry,env_water,USA:VA,water_appalachian
Water_Delmarva,4,9,4,20,0.83,1.0,SAMN04933260,"serotype=Thompson,""antigen_formula=7:k:1,5""",119.0,119.0,119.0,USA:VA,creek water,creek water,environmental-water,2015.0,"[0.105, 0.789, 0.105]","[4, 5, 7, 8, 8, 8, 8, 8, 9, 9, 9]","[1, 1, 1, 1, 1, 1, 1, 1, 1, 0, 0]",poultry,env_water,USA:VA,water_appalachian
Water_Delmarva,24,35,24,30,0.48,1.0,SAMN04933267,"serotype=Johannesburg,""antigen_formula=40:b:e,n,x""",48999.0,47822.0,459.0,USA:VA,creek water,creek water,environmental-water,2015.0,"[0.152, 0.512, 0.336]","[24, 30, 31, 32, 32, 33, 33, 35, 35, 35, 35]","[1, 2, 2, 1, 1, 1, 1, 1, 0, 1, 1]",generalist,env_water,USA:VA,water_appalachian
Water_Delmarva,12,16,13,12,0.5,2.0,SAMN04933515,"serotype=Infantis,""antigen_formula=7:r:1,5""",638.0,638.0,638.0,USA:VA,creek water,creek water,environmental-water,2015.0,"[0.024, 0.061, 0.915]","[12, 13, 13, 13, 13, 14, 15, 15, 15, 16, 16]","[2, 1, 2, 1, 2, 2, 2, 2, 2, 0, 1]",generalist,env_water,USA:VA,water_appalachian
Water_Delmarva,48,48,98,102,0.51,0.0,SAMN04563679,"serotype=Typhimurium,""antigen_formula=4:i:1,2""",45573.0,45573.0,45573.0,USA:VA,creek water,creek water,environmental-water,2015.0,"[0.625, 0.189, 0.186]","[48, 97, 97, 97, 98, 98, 98, 98, 98, 98, 99]","[0, 0, 0, 0, 0, 0, 0, 1, 0, 0, 0]",wild animal,env_water,USA:VA,water_appalachian
Water_Delmarva,49,49,99,103,0.51,0.0,SAMN04563680,"serotype=Typhimurium,""antigen_formula=4:i:1,2""",45573.0,45573.0,45573.0,USA:VA,creek water,creek water,environmental-water,2015.0,"[0.625, 0.189, 0.186]","[49, 98, 98, 98, 99, 99, 99, 99, 99, 99, 100]","[0, 0, 0, 0, 0, 0, 1, 0, 0, 0, 1]",wild animal,env_water,USA:VA,water_appalachian
Water_Delmarva,48,48,97,101,0.51,0.0,SAMN04563681,"serotype=Typhimurium,""antigen_formula=4:i:1,2""",45573.0,45573.0,45573.0,USA:VA,creek water,creek water,environmental-water,2015.0,"[0.626, 0.188, 0.186]","[48, 96, 96, 96, 97, 97, 97, 97, 97, 97, 98]","[0, 0, 0, 0, 0, 1, 0, 0, 0, 0, 1]",wild animal,env_water,USA:VA,water_appalachian
Water_Delmarva,47,47,97,101,0.51,0.0,SAMN04563686,"serotype=Typhimurium,""antigen_formula=4:i:1,2""",45573.0,45573.0,45573.0,USA:VA,creek water,creek water,environmental-water,2015.0,"[0.625, 0.189, 0.186]","[47, 96, 96, 96, 97, 97, 97, 97, 97, 97, 98]","[0, 0, 0, 0, 0, 1, 0, 0, 0, 0, 0]",wild animal,env_water,USA:VA,water_appalachian
Water_Delmarva,11,481,13,11,0.5,2.0,SAMN04563698,"serotype=Javiana,""antigen_formula=9:l,z28:1,5""",590.0,590.0,590.0,USA:VA,creek water,creek water,environmental-water,2015.0,"[0.008, 0.043, 0.949]","[11, 13, 15, 15, 16, 17, 37, 114, 282, 283, 297]","[2, 1, 2, 1, 2, 2, 2, 1, 1, 1, 2]",generalist,env_water,USA:VA,water_appalachian
Water_Delmarva,30,465,38,30,1.0,1.0,SAMN04563608,"serotype=Javiana,""antigen_formula=9:l,z28:1,5""",49867.0,49867.0,49867.0,USA:VA,creek water,creek water,environmental-water,2015.0,"[0.024, 0.912, 0.064]","[30, 38, 38, 38, 38, 57, 59, 304, 307, 308, 308]","[2, 1, 1, 1, 1, 1, 1, 1, 2, 2, 2]",poultry,env_water,USA:VA,water_appalachian
Water_Delmarva,15,490,17,15,0.5,2.0,SAMN04563610,"serotype=Javiana,""antigen_formula=9:l,z28:1,5""",590.0,590.0,590.0,USA:VA,creek water,creek water,environmental-water,2015.0,"[0.008, 0.044, 0.949]","[15, 17, 19, 19, 20, 21, 41, 119, 290, 291, 306]","[2, 1, 1, 2, 2, 2, 2, 1, 1, 1, 2]",generalist,env_water,USA:VA,water_appalachian
Water_Delmarva,16,491,18,16,0.5,2.0,SAMN04563613,"serotype=Javiana,""antigen_formula=9:l,z28:1,5""",590.0,590.0,590.0,USA:VA,creek water,creek water,environmental-water,2015.0,"[0.008, 0.044, 0.949]","[16, 18, 20, 20, 21, 22, 42, 120, 291, 292, 307]","[2, 1, 2, 1, 2, 2, 2, 1, 1, 1, 2]",generalist,env_water,USA:VA,water_appalachian
Water_Delmarva,4,14,4,22,0.56,1.0,SAMN04563619,"serotype=Braenderup,""antigen_formula=7:e,h:e,n,z15""",4601.0,4601.0,185.0,USA:VA,creek water,creek water,environmental-water,2015.0,"[0.317, 0.525, 0.158]","[4, 14, 16, 16, 18, 18, 19, 19, 21, 21, 21]","[1, 0, 1, 1, 1, 0, 0, 1, 1, 1, 0]",poultry,env_water,USA:VA,water_appalachian
Water_Delmarva,32,467,39,32,1.0,1.0,SAMN04563615,"serotype=Javiana,""antigen_formula=9:l,z28:1,5""",49867.0,49867.0,49867.0,USA:VA,creek water,creek water,environmental-water,2015.0,"[0.023, 0.913, 0.064]","[32, 39, 40, 40, 40, 59, 61, 306, 309, 310, 310]","[2, 1, 1, 1, 1, 1, 1, 1, 2, 2, 2]",poultry,env_water,USA:VA,water_appalachian
Water_Delmarva,4,14,4,22,0.56,1.0,SAMN04563618,"serotype=Braenderup,""antigen_formula=7:e,h:e,n,z15""",4601.0,4601.0,185.0,USA:VA,creek water,creek water,environmental-water,2015.0,"[0.317, 0.525, 0.158]","[4, 14, 16, 16, 18, 18, 19, 19, 21, 21, 21]","[1, 0, 1, 1, 1, 0, 0, 1, 1, 1, 0]",poultry,env_water,USA:VA,water_appalachian
Water_Delmarva,13,489,15,13,0.5,2.0,SAMN04563628,"serotype=Javiana,""antigen_formula=9:l,z28:1,5""",590.0,590.0,590.0,USA:VA,creek water,creek water,environmental-water,2015.0,"[0.008, 0.044, 0.949]","[13, 15, 17, 17, 18, 19, 39, 117, 288, 289, 304]","[2, 1, 1, 2, 2, 2, 2, 1, 1, 1, 2]",generalist,env_water,USA:VA,water_appalachian
Water_Delmarva,12,488,14,12,0.5,2.0,SAMN04563634,"serotype=I -:-:-,""antigen_formula=-:-:-""",590.0,590.0,590.0,USA:VA,creek water,creek water,environmental-water,2015.0,"[0.008, 0.044, 0.949]","[12, 14, 16, 16, 17, 18, 38, 116, 287, 288, 303]","[2, 1, 2, 1, 2, 2, 2, 1, 1, 1, 2]",generalist,env_water,USA:VA,water_appalachian
Water_Delmarva,176,176,801,534,1.0,0.0,SAMN04563654,"serotype=Bareilly,""antigen_formula=7:y:1,5""",49850.0,49850.0,16969.0,USA:VA,creek water,creek water,environmental-water,2015.0,"[0.911, 0.035, 0.054]","[176, 184, 196, 534, 624, 789, 800, 800, 801, 801, 801]","[0, 0, 0, 2, 0, 0, 0, 0, 0, 2, 1]",wild animal,env_water,USA:VA,water_appalachian
Water_Delmarva,164,164,792,522,1.0,0.0,SAMN04563678,"serotype=I -:y:1,5,""antigen_formula=-:y:1,5""",18791.0,16969.0,16969.0,USA:VA,sediment,sediment,environmental-water,2015.0,"[0.911, 0.035, 0.054]","[164, 171, 185, 522, 612, 781, 791, 792, 792, 792, 792]","[0, 0, 0, 2, 0, 0, 0, 0, 2, 1, 2]",wild animal,env_water,USA:VA,water_appalachian
Water_Delmarva,12,488,14,12,0.5,2.0,SAMN04563627,"serotype=Javiana,""antigen_formula=9:l,z28:1,5""",590.0,590.0,590.0,USA:VA,creek water,creek water,environmental-water,2015.0,"[0.008, 0.044, 0.949]","[12, 14, 16, 16, 17, 18, 38, 116, 287, 288, 303]","[2, 1, 2, 1, 2, 2, 2, 1, 1, 1, 2]",generalist,env_water,USA:VA,water_appalachian
Water_Delmarva,12,488,14,12,0.5,2.0,SAMN04563629,"serotype=Javiana,""antigen_formula=9:l,z28:1,5""",590.0,590.0,590.0,USA:VA,creek water,creek water,environmental-water,2015.0,"[0.008, 0.044, 0.949]","[12, 14, 16, 16, 17, 18, 38, 116, 287, 288, 303]","[2, 1, 2, 1, 2, 2, 2, 1, 1, 1, 2]",generalist,env_water,USA:VA,water_appalachian
Water_Delmarva,22,28,22,26,0.54,2.0,SAMN04563630,"serotype=I -:-:-,""antigen_formula=-:-:-""",49834.0,49834.0,49834.0,USA:VA,creek water,creek water,environmental-water,2015.0,"[0.157, 0.229, 0.614]","[22, 26, 28, 28, 29, 30, 30, 30, 31, 32, 32]","[1, 2, 2, 0, 2, 1, 2, 2, 2, 2, 2]",swine,env_water,USA:VA,water_appalachian
Water_Delmarva,22,28,22,26,0.54,2.0,SAMN04563631,"serotype=Senftenberg,""antigen_formula=1,3,19:g,s,t:-""",49834.0,49834.0,49834.0,USA:VA,creek water,creek water,environmental-water,2015.0,"[0.157, 0.229, 0.614]","[22, 26, 28, 28, 29, 30, 30, 30, 31, 32, 32]","[1, 2, 2, 0, 2, 1, 2, 2, 2, 2, 2]",swine,env_water,USA:VA,water_appalachian
Water_Delmarva,12,488,14,12,0.5,2.0,SAMN04563632,"serotype=I -:-:-,""antigen_formula=-:-:-""",590.0,590.0,590.0,USA:VA,creek water,creek water,environmental-water,2015.0,"[0.008, 0.044, 0.949]","[12, 14, 16, 16, 17, 18, 38, 116, 287, 288, 303]","[2, 1, 2, 1, 2, 2, 2, 1, 1, 1, 2]",generalist,env_water,USA:VA,water_appalachian
Water_Delmarva,12,488,14,12,0.5,2.0,SAMN04563635,"serotype=Javiana,""antigen_formula=9:l,z28:1,5""",590.0,590.0,590.0,USA:VA,creek water,creek water,environmental-water,2015.0,"[0.008, 0.044, 0.949]","[12, 14, 16, 16, 17, 18, 38, 116, 287, 288, 303]","[2, 1, 2, 1, 2, 2, 2, 1, 1, 1, 2]",generalist,env_water,USA:VA,water_appalachian
Water_Delmarva,13,489,15,13,0.5,2.0,SAMN04563633,"serotype=Javiana,""antigen_formula=9:l,z28:1,5""",590.0,590.0,590.0,USA:VA,creek water,creek water,environmental-water,2015.0,"[0.008, 0.044, 0.949]","[13, 15, 17, 17, 18, 19, 39, 117, 288, 289, 304]","[2, 1, 1, 2, 2, 2, 2, 1, 1, 1, 2]",generalist,env_water,USA:VA,water_appalachian
Water_Delmarva,152,152,2123,2047,1.0,0.0,SAMN04563649,"serotype=IIIb 38:(k):z35,""antigen_formula=38:k:z35""",49877.0,49877.0,49877.0,USA:VA,creek water,creek water,environmental-water,2015.0,"[0.822, 0.087, 0.091]","[152, 162, 1972, 1999, 2026, 2047, 2047, 2083, 2108, 2122, 2120]","[0, 0, 0, 0, 0, 2, 0, 0, 0, 0, 0]",wild animal,env_water,USA:VA,water_appalachian
Water_Delmarva,177,177,802,535,1.0,0.0,SAMN04563653,"serotype=Bareilly,""antigen_formula=7:y:1,5""",49850.0,49850.0,16969.0,USA:VA,creek water,creek water,environmental-water,2015.0,"[0.911, 0.035, 0.054]","[177, 185, 197, 535, 625, 790, 801, 801, 802, 802, 802]","[0, 0, 0, 2, 0, 0, 0, 0, 0, 1, 2]",wild animal,env_water,USA:VA,water_appalachian
Water_Delmarva,12,484,15,12,0.53,2.0,SAMN04563661,"serotype=Javiana,""antigen_formula=9:l,z28:1,5""",634.0,590.0,590.0,USA:VA,creek water,creek water,environmental-water,2015.0,"[0.008, 0.044, 0.949]","[12, 15, 16, 17, 17, 18, 40, 118, 288, 289, 305]","[2, 1, 2, 1, 2, 2, 2, 1, 1, 1, 2]",generalist,env_water,USA:VA,water_appalachian
Water_Delmarva,176,176,801,534,1.0,0.0,SAMN04563662,"serotype=Bareilly,""antigen_formula=7:y:1,5""",49850.0,49850.0,16969.0,USA:VA,creek water,creek water,environmental-water,2015.0,"[0.911, 0.035, 0.054]","[176, 184, 196, 534, 624, 789, 800, 800, 801, 801, 801]","[0, 0, 0, 2, 0, 0, 0, 0, 0, 2, 1]",wild animal,env_water,USA:VA,water_appalachian
Water_Delmarva,12,488,14,12,0.5,2.0,SAMN04563637,"serotype=Javiana,""antigen_formula=9:l,z28:1,5""",590.0,590.0,590.0,USA:VA,creek water,creek water,environmental-water,2015.0,"[0.008, 0.044, 0.949]","[12, 14, 16, 16, 17, 18, 38, 116, 287, 288, 303]","[2, 1, 2, 1, 2, 2, 2, 1, 1, 1, 2]",generalist,env_water,USA:VA,water_appalachian
Water_Delmarva,2,24,2,29,1.0,1.0,SAMN04563644,"serotype=Hadar,""antigen_formula=8:z10:e,n,x""",2843.0,2843.0,159.0,USA:VA,creek water,creek water,environmental-water,2015.0,"[0.017, 0.966, 0.017]","[2, 5, 5, 5, 5, 7, 7, 9, 13, 17, 17]","[1, 1, 1, 1, 1, 1, 1, 1, 1, 1, 1]",poultry,env_water,USA:VA,water_appalachian
Water_Delmarva,177,177,802,535,1.0,0.0,SAMN04563651,"serotype=Bareilly,""antigen_formula=7:y:1,5""",49850.0,49850.0,16969.0,USA:VA,creek water,creek water,environmental-water,2015.0,"[0.911, 0.035, 0.054]","[177, 185, 197, 535, 625, 790, 801, 801, 802, 802, 802]","[0, 0, 0, 2, 0, 0, 0, 0, 0, 1, 2]",wild animal,env_water,USA:VA,water_appalachian
Water_Delmarva,176,176,801,534,1.0,0.0,SAMN04563652,"serotype=I -:-:-,""antigen_formula=-:-:-""",49850.0,49850.0,16969.0,USA:VA,creek water,creek water,environmental-water,2015.0,"[0.911, 0.035, 0.054]","[176, 184, 196, 534, 624, 789, 800, 800, 801, 801, 801]","[0, 0, 0, 2, 0, 0, 0, 0, 0, 2, 1]",wild animal,env_water,USA:VA,water_appalachian
Water_Delmarva,11,11,13,11,0.54,2.0,SAMN04563672,"serotype=Infantis,""antigen_formula=7:r:1,5""",49862.0,49862.0,539.0,USA:VA,sediment,sediment,environmental-water,2015.0,"[0.344, 0.208, 0.448]","[11, 11, 12, 13, 13, 13, 13, 13, 14, 14, 14]","[0, 2, 2, 1, 1, 1, 1, 0, 1, 1, 1]",swine,env_water,USA:VA,water_appalachian
Water_Delmarva,12,488,14,12,0.5,2.0,SAMN04563626,"serotype=Javiana,""antigen_formula=9:l,z28:1,5""",590.0,590.0,590.0,USA:VA,creek water,creek water,environmental-water,2015.0,"[0.008, 0.044, 0.949]","[12, 14, 16, 16, 17, 18, 38, 116, 287, 288, 303]","[2, 1, 2, 1, 2, 2, 2, 1, 1, 1, 2]",generalist,env_water,USA:VA,water_appalachian
Water_Delmarva,13,489,15,13,0.5,2.0,SAMN04563636,"serotype=Javiana,""antigen_formula=9:l,z28:1,5""",590.0,590.0,590.0,USA:VA,creek water,creek water,environmental-water,2015.0,"[0.008, 0.044, 0.949]","[13, 15, 17, 17, 18, 19, 39, 117, 288, 289, 304]","[2, 1, 2, 1, 2, 2, 2, 1, 1, 1, 2]",generalist,env_water,USA:VA,water_appalachian
Water_Delmarva,168,168,798,529,1.0,0.0,SAMN04563638,"serotype=Bareilly,""antigen_formula=7:y:1,5""",16970.0,16969.0,16969.0,USA:VA,creek water,creek water,environmental-water,2015.0,"[0.911, 0.035, 0.054]","[168, 176, 190, 529, 616, 786, 798, 798, 798, 798, 798]","[0, 0, 0, 2, 0, 0, 0, 1, 2, 1, 2]",wild animal,env_water,USA:VA,water_appalachian
Water_Delmarva,2,12,2,20,0.57,1.0,SAMN04563639,"serotype=Braenderup,""antigen_formula=7:e,h:e,n,z15""",4601.0,4601.0,185.0,USA:VA,creek water,creek water,environmental-water,2015.0,"[0.317, 0.525, 0.158]","[2, 12, 14, 14, 16, 16, 17, 17, 19, 19, 19]","[1, 0, 1, 1, 1, 0, 0, 1, 0, 1, 1]",poultry,env_water,USA:VA,water_appalachian
Water_Delmarva,1,23,1,28,1.0,1.0,SAMN04563645,"serotype=Hadar,""antigen_formula=8:z10:e,n,x""",2843.0,2843.0,159.0,USA:VA,creek water,creek water,environmental-water,2015.0,"[0.017, 0.966, 0.017]","[1, 4, 4, 4, 4, 6, 6, 8, 12, 16, 16]","[1, 1, 1, 1, 1, 1, 1, 1, 1, 1, 1]",poultry,env_water,USA:VA,water_appalachian
Water_Delmarva,13,489,15,13,0.5,2.0,SAMN04563668,"serotype=Javiana,""antigen_formula=9:l,z28:1,5""",590.0,590.0,590.0,USA:VA,sediment,sediment,environmental-water,2015.0,"[0.008, 0.044, 0.949]","[13, 15, 17, 17, 18, 19, 39, 117, 288, 289, 304]","[2, 1, 2, 1, 2, 2, 2, 1, 1, 1, 2]",generalist,env_water,USA:VA,water_appalachian
Water_Delmarva,11,11,13,11,0.54,2.0,SAMN04563669,"serotype=Infantis,""antigen_formula=7:r:1,5""",49862.0,49862.0,539.0,USA:VA,sediment,sediment,environmental-water,2015.0,"[0.344, 0.208, 0.448]","[11, 11, 12, 13, 13, 13, 13, 13, 14, 14, 14]","[0, 2, 2, 1, 1, 1, 1, 0, 1, 1, 1]",swine,env_water,USA:VA,water_appalachian
Water_Delmarva,12,488,14,12,0.5,2.0,SAMN04563670,"serotype=Javiana,""antigen_formula=9:l,z28:1,5""",590.0,590.0,590.0,USA:VA,sediment,sediment,environmental-water,2015.0,"[0.008, 0.044, 0.949]","[12, 14, 16, 16, 17, 18, 38, 116, 287, 288, 303]","[2, 1, 1, 2, 2, 2, 2, 1, 1, 1, 2]",generalist,env_water,USA:VA,water_appalachian
Water_Delmarva,10,10,12,10,0.55,2.0,SAMN04563671,"serotype=I -:-:-,""antigen_formula=-:-:-""",49862.0,49862.0,539.0,USA:VA,sediment,sediment,environmental-water,2015.0,"[0.344, 0.208, 0.448]","[10, 10, 11, 12, 12, 12, 12, 12, 13, 13, 13]","[0, 2, 2, 1, 1, 1, 1, 0, 1, 1, 1]",swine,env_water,USA:VA,water_appalachian
Water_Delmarva,164,164,792,522,1.0,0.0,SAMN04563675,"serotype=I -:y:1,5,""antigen_formula=-:y:1,5""",18791.0,16969.0,16969.0,USA:VA,sediment,sediment,environmental-water,2015.0,"[0.911, 0.035, 0.054]","[164, 171, 185, 522, 612, 781, 791, 792, 792, 792, 792]","[0, 0, 0, 2, 0, 0, 0, 0, 2, 1, 2]",wild animal,env_water,USA:VA,water_appalachian
Water_Delmarva,164,164,792,522,1.0,0.0,SAMN04563676,"serotype=I -:y:1,5,""antigen_formula=-:y:1,5""",18791.0,16969.0,16969.0,USA:VA,sediment,sediment,environmental-water,2015.0,"[0.911, 0.035, 0.054]","[164, 171, 185, 522, 612, 781, 791, 792, 792, 792, 792]","[0, 0, 0, 2, 0, 0, 0, 0, 2, 1, 2]",wild animal,env_water,USA:VA,water_appalachian
Water_Delmarva,176,176,801,534,1.0,0.0,SAMN04563656,"serotype=Bareilly,""antigen_formula=7:y:1,5""",49850.0,49850.0,16969.0,USA:VA,creek water,creek water,environmental-water,2015.0,"[0.911, 0.035, 0.054]","[176, 184, 196, 534, 624, 789, 800, 800, 801, 801, 801]","[0, 0, 0, 2, 0, 0, 0, 0, 0, 2, 1]",wild animal,env_water,USA:VA,water_appalachian
Water_Delmarva,176,176,802,535,1.0,0.0,SAMN04563657,"serotype=Bareilly,""antigen_formula=7:y:1,5""",49850.0,49850.0,16969.0,USA:VA,creek water,creek water,environmental-water,2015.0,"[0.911, 0.035, 0.054]","[176, 184, 196, 535, 625, 790, 801, 801, 802, 802, 802]","[0, 0, 0, 2, 0, 0, 0, 0, 0, 1, 2]",wild animal,env_water,USA:VA,water_appalachian
Water_Delmarva,176,176,801,534,1.0,0.0,SAMN04563663,"serotype=I -:-:-,""antigen_formula=-:-:-""",49850.0,49850.0,16969.0,USA:VA,creek water,creek water,environmental-water,2015.0,"[0.911, 0.035, 0.054]","[176, 184, 196, 534, 624, 789, 800, 800, 801, 801, 801]","[0, 0, 0, 2, 0, 0, 0, 0, 0, 2, 1]",wild animal,env_water,USA:VA,water_appalachian
Water_Delmarva,177,177,802,535,1.0,0.0,SAMN04563664,"serotype=Bareilly,""antigen_formula=7:y:1,5""",49850.0,49850.0,16969.0,USA:VA,creek water,creek water,environmental-water,2015.0,"[0.911, 0.035, 0.054]","[177, 185, 197, 535, 625, 790, 801, 801, 802, 802, 802]","[0, 0, 0, 2, 0, 0, 0, 0, 0, 1, 2]",wild animal,env_water,USA:VA,water_appalachian
Water_Delmarva,1,6,1,17,0.98,1.0,SAMN04563666,"serotype=Thompson,""antigen_formula=7:k:1,5""",119.0,119.0,119.0,USA:VA,sediment,sediment,environmental-water,2015.0,"[0.105, 0.789, 0.105]","[1, 2, 4, 5, 5, 5, 5, 5, 6, 6, 6]","[1, 1, 1, 1, 1, 1, 1, 1, 1, 0, 0]",poultry,env_water,USA:VA,water_appalachian
Water_Delmarva,29,463,37,29,1.0,1.0,SAMN03861762,"serotype=Javiana,""antigen_formula=9:l,z28:1,5""",49867.0,49867.0,49867.0,USA:VA,water,water,environmental-water,2015.0,"[0.023, 0.913, 0.064]","[29, 37, 37, 37, 38, 55, 57, 302, 305, 306, 306]","[2, 1, 1, 1, 1, 1, 1, 1, 2, 2, 2]",poultry,env_water,USA:VA,water_appalachian
Water_Delmarva,29,463,37,29,1.0,1.0,SAMN03861763,"serotype=Javiana,""antigen_formula=9:l,z28:1,5""",49867.0,49867.0,49867.0,USA:VA,water,water,environmental-water,2015.0,"[0.023, 0.913, 0.064]","[29, 37, 37, 37, 38, 55, 57, 302, 305, 306, 306]","[2, 1, 1, 1, 1, 1, 1, 1, 2, 2, 2]",poultry,env_water,USA:VA,water_appalachian
Water_Delmarva,78,78,78,78,0.49,0.0,SAMN03861772,"serotype=Norwich,""antigen_formula=7:e,h:1,6""",639.0,639.0,639.0,USA:VA,water,water,environmental-water,2015.0,"[0.464, 0.384, 0.152]","[78, 78, 78, 78, 78, 79, 120, 124, 125, 125, 125]","[0, 2, 1, 1, 1, 0, 0, 0, 0, 0, 1]",wild animal,env_water,USA:VA,water_appalachian
Water_Delmarva,10,10,10,10,0.55,0.0,SAMN03861759,"serotype=Thompson,""antigen_formula=7:k:1,5""",18725.0,119.0,119.0,USA:VA,water,water,environmental-water,2015.0,"[0.653, 0.165, 0.183]","[10, 10, 10, 11, 12, 12, 12, 13, 13, 13, 13]","[1, 2, 0, 0, 0, 0, 1, 0, 1, 0, 0]",bovine,env_water,USA:VA,water_appalachian
Water_Delmarva,9,9,9,10,0.55,0.0,SAMN03861760,"serotype=Thompson,""antigen_formula=7:k:1,5""",18725.0,119.0,119.0,USA:VA,water,water,environmental-water,2015.0,"[0.701, 0.163, 0.136]","[9, 9, 10, 10, 11, 11, 11, 12, 12, 12, 12]","[0, 1, 0, 2, 0, 0, 1, 0, 1, 0, 1]",bovine,env_water,USA:VA,water_appalachian
Water_Delmarva,16,490,18,16,0.5,2.0,SAMN03861853,"serotype=Javiana,""antigen_formula=9:l,z28:1,5""",590.0,590.0,590.0,USA:VA,water,water,environmental-water,2015.0,"[0.008, 0.044, 0.949]","[16, 18, 20, 20, 21, 22, 42, 120, 291, 292, 307]","[2, 1, 2, 1, 2, 2, 2, 1, 1, 1, 2]",generalist,env_water,USA:VA,water_appalachian
Water_Delmarva,165,165,794,524,1.0,0.0,SAMN03861858,"serotype=Bareilly,""antigen_formula=7:y:1,5""",18791.0,16969.0,16969.0,USA:VA,water,water,environmental-water,2015.0,"[0.911, 0.035, 0.054]","[165, 173, 186, 524, 615, 782, 793, 794, 794, 794, 794]","[0, 0, 0, 2, 0, 0, 0, 0, 2, 2, 1]",wild animal,env_water,USA:VA,water_appalachian
Water_Delmarva,321,334,321,331,0.93,2.0,SAMN03861867,"serotype=Rubislaw,""antigen_formula=11:r:e,n,x""",51652.0,51652.0,51652.0,USA:VA,environmental-water; sediment,sediment,environmental-water,2015.0,"[0.239, 0.159, 0.602]","[321, 331, 334, 584, 1341, 1357, 1393, 1396, 1610, 1611, 1609]","[1, 2, 0, 2, 1, 0, 2, 2, 0, 2, 2]",wild animal,env_water,USA:VA,water_appalachian
Water_Delmarva,3,13,3,21,0.57,1.0,SAMN03861869,"serotype=Braenderup,""antigen_formula=7:e,h:e,n,z15""",4601.0,4601.0,185.0,USA:VA,sediment,sediment,environmental-water,2015.0,"[0.317, 0.525, 0.158]","[3, 13, 15, 15, 17, 17, 18, 18, 20, 20, 20]","[1, 0, 1, 1, 1, 0, 0, 1, 0, 1, 1]",poultry,env_water,USA:VA,water_appalachian
Water_Delmarva,30,464,38,30,1.0,1.0,SAMN03861886,"serotype=Javiana,""antigen_formula=9:l,z28:1,5""",49867.0,49867.0,49867.0,USA:VA,sediment,sediment,environmental-water,2015.0,"[0.023, 0.913, 0.064]","[30, 38, 38, 38, 39, 56, 58, 303, 306, 307, 307]","[2, 1, 1, 1, 1, 1, 1, 1, 2, 2, 2]",poultry,env_water,USA:VA,water_appalachian
Water_Delmarva,7,48,7,44,0.97,1.0,SAMN03861908,"serotype=Typhimurium,""antigen_formula=4:i:1,2""",51599.0,51599.0,13.0,USA:VA,sediment,sediment,environmental-water,2015.0,"[0.129, 0.742, 0.129]","[7, 17, 20, 20, 20, 23, 25, 25, 25, 26, 26]","[1, 1, 1, 1, 1, 1, 1, 1, 1, 1, 1]",poultry,env_water,USA:VA,water_appalachian
Water_Delmarva,13,484,16,13,0.53,2.0,SAMN03861920,"serotype=Javiana,""antigen_formula=9:l,z28:1,5""",634.0,590.0,590.0,USA:VA,sediment,sediment,environmental-water,2015.0,"[0.008, 0.044, 0.949]","[13, 16, 17, 18, 18, 19, 41, 118, 287, 288, 303]","[2, 1, 2, 1, 2, 2, 2, 1, 1, 1, 2]",generalist,env_water,USA:VA,water_appalachian
Water_Delmarva,13,486,16,13,0.53,2.0,SAMN03861918,"serotype=Javiana,""antigen_formula=9:l,z28:1,5""",634.0,590.0,590.0,USA:VA,sediment,sediment,environmental-water,2015.0,"[0.008, 0.044, 0.949]","[13, 16, 17, 18, 18, 19, 41, 118, 288, 289, 304]","[2, 1, 2, 1, 2, 2, 2, 1, 1, 1, 2]",generalist,env_water,USA:VA,water_appalachian
Water_Delmarva,84,84,84,84,0.49,0.0,SAMN03861934,"serotype=Norwich,""antigen_formula=7:e,h:1,6""",639.0,639.0,639.0,USA:VA,sediment,sediment,environmental-water,2015.0,"[0.463, 0.385, 0.152]","[84, 84, 84, 84, 84, 85, 125, 129, 130, 130, 130]","[1, 1, 0, 1, 2, 0, 0, 0, 0, 0, 1]",wild animal,env_water,USA:VA,water_appalachian
Water_Delmarva,32,465,41,32,1.0,1.0,SAMN03861893,"serotype=Javiana,""antigen_formula=9:l,z28:1,5""",49867.0,49867.0,49867.0,USA:VA,sediment,sediment,environmental-water,2015.0,"[0.024, 0.912, 0.065]","[32, 41, 41, 41, 42, 59, 61, 305, 308, 309, 309]","[2, 1, 1, 1, 1, 1, 1, 1, 2, 2, 2]",poultry,env_water,USA:VA,water_appalachian
Water_Delmarva,13,489,15,13,0.5,2.0,SAMN03861881,"serotype=Javiana,""antigen_formula=9:l,z28:1,5""",590.0,590.0,590.0,USA:VA,sediment,sediment,environmental-water,2015.0,"[0.008, 0.043, 0.949]","[13, 15, 17, 17, 18, 19, 38, 117, 288, 289, 304]","[2, 1, 2, 1, 2, 2, 2, 1, 1, 1, 2]",generalist,env_water,USA:VA,water_appalachian
Water_Delmarva,12,488,14,12,0.5,2.0,SAMN03861880,"serotype=Javiana,""antigen_formula=9:l,z28:1,5""",590.0,590.0,590.0,USA:VA,sediment,sediment,environmental-water,2015.0,"[0.008, 0.043, 0.949]","[12, 14, 16, 16, 17, 18, 38, 116, 287, 288, 302]","[2, 1, 1, 2, 2, 2, 2, 1, 1, 1, 2]",generalist,env_water,USA:VA,water_appalachian
Water_Delmarva,12,488,14,12,0.5,2.0,SAMN03861879,"serotype=Javiana,""antigen_formula=9:l,z28:1,5""",590.0,590.0,590.0,USA:VA,sediment,sediment,environmental-water,2015.0,"[0.008, 0.043, 0.949]","[12, 14, 16, 16, 17, 18, 38, 116, 287, 288, 302]","[2, 1, 2, 1, 2, 2, 2, 1, 1, 1, 2]",generalist,env_water,USA:VA,water_appalachian
Water_Delmarva,18,493,20,18,0.5,2.0,SAMN03861888,"serotype=Javiana,""antigen_formula=9:l,z28:1,5""",47930.0,590.0,590.0,USA:VA,sediment,sediment,environmental-water,2015.0,"[0.008, 0.043, 0.949]","[18, 20, 22, 22, 23, 24, 44, 122, 293, 294, 307]","[2, 1, 2, 1, 2, 2, 2, 1, 1, 1, 2]",generalist,env_water,USA:VA,water_appalachian
Water_Delmarva,12,487,14,12,0.5,2.0,SAMN03861878,"serotype=Javiana,""antigen_formula=9:l,z28:1,5""",590.0,590.0,590.0,USA:VA,sediment,sediment,environmental-water,2015.0,"[0.008, 0.043, 0.949]","[12, 14, 16, 16, 17, 18, 38, 116, 287, 288, 302]","[2, 1, 2, 1, 2, 2, 2, 1, 1, 1, 2]",generalist,env_water,USA:VA,water_appalachian
Water_Delmarva,13,489,15,13,0.5,2.0,SAMN03861882,"serotype=Javiana,""antigen_formula=9:l,z28:1,5""",590.0,590.0,590.0,USA:VA,sediment,sediment,environmental-water,2015.0,"[0.008, 0.043, 0.949]","[13, 15, 17, 17, 18, 19, 39, 117, 288, 289, 303]","[2, 1, 1, 2, 2, 2, 2, 1, 1, 1, 2]",generalist,env_water,USA:VA,water_appalachian
Water_Delmarva,182,181,233,182,0.49,2.0,SAMN03861891,"serotype=Give,""antigen_formula=3,10:l,v:1,7""",51444.0,51444.0,51444.0,USA:VA,sediment,sediment,environmental-water,2015.0,"[0.395, 0.143, 0.462]","[182, 186, 188, 191, 194, 194, 194, 194, 194, 194, 194]","[2, 0, 0, 2, 0, 0, 2, 0, 0, 0, 0]",wild animal,env_water,USA:VA,water_appalachian
Water_Delmarva,12,488,14,12,0.5,2.0,SAMN03861890,"serotype=Javiana,""antigen_formula=9:l,z28:1,5""",590.0,590.0,590.0,USA:VA,sediment,sediment,environmental-water,2015.0,"[0.008, 0.043, 0.949]","[12, 14, 16, 16, 17, 18, 38, 116, 287, 288, 302]","[2, 1, 1, 2, 2, 2, 2, 1, 1, 1, 2]",generalist,env_water,USA:VA,water_appalachian
Water_Delmarva,77,77,77,77,0.49,0.0,SAMN03861889,"serotype=Norwich,""antigen_formula=7:e,h:1,6""",8596.0,639.0,639.0,USA:VA,sediment,sediment,environmental-water,2015.0,"[0.464, 0.385, 0.151]","[77, 77, 77, 77, 77, 78, 120, 124, 124, 124, 125]","[2, 1, 1, 0, 1, 0, 0, 0, 0, 1, 0]",wild animal,env_water,USA:VA,water_appalachian
Water_Delmarva,29,459,37,29,1.0,1.0,SAMN03861767,"serotype=Javiana,""antigen_formula=9:l,z28:1,5""",49867.0,49867.0,49867.0,USA:VA,water,water,environmental-water,2015.0,"[0.024, 0.912, 0.064]","[29, 37, 37, 37, 38, 56, 58, 301, 304, 305, 305]","[2, 1, 1, 1, 1, 1, 1, 1, 2, 2, 2]",poultry,env_water,USA:VA,water_appalachian
Water_Delmarva,29,463,37,29,1.0,1.0,SAMN03861768,"serotype=Javiana,""antigen_formula=9:l,z28:1,5""",49867.0,49867.0,49867.0,USA:VA,water,water,environmental-water,2015.0,"[0.023, 0.913, 0.064]","[29, 37, 37, 37, 38, 55, 57, 302, 305, 306, 306]","[2, 1, 1, 1, 1, 1, 1, 1, 2, 2, 2]",poultry,env_water,USA:VA,water_appalachian
Water_Delmarva,3,40,3,43,1.0,1.0,SAMN03861770,"serotype=Schwarzengrund,""antigen_formula=4:d:1,7""",14243.0,380.0,380.0,USA:VA,water,water,environmental-water,2015.0,"[0.126, 0.749, 0.126]","[3, 4, 11, 25, 26, 26, 27, 27, 27, 27, 27]","[1, 1, 1, 1, 1, 1, 1, 1, 1, 1, 1]",poultry,env_water,USA:VA,water_appalachian
Water_Delmarva,30,463,38,30,1.0,1.0,SAMN03861773,"serotype=Javiana,""antigen_formula=9:l,z28:1,5""",49867.0,49867.0,49867.0,USA:VA,water,water,environmental-water,2015.0,"[0.023, 0.913, 0.064]","[30, 38, 38, 38, 38, 56, 58, 300, 303, 303, 304]","[2, 1, 1, 1, 1, 1, 1, 1, 2, 2, 2]",poultry,env_water,USA:VA,water_appalachian
Water_Delmarva,6,16,6,24,0.53,1.0,SAMN03861833,"serotype=Braenderup,""antigen_formula=7:e,h:e,n,z15""",4601.0,4601.0,185.0,USA:VA,water,water,environmental-water,2015.0,"[0.324, 0.524, 0.152]","[6, 16, 18, 18, 19, 20, 21, 21, 22, 23, 23]","[1, 0, 1, 1, 0, 1, 1, 0, 1, 0, 1]",generalist,env_water,USA:VA,water_appalachian
Water_Delmarva,29,462,37,29,1.0,1.0,SAMN03861765,"serotype=Javiana,""antigen_formula=9:l,z28:1,5""",49867.0,49867.0,49867.0,USA:VA,water,water,environmental-water,2015.0,"[0.023, 0.913, 0.064]","[29, 37, 37, 37, 38, 55, 57, 300, 304, 305, 305]","[2, 1, 1, 1, 1, 1, 1, 1, 2, 2, 2]",poultry,env_water,USA:VA,water_appalachian
Water_Delmarva,3,39,3,42,1.0,1.0,SAMN03861771,"serotype=Schwarzengrund,""antigen_formula=4:d:1,7""",14243.0,380.0,380.0,USA:VA,water,water,environmental-water,2015.0,"[0.124, 0.753, 0.124]","[3, 4, 10, 24, 25, 25, 26, 26, 26, 26, 26]","[1, 1, 1, 1, 1, 1, 1, 1, 1, 1, 1]",poultry,env_water,USA:VA,water_appalachian
Water_Delmarva,5,15,5,23,0.53,1.0,SAMN03861836,"serotype=Braenderup,""antigen_formula=7:e,h:e,n,z15""",4601.0,4601.0,185.0,USA:VA,water,water,environmental-water,2015.0,"[0.33, 0.516, 0.155]","[5, 15, 17, 17, 18, 19, 20, 20, 22, 22, 22]","[1, 0, 1, 1, 0, 1, 1, 0, 1, 1, 1]",generalist,env_water,USA:VA,water_appalachian
Water_Delmarva,30,462,38,30,1.0,1.0,SAMN03861766,"serotype=Javiana,""antigen_formula=9:l,z28:1,5""",49867.0,49867.0,49867.0,USA:VA,water,water,environmental-water,2015.0,"[0.024, 0.913, 0.064]","[30, 38, 38, 38, 39, 56, 58, 302, 305, 306, 306]","[2, 1, 1, 1, 1, 1, 1, 1, 2, 2, 2]",poultry,env_water,USA:VA,water_appalachian
Water_Delmarva,29,463,37,29,1.0,1.0,SAMN03861769,"serotype=Javiana,""antigen_formula=9:l,z28:1,5""",49867.0,49867.0,49867.0,USA:VA,water,water,environmental-water,2015.0,"[0.023, 0.913, 0.064]","[29, 37, 37, 37, 37, 55, 57, 301, 304, 305, 305]","[2, 1, 1, 1, 1, 1, 1, 1, 2, 2, 2]",poultry,env_water,USA:VA,water_appalachian
Water_Delmarva,78,78,78,78,0.49,0.0,SAMN03861776,"serotype=Norwich,""antigen_formula=7:e,h:1,6""",639.0,639.0,639.0,USA:VA,water,water,environmental-water,2015.0,"[0.463, 0.385, 0.152]","[78, 78, 78, 78, 78, 79, 120, 124, 125, 125, 125]","[1, 2, 1, 0, 1, 0, 0, 0, 0, 0, 1]",wild animal,env_water,USA:VA,water_appalachian
Water_Delmarva,2,12,2,20,0.54,1.0,SAMN03861834,"serotype=Braenderup,""antigen_formula=7:e,h:e,n,z15""",4601.0,4601.0,185.0,USA:VA,water,water,environmental-water,2015.0,"[0.33, 0.516, 0.155]","[2, 12, 14, 14, 15, 16, 17, 17, 19, 19, 19]","[1, 0, 1, 1, 0, 1, 0, 1, 1, 0, 1]",poultry,env_water,USA:VA,water_appalachian
Water_Delmarva,30,464,37,30,1.0,1.0,SAMN03861764,"serotype=Javiana,""antigen_formula=9:l,z28:1,5""",49867.0,49867.0,49867.0,USA:VA,water,water,environmental-water,2015.0,"[0.023, 0.913, 0.064]","[30, 37, 38, 38, 39, 56, 58, 303, 306, 307, 307]","[2, 1, 1, 1, 1, 1, 1, 1, 2, 2, 2]",poultry,env_water,USA:VA,water_appalachian
Water_Delmarva,29,462,37,29,1.0,1.0,SAMN03861774,"serotype=Javiana,""antigen_formula=9:l,z28:1,5""",49867.0,49867.0,49867.0,USA:VA,water,water,environmental-water,2015.0,"[0.023, 0.913, 0.064]","[29, 37, 37, 37, 38, 55, 57, 302, 305, 306, 306]","[2, 1, 1, 1, 1, 1, 1, 1, 2, 2, 2]",poultry,env_water,USA:VA,water_appalachian
Water_Delmarva,78,78,78,78,0.49,0.0,SAMN03861777,"serotype=Norwich,""antigen_formula=7:e,h:1,6""",639.0,639.0,639.0,USA:VA,water,water,environmental-water,2015.0,"[0.463, 0.384, 0.152]","[78, 78, 78, 78, 78, 79, 119, 123, 124, 124, 124]","[2, 1, 1, 1, 0, 0, 0, 0, 0, 0, 1]",wild animal,env_water,USA:VA,water_appalachian
Water_Delmarva,11,487,13,11,0.5,2.0,SAMN03861551,"serotype=Javiana,""antigen_formula=9:l,z28:1,5""",590.0,590.0,590.0,USA:VA,water,water,environmental-water,2014.0,"[0.008, 0.044, 0.949]","[11, 13, 15, 15, 16, 17, 37, 115, 286, 287, 302]","[2, 1, 1, 2, 2, 2, 2, 1, 1, 1, 2]",generalist,env_water,USA:VA,water_appalachian
Water_Delmarva,11,487,13,11,0.5,2.0,SAMN03861552,"serotype=I -:-:-,""antigen_formula=-:-:-""",590.0,590.0,590.0,USA:VA,water,water,environmental-water,2014.0,"[0.008, 0.044, 0.949]","[11, 13, 15, 15, 16, 17, 37, 115, 286, 287, 302]","[2, 1, 1, 2, 2, 2, 2, 1, 1, 1, 2]",generalist,env_water,USA:VA,water_appalachian
Water_Delmarva,11,487,13,11,0.5,2.0,SAMN03861556,"serotype=Javiana,""antigen_formula=9:l,z28:1,5""",590.0,590.0,590.0,USA:VA,water,water,environmental-water,2014.0,"[0.008, 0.044, 0.949]","[11, 13, 15, 15, 16, 17, 37, 115, 286, 287, 302]","[2, 1, 1, 2, 2, 2, 2, 1, 1, 1, 2]",generalist,env_water,USA:VA,water_appalachian
Water_Delmarva,11,487,13,11,0.5,2.0,SAMN03861554,"serotype=Javiana,""antigen_formula=9:l,z28:1,5""",590.0,590.0,590.0,USA:VA,water,water,environmental-water,2014.0,"[0.008, 0.044, 0.949]","[11, 13, 15, 15, 16, 17, 37, 115, 286, 287, 302]","[2, 1, 1, 2, 2, 2, 2, 1, 1, 1, 2]",generalist,env_water,USA:VA,water_appalachian
Water_Delmarva,11,487,13,11,0.5,2.0,SAMN03861553,"serotype=Javiana,""antigen_formula=9:l,z28:1,5""",590.0,590.0,590.0,USA:VA,water,water,environmental-water,2014.0,"[0.008, 0.044, 0.949]","[11, 13, 15, 15, 16, 17, 37, 115, 286, 287, 302]","[2, 1, 1, 2, 2, 2, 2, 1, 1, 1, 2]",generalist,env_water,USA:VA,water_appalachian
Water_Delmarva,11,487,13,11,0.5,2.0,SAMN03861557,"serotype=Javiana,""antigen_formula=9:l,z28:1,5""",590.0,590.0,590.0,USA:VA,water,water,environmental-water,2014.0,"[0.008, 0.044, 0.949]","[11, 13, 15, 15, 16, 17, 37, 115, 286, 287, 302]","[2, 1, 1, 2, 2, 2, 2, 1, 1, 1, 2]",generalist,env_water,USA:VA,water_appalachian
Water_Delmarva,11,487,13,11,0.5,2.0,SAMN03861555,"serotype=Javiana,""antigen_formula=9:l,z28:1,5""",590.0,590.0,590.0,USA:VA,water,water,environmental-water,2014.0,"[0.008, 0.044, 0.949]","[11, 13, 15, 15, 16, 17, 37, 115, 286, 287, 302]","[2, 1, 1, 2, 2, 2, 2, 1, 1, 1, 2]",generalist,env_water,USA:VA,water_appalachian
Water_Delmarva,12,488,14,12,0.5,2.0,SAMN03861559,"serotype=Javiana,""antigen_formula=9:l,z28:1,5""",590.0,590.0,590.0,USA:VA,water,water,environmental-water,2014.0,"[0.008, 0.044, 0.949]","[12, 14, 16, 16, 17, 18, 38, 116, 287, 288, 303]","[2, 1, 1, 2, 2, 2, 2, 1, 1, 1, 2]",generalist,env_water,USA:VA,water_appalachian
Water_Delmarva,31,466,39,31,1.0,1.0,SAMN03861561,"serotype=Javiana,""antigen_formula=9:l,z28:1,5""",49867.0,49867.0,49867.0,USA:VA,water,water,environmental-water,2014.0,"[0.024, 0.912, 0.064]","[31, 39, 39, 39, 40, 58, 60, 305, 308, 309, 309]","[2, 1, 1, 1, 1, 1, 1, 1, 2, 2, 2]",poultry,env_water,USA:VA,water_appalachian
Water_Delmarva,13,17,13,15,0.5,2.0,SAMN03861562,"serotype=Mbandaka,""antigen_formula=7:z10:e,n,z15""",55114.0,54550.0,4.0,USA:VA,water,water,environmental-water,2014.0,"[0.084, 0.215, 0.701]","[13, 15, 15, 15, 16, 16, 16, 17, 17, 18, 18]","[1, 2, 2, 1, 2, 2, 2, 0, 1, 1, 0]",generalist,env_water,USA:VA,water_appalachian
Water_Delmarva,10,486,12,10,0.5,2.0,SAMN03861564,"serotype=Javiana,""antigen_formula=9:l,z28:1,5""",590.0,590.0,590.0,USA:VA,water,water,environmental-water,2014.0,"[0.008, 0.044, 0.949]","[10, 12, 14, 14, 15, 16, 36, 114, 285, 286, 301]","[2, 1, 1, 2, 2, 2, 2, 1, 1, 1, 2]",generalist,env_water,USA:VA,water_appalachian
Water_Delmarva,11,487,14,11,0.53,2.0,SAMN03861584,"serotype=Javiana,""antigen_formula=9:l,z28:1,5""",634.0,590.0,590.0,USA:VA,water,water,environmental-water,2014.0,"[0.008, 0.043, 0.949]","[11, 14, 15, 16, 16, 17, 39, 117, 287, 288, 303]","[2, 1, 2, 1, 2, 2, 2, 1, 1, 1, 2]",generalist,env_water,USA:VA,water_appalachian
Water_Delmarva,11,487,14,11,0.53,2.0,SAMN03861585,"serotype=Javiana,""antigen_formula=9:l,z28:1,5""",634.0,590.0,590.0,USA:VA,water,water,environmental-water,2014.0,"[0.008, 0.043, 0.949]","[11, 14, 15, 16, 16, 17, 39, 117, 287, 288, 303]","[2, 1, 2, 1, 2, 2, 2, 1, 1, 1, 2]",generalist,env_water,USA:VA,water_appalachian
Water_Delmarva,41,44,41,64,0.57,0.0,SAMN03861587,"serotype=Oranienburg,""antigen_formula=7:m,t:-""",55021.0,55021.0,55021.0,USA:VA,water,water,environmental-water,2014.0,"[0.987, 0.009, 0.003]","[41, 44, 44, 45, 46, 47, 48, 49, 50, 55, 63]","[1, 0, 0, 0, 0, 0, 0, 0, 1, 0, 0]",wild animal,env_water,USA:VA,water_appalachian
Water_Delmarva,41,44,41,64,0.57,0.0,SAMN03861586,"serotype=Oranienburg,""antigen_formula=7:m,t:-""",55021.0,55021.0,55021.0,USA:VA,water,water,environmental-water,2014.0,"[0.987, 0.009, 0.003]","[41, 44, 44, 45, 46, 47, 48, 49, 50, 55, 63]","[1, 0, 0, 0, 0, 0, 0, 0, 1, 0, 0]",wild animal,env_water,USA:VA,water_appalachian
Water_Delmarva,41,44,41,64,0.57,0.0,SAMN03861588,"serotype=Oranienburg,""antigen_formula=7:m,t:-""",55021.0,55021.0,55021.0,USA:VA,water,water,environmental-water,2014.0,"[0.987, 0.009, 0.003]","[41, 44, 44, 45, 46, 47, 48, 49, 50, 55, 63]","[1, 0, 0, 0, 0, 0, 0, 0, 1, 0, 0]",wild animal,env_water,USA:VA,water_appalachian
Water_Delmarva,8,12,9,8,0.5,2.0,SAMN03861592,"serotype=I -:-:-,""antigen_formula=-:-:-""",638.0,638.0,638.0,USA:VA,water,water,environmental-water,2014.0,"[0.024, 0.061, 0.915]","[8, 9, 9, 9, 9, 10, 11, 11, 11, 12, 12]","[2, 1, 1, 2, 2, 2, 2, 2, 2, 0, 1]",generalist,env_water,USA:VA,water_appalachian
Water_Delmarva,8,12,9,8,0.5,2.0,SAMN03861596,"serotype=Infantis,""antigen_formula=7:r:1,5""",638.0,638.0,638.0,USA:VA,water,water,environmental-water,2014.0,"[0.024, 0.061, 0.915]","[8, 9, 9, 9, 9, 10, 11, 11, 11, 12, 12]","[2, 1, 1, 2, 2, 2, 2, 2, 2, 0, 1]",generalist,env_water,USA:VA,water_appalachian
Water_Delmarva,166,166,797,526,1.0,0.0,SAMN03861597,"serotype=Bareilly,""antigen_formula=7:y:1,5""",16969.0,16969.0,16969.0,USA:VA,water,water,environmental-water,2014.0,"[0.911, 0.035, 0.054]","[166, 174, 188, 526, 618, 785, 797, 797, 797, 797, 797]","[0, 0, 0, 2, 0, 0, 1, 2, 0, 2, 1]",wild animal,env_water,USA:VA,water_appalachian
Water_Delmarva,166,166,797,526,1.0,0.0,SAMN03861598,"serotype=Bareilly,""antigen_formula=7:y:1,5""",16969.0,16969.0,16969.0,USA:VA,water,water,environmental-water,2014.0,"[0.911, 0.035, 0.054]","[166, 174, 188, 526, 618, 785, 797, 797, 797, 797, 797]","[0, 0, 0, 2, 0, 0, 1, 2, 0, 2, 1]",wild animal,env_water,USA:VA,water_appalachian
Water_Delmarva,11,487,13,11,0.5,2.0,SAMN03861600,"serotype=Javiana,""antigen_formula=9:l,z28:1,5""",590.0,590.0,590.0,USA:VA,sediment,sediment,environmental-water,2014.0,"[0.008, 0.044, 0.949]","[11, 13, 15, 15, 16, 17, 37, 115, 286, 287, 302]","[2, 1, 1, 2, 2, 2, 2, 1, 1, 1, 2]",generalist,env_water,USA:VA,water_appalachian
Water_Delmarva,11,487,13,11,0.5,2.0,SAMN03861599,"serotype=I -:-:-,""antigen_formula=-:-:-""",590.0,590.0,590.0,USA:VA,sediment,sediment,environmental-water,2014.0,"[0.008, 0.044, 0.949]","[11, 13, 15, 15, 16, 17, 37, 115, 286, 287, 302]","[2, 1, 1, 2, 2, 2, 2, 1, 1, 1, 2]",generalist,env_water,USA:VA,water_appalachian
Water_Delmarva,11,487,13,11,0.5,2.0,SAMN03861601,"serotype=Javiana,""antigen_formula=9:l,z28:1,5""",590.0,590.0,590.0,USA:VA,sediment,sediment,environmental-water,2014.0,"[0.008, 0.044, 0.949]","[11, 13, 15, 15, 16, 17, 37, 115, 286, 287, 302]","[2, 1, 1, 2, 2, 2, 2, 1, 1, 1, 2]",generalist,env_water,USA:VA,water_appalachian
Water_Delmarva,11,487,13,11,0.5,2.0,SAMN03861602,"serotype=Javiana,""antigen_formula=9:l,z28:1,5""",590.0,590.0,590.0,USA:VA,sediment,sediment,environmental-water,2014.0,"[0.008, 0.044, 0.949]","[11, 13, 15, 15, 16, 17, 37, 115, 286, 287, 302]","[2, 1, 1, 2, 2, 2, 2, 1, 1, 1, 2]",generalist,env_water,USA:VA,water_appalachian
Water_Delmarva,13,488,15,13,0.5,2.0,SAMN03861605,"serotype=Javiana,""antigen_formula=9:l,z28:1,5""",590.0,590.0,590.0,USA:VA,sediment,sediment,environmental-water,2014.0,"[0.008, 0.044, 0.949]","[13, 15, 17, 17, 18, 19, 39, 117, 288, 289, 304]","[2, 1, 1, 2, 2, 2, 2, 1, 1, 1, 2]",generalist,env_water,USA:VA,water_appalachian
Water_Delmarva,418,418,2137,667,0.99,0.0,SAMN03861603,"serotype=IIIb 17:z10:e,n,x,z15,""antigen_formula=17:z10:e,n,x,z15""",19241.0,19241.0,19241.0,USA:VA,sediment,sediment,environmental-water,2014.0,"[0.997, 0.001, 0.002]","[418, 662, 664, 664, 667, 668, 668, 685, 695, 2063, 2085]","[0, 0, 0, 0, 2, 0, 0, 0, 0, 0, 0]",wild animal,env_water,USA:VA,water_appalachian
Water_Delmarva,13,488,15,13,0.5,2.0,SAMN03861606,"serotype=I -:-:-,""antigen_formula=-:-:-""",590.0,590.0,590.0,USA:VA,sediment,sediment,environmental-water,2014.0,"[0.008, 0.044, 0.949]","[13, 15, 17, 17, 18, 19, 39, 117, 288, 289, 304]","[2, 1, 1, 2, 2, 2, 2, 1, 1, 1, 2]",generalist,env_water,USA:VA,water_appalachian
Water_Delmarva,12,488,14,12,0.5,2.0,SAMN03861622,"serotype=Javiana,""antigen_formula=9:l,z28:1,5""",590.0,590.0,590.0,USA:VA,water,water,environmental-water,2014.0,"[0.008, 0.044, 0.949]","[12, 14, 16, 16, 17, 18, 38, 116, 287, 288, 303]","[2, 1, 1, 2, 2, 2, 2, 1, 1, 1, 2]",generalist,env_water,USA:VA,water_appalachian
Water_Delmarva,12,488,14,12,0.5,2.0,SAMN03861623,"serotype=Javiana,""antigen_formula=9:l,z28:1,5""",590.0,590.0,590.0,USA:VA,water,water,environmental-water,2014.0,"[0.008, 0.044, 0.949]","[12, 14, 16, 16, 17, 18, 38, 116, 287, 288, 303]","[2, 1, 1, 2, 2, 2, 2, 1, 1, 1, 2]",generalist,env_water,USA:VA,water_appalachian
Water_Delmarva,4,11,4,11,0.99,1.0,SAMN03861628,"serotype=Mbandaka,""antigen_formula=7:z10:e,n,z15""",3928.0,2903.0,4.0,USA:VA,water,water,environmental-water,2014.0,"[0.116, 0.768, 0.116]","[4, 4, 6, 6, 11, 11, 13, 13, 14, 14, 15]","[1, 1, 1, 1, 0, 2, 1, 2, 0, 0, 2]",poultry,env_water,USA:VA,water_appalachian
Water_Delmarva,164,164,794,525,1.0,0.0,SAMN03861626,"serotype=Bareilly,""antigen_formula=7:y:1,5""",16969.0,16969.0,16969.0,USA:VA,water,water,environmental-water,2014.0,"[0.911, 0.035, 0.054]","[164, 172, 186, 525, 616, 782, 794, 794, 794, 794, 794]","[0, 0, 0, 2, 0, 0, 2, 1, 0, 2, 1]",wild animal,env_water,USA:VA,water_appalachian
Water_Delmarva,4,11,4,11,0.99,1.0,SAMN03861629,"serotype=Mbandaka,""antigen_formula=7:z10:e,n,z15""",3928.0,2903.0,4.0,USA:VA,water,water,environmental-water,2014.0,"[0.116, 0.768, 0.116]","[4, 4, 6, 6, 11, 11, 13, 13, 14, 14, 15]","[1, 1, 1, 1, 0, 2, 1, 2, 0, 0, 2]",poultry,env_water,USA:VA,water_appalachian
Water_Delmarva,13,488,15,13,0.5,2.0,SAMN03861634,"serotype=Javiana,""antigen_formula=9:l,z28:1,5""",590.0,590.0,590.0,USA:VA,sediment,sediment,environmental-water,2014.0,"[0.008, 0.044, 0.949]","[13, 15, 17, 17, 18, 19, 39, 117, 288, 289, 304]","[2, 1, 1, 2, 2, 2, 2, 1, 1, 1, 2]",generalist,env_water,USA:VA,water_appalachian
Water_Delmarva,13,488,15,13,0.5,2.0,SAMN03861635,"serotype=I -:-:-,""antigen_formula=-:-:-""",590.0,590.0,590.0,USA:VA,sediment,sediment,environmental-water,2014.0,"[0.008, 0.044, 0.949]","[13, 15, 17, 17, 18, 19, 39, 117, 288, 289, 304]","[2, 1, 1, 2, 2, 2, 2, 1, 1, 1, 2]",generalist,env_water,USA:VA,water_appalachian
Water_Delmarva,4,11,4,11,0.99,1.0,SAMN03861649,"serotype=Mbandaka,""antigen_formula=7:z10:e,n,z15""",3928.0,2903.0,4.0,USA:VA,water,water,environmental-water,2014.0,"[0.116, 0.768, 0.116]","[4, 4, 6, 6, 11, 11, 13, 13, 14, 14, 15]","[1, 1, 1, 1, 0, 2, 1, 2, 0, 0, 2]",poultry,env_water,USA:VA,water_appalachian
Water_Delmarva,5,12,5,12,0.97,1.0,SAMN03861648,"serotype=Mbandaka,""antigen_formula=7:z10:e,n,z15""",3928.0,2903.0,4.0,USA:VA,water,water,environmental-water,2014.0,"[0.116, 0.768, 0.116]","[5, 5, 7, 7, 12, 12, 14, 14, 15, 15, 16]","[1, 1, 1, 1, 0, 2, 2, 1, 0, 0, 2]",poultry,env_water,USA:VA,water_appalachian
Water_Delmarva,5,12,5,12,0.97,1.0,SAMN03861647,"serotype=Mbandaka,""antigen_formula=7:z10:e,n,z15""",3928.0,2903.0,4.0,USA:VA,water,water,environmental-water,2014.0,"[0.116, 0.768, 0.116]","[5, 5, 7, 7, 12, 12, 14, 14, 15, 15, 16]","[1, 1, 1, 1, 0, 2, 2, 1, 0, 0, 2]",poultry,env_water,USA:VA,water_appalachian
Water_Delmarva,166,166,797,526,1.0,0.0,SAMN03861653,"serotype=Bareilly,""antigen_formula=7:y:1,5""",16969.0,16969.0,16969.0,USA:VA,sediment,sediment,environmental-water,2014.0,"[0.911, 0.035, 0.054]","[166, 174, 188, 526, 618, 785, 797, 797, 797, 797, 797]","[0, 0, 0, 2, 0, 0, 1, 2, 0, 2, 1]",wild animal,env_water,USA:VA,water_appalachian
Water_Delmarva,14,487,16,14,0.5,2.0,SAMN03861662,"serotype=Javiana,""antigen_formula=9:l,z28:1,5""",590.0,590.0,590.0,USA:VA,water,water,environmental-water,2014.0,"[0.008, 0.044, 0.949]","[14, 16, 18, 18, 19, 20, 40, 118, 288, 289, 304]","[2, 1, 1, 2, 2, 2, 2, 1, 1, 1, 2]",generalist,env_water,USA:VA,water_appalachian
Water_Delmarva,15,488,17,15,0.5,2.0,SAMN03861659,"serotype=Javiana,""antigen_formula=9:l,z28:1,5""",590.0,590.0,590.0,USA:VA,water,water,environmental-water,2014.0,"[0.008, 0.044, 0.949]","[15, 17, 19, 19, 20, 21, 41, 119, 289, 290, 305]","[2, 1, 2, 1, 2, 2, 2, 1, 1, 1, 2]",generalist,env_water,USA:VA,water_appalachian
Water_Delmarva,14,487,16,14,0.5,2.0,SAMN03861661,"serotype=I -:-:-,""antigen_formula=-:-:-""",590.0,590.0,590.0,USA:VA,water,water,environmental-water,2014.0,"[0.008, 0.044, 0.949]","[14, 16, 18, 18, 19, 20, 40, 118, 288, 289, 304]","[2, 1, 2, 1, 2, 2, 2, 1, 1, 1, 2]",generalist,env_water,USA:VA,water_appalachian
Water_Delmarva,166,166,797,526,1.0,0.0,SAMN03861654,"serotype=Bareilly,""antigen_formula=7:y:1,5""",16969.0,16969.0,16969.0,USA:VA,sediment,sediment,environmental-water,2014.0,"[0.911, 0.035, 0.054]","[166, 174, 188, 526, 617, 785, 796, 797, 797, 797, 797]","[0, 0, 0, 2, 0, 0, 0, 2, 2, 1, 0]",wild animal,env_water,USA:VA,water_appalachian
Water_Delmarva,14,487,16,14,0.5,2.0,SAMN03861663,"serotype=Javiana,""antigen_formula=9:l,z28:1,5""",590.0,590.0,590.0,USA:VA,water,water,environmental-water,2014.0,"[0.008, 0.044, 0.949]","[14, 16, 18, 18, 19, 20, 40, 118, 288, 289, 304]","[2, 1, 2, 1, 2, 2, 2, 1, 1, 1, 2]",generalist,env_water,USA:VA,water_appalachian
Water_Delmarva,11,43,11,38,0.99,1.0,SAMN03861664,"serotype=Typhimurium,""antigen_formula=4:i:1,2""",54984.0,1217.0,13.0,USA:VA,water,water,environmental-water,2014.0,"[0.087, 0.826, 0.087]","[11, 12, 15, 16, 16, 17, 17, 17, 17, 17, 18]","[1, 1, 1, 1, 1, 1, 1, 1, 1, 1, 1]",poultry,env_water,USA:VA,water_appalachian
Water_Delmarva,18,491,20,18,0.5,2.0,SAMN03861678,"serotype=Javiana,""antigen_formula=9:l,z28:1,5""",47930.0,590.0,590.0,USA:VA,water,water,environmental-water,2015.0,"[0.008, 0.044, 0.949]","[18, 20, 22, 22, 23, 24, 44, 122, 293, 294, 309]","[2, 1, 2, 1, 2, 2, 2, 1, 1, 1, 2]",generalist,env_water,USA:VA,water_appalachian
Water_Delmarva,18,491,20,18,0.5,2.0,SAMN03861676,"serotype=Javiana,""antigen_formula=9:l,z28:1,5""",47930.0,590.0,590.0,USA:VA,water,water,environmental-water,2015.0,"[0.008, 0.044, 0.949]","[18, 20, 22, 22, 23, 24, 44, 122, 293, 294, 309]","[2, 1, 2, 1, 2, 2, 2, 1, 1, 1, 2]",generalist,env_water,USA:VA,water_appalachian
Water_Delmarva,18,491,20,18,0.5,2.0,SAMN03861680,"serotype=Javiana,""antigen_formula=9:l,z28:1,5""",47930.0,590.0,590.0,USA:VA,sediment,sediment,environmental-water,2015.0,"[0.008, 0.044, 0.949]","[18, 20, 22, 22, 23, 24, 44, 122, 293, 294, 309]","[2, 1, 2, 1, 2, 2, 2, 1, 1, 1, 2]",generalist,env_water,USA:VA,water_appalachian
Water_Delmarva,139,139,2123,2043,1.0,0.0,SAMN03861679,"serotype=IIIb 38:(k):z35,""antigen_formula=38:k:z35""",55260.0,55260.0,55260.0,USA:VA,water,water,environmental-water,2015.0,"[0.822, 0.087, 0.091]","[139, 152, 1970, 1998, 2022, 2043, 2043, 2082, 2110, 2121, 2119]","[0, 0, 0, 0, 0, 2, 0, 0, 0, 0, 0]",wild animal,env_water,USA:VA,water_appalachian
Water_Delmarva,8,25,8,23,0.99,1.0,SAMN03861682,"serotype=Braenderup,""antigen_formula=7:e,h:e,n,z15""",54948.0,11864.0,1470.0,USA:VA,sediment,sediment,environmental-water,2015.0,"[0.019, 0.961, 0.019]","[8, 8, 8, 15, 16, 16, 16, 17, 17, 17, 23]","[1, 1, 1, 1, 1, 1, 1, 1, 1, 1, 2]",poultry,env_water,USA:VA,water_appalachian
Water_Delmarva,2,22,2,20,0.18,2.0,SAMN03861696,"serotype=Muenchen,""antigen_formula=8:d:1,2""",35047.0,35047.0,35047.0,USA:VA,water,water,environmental-water,2015.0,"[0.152, 0.105, 0.743]","[2, 5, 20, 21, 22, 22, 22, 23, 95, 95, 99]","[1, 1, 2, 2, 0, 0, 2, 2, 2, 0, 0]",generalist,env_water,USA:VA,water_appalachian
Water_Delmarva,180,183,231,180,0.49,2.0,SAMN03861690,"serotype=Give,""antigen_formula=3,10:l,v:1,7""",51444.0,51444.0,51444.0,USA:VA,water,water,environmental-water,2015.0,"[0.366, 0.138, 0.496]","[180, 185, 189, 192, 192, 192, 192, 192, 192, 192, 193]","[2, 0, 2, 0, 0, 0, 0, 2, 0, 0, 0]",wild animal,env_water,USA:VA,water_appalachian
Water_Delmarva,17,50,17,44,0.95,1.0,SAMN03861687,"serotype=I -:-:-,""antigen_formula=-:-:-""",54949.0,54949.0,13.0,USA:VA,water,water,environmental-water,2015.0,"[0.068, 0.864, 0.068]","[17, 19, 19, 20, 21, 21, 22, 22, 22, 23, 23]","[1, 1, 1, 1, 1, 1, 1, 1, 1, 1, 1]",poultry,env_water,USA:VA,water_appalachian
Water_Delmarva,35,37,35,38,0.53,1.0,SAMN03861689,"serotype=Senftenberg,""antigen_formula=1,3,19:g,s,t:-""",54950.0,54950.0,54950.0,USA:VA,water,water,environmental-water,2015.0,"[0.032, 0.936, 0.032]","[35, 36, 36, 36, 36, 36, 36, 36, 36, 36, 37]","[1, 1, 1, 1, 1, 1, 1, 1, 1, 1, 1]",generalist,env_water,USA:VA,water_appalachian
Water_Delmarva,18,490,20,18,0.5,2.0,SAMN03861681,"serotype=Javiana,""antigen_formula=9:l,z28:1,5""",47930.0,590.0,590.0,USA:VA,sediment,sediment,environmental-water,2015.0,"[0.008, 0.044, 0.949]","[18, 20, 22, 22, 23, 24, 44, 122, 292, 293, 308]","[2, 1, 2, 1, 2, 2, 2, 1, 1, 1, 2]",generalist,env_water,USA:VA,water_appalachian
Water_Delmarva,14,18,14,16,0.5,2.0,SAMN03861694,"serotype=Mbandaka,""antigen_formula=7:z10:e,n,z15""",54955.0,54550.0,4.0,USA:VA,water,water,environmental-water,2015.0,"[0.073, 0.187, 0.74]","[14, 16, 16, 16, 16, 17, 17, 18, 18, 19, 19]","[1, 2, 2, 2, 1, 2, 2, 0, 1, 1, 0]",generalist,env_water,USA:VA,water_appalachian
Water_Delmarva,34,36,34,37,0.53,1.0,SAMN03861686,"serotype=Senftenberg,""antigen_formula=1,3,19:g,s,t:-""",54953.0,54950.0,54950.0,USA:VA,water,water,environmental-water,2015.0,"[0.032, 0.936, 0.032]","[34, 35, 35, 35, 35, 35, 35, 35, 35, 35, 36]","[1, 1, 1, 1, 1, 1, 1, 1, 1, 1, 1]",generalist,env_water,USA:VA,water_appalachian
Water_Delmarva,17,50,17,43,0.95,1.0,SAMN03861685,"serotype=Typhimurium,""antigen_formula=4:i:1,2""",54949.0,54949.0,13.0,USA:VA,water,water,environmental-water,2015.0,"[0.068, 0.864, 0.068]","[17, 19, 19, 20, 21, 21, 22, 22, 22, 23, 23]","[1, 1, 1, 1, 1, 1, 1, 1, 1, 1, 1]",poultry,env_water,USA:VA,water_appalachian
Water_Delmarva,8,25,8,23,0.99,1.0,SAMN03861683,"serotype=Braenderup,""antigen_formula=7:e,h:e,n,z15""",54948.0,11864.0,1470.0,USA:VA,sediment,sediment,environmental-water,2015.0,"[0.019, 0.961, 0.019]","[8, 8, 8, 15, 16, 16, 16, 17, 17, 17, 23]","[1, 1, 1, 1, 1, 1, 1, 1, 1, 1, 2]",poultry,env_water,USA:VA,water_appalachian
Water_Delmarva,12,16,12,14,0.5,2.0,SAMN03861695,"serotype=Mbandaka,""antigen_formula=7:z10:e,n,z15""",54550.0,54550.0,4.0,USA:VA,water,water,environmental-water,2015.0,"[0.084, 0.215, 0.701]","[12, 14, 14, 14, 15, 15, 15, 16, 16, 17, 17]","[1, 2, 2, 1, 2, 2, 2, 0, 1, 1, 0]",generalist,env_water,USA:VA,water_appalachian
Water_Delmarva,180,184,231,180,0.49,2.0,SAMN03861692,"serotype=Give,""antigen_formula=3,10:l,v:1,7""",51444.0,51444.0,51444.0,USA:VA,water,water,environmental-water,2015.0,"[0.349, 0.141, 0.51]","[180, 186, 189, 192, 192, 192, 192, 192, 192, 192, 193]","[2, 0, 2, 0, 0, 0, 2, 0, 0, 0, 0]",wild animal,env_water,USA:VA,water_appalachian
Water_Delmarva,16,49,16,42,0.96,1.0,SAMN03861688,"serotype=Typhimurium,""antigen_formula=4:i:1,2""",54949.0,54949.0,13.0,USA:VA,water,water,environmental-water,2015.0,"[0.068, 0.864, 0.068]","[16, 18, 18, 19, 20, 20, 21, 21, 21, 22, 22]","[1, 1, 1, 1, 1, 1, 1, 1, 1, 1, 1]",poultry,env_water,USA:VA,water_appalachian
Water_Delmarva,33,35,33,36,0.53,1.0,SAMN03861684,"serotype=Senftenberg,""antigen_formula=1,3,19:g,s,t:-""",54953.0,54950.0,54950.0,USA:VA,water,water,environmental-water,2015.0,"[0.032, 0.936, 0.032]","[33, 34, 34, 34, 34, 34, 34, 34, 34, 34, 35]","[1, 1, 1, 1, 1, 1, 1, 1, 1, 1, 0]",generalist,env_water,USA:VA,water_appalachian
Water_Delmarva,1,21,1,19,0.17,2.0,SAMN03861697,"serotype=Muenchen,""antigen_formula=8:d:1,2""",35047.0,35047.0,35047.0,USA:VA,water,water,environmental-water,2015.0,"[0.152, 0.105, 0.743]","[1, 4, 19, 20, 21, 21, 21, 22, 94, 94, 98]","[1, 1, 2, 2, 0, 0, 2, 2, 2, 0, 0]",generalist,env_water,USA:VA,water_appalachian
Water_Delmarva,2,22,2,20,0.18,2.0,SAMN03861698,"serotype=Muenchen,""antigen_formula=8:d:1,2""",35047.0,35047.0,35047.0,USA:VA,water,water,environmental-water,2015.0,"[0.152, 0.105, 0.743]","[2, 5, 20, 21, 22, 22, 22, 23, 95, 95, 99]","[1, 1, 2, 2, 2, 0, 0, 2, 2, 0, 0]",generalist,env_water,USA:VA,water_appalachian
Water_Delmarva,12,18,12,34,0.98,1.0,SAMN03861711,"serotype=Kentucky,""antigen_formula=8:i:z6""",54531.0,54531.0,126.0,USA:VA,water,water,environmental-water,2015.0,"[0.063, 0.883, 0.054]","[12, 12, 13, 16, 17, 17, 17, 18, 18, 18, 19]","[1, 1, 1, 1, 1, 1, 1, 1, 0, 1, 1]",poultry,env_water,USA:VA,water_appalachian
Water_Delmarva,1,21,1,19,0.17,2.0,SAMN03861699,"serotype=Muenchen,""antigen_formula=8:d:1,2""",35047.0,35047.0,35047.0,USA:VA,water,water,environmental-water,2015.0,"[0.152, 0.105, 0.743]","[1, 4, 19, 20, 21, 21, 21, 22, 94, 94, 98]","[1, 1, 2, 2, 0, 0, 2, 2, 2, 0, 0]",generalist,env_water,USA:VA,water_appalachian
Water_Delmarva,2,22,2,20,0.18,2.0,SAMN03861701,"serotype=Muenchen,""antigen_formula=8:d:1,2""",35047.0,35047.0,35047.0,USA:VA,water,water,environmental-water,2015.0,"[0.152, 0.105, 0.743]","[2, 5, 20, 21, 22, 22, 22, 23, 95, 95, 99]","[1, 1, 2, 2, 0, 0, 2, 2, 2, 0, 0]",generalist,env_water,USA:VA,water_appalachian
Water_Delmarva,4,46,4,41,1.0,1.0,SAMN03861712,"serotype=Typhimurium,""antigen_formula=4:i:1,2""",46511.0,11109.0,13.0,USA:VA,water,water,environmental-water,2015.0,"[0.077, 0.846, 0.077]","[4, 4, 8, 9, 15, 16, 16, 16, 16, 17, 17]","[1, 1, 1, 1, 1, 1, 1, 1, 1, 1, 1]",poultry,env_water,USA:VA,water_appalachian
Water_Delmarva,12,18,12,34,0.98,1.0,SAMN03861713,"serotype=Kentucky,""antigen_formula=8:i:z6""",54531.0,54531.0,126.0,USA:VA,water,water,environmental-water,2015.0,"[0.063, 0.883, 0.054]","[12, 12, 13, 16, 17, 17, 17, 18, 18, 18, 19]","[1, 1, 1, 1, 1, 1, 1, 1, 0, 1, 1]",poultry,env_water,USA:VA,water_appalachian
Water_Delmarva,12,18,12,34,0.98,1.0,SAMN03861709,"serotype=Kentucky,""antigen_formula=8:i:z6""",54531.0,54531.0,126.0,USA:VA,water,water,environmental-water,2015.0,"[0.063, 0.883, 0.054]","[12, 12, 13, 16, 17, 17, 17, 18, 18, 18, 19]","[1, 1, 1, 1, 1, 1, 1, 1, 0, 1, 1]",poultry,env_water,USA:VA,water_appalachian
Water_Delmarva,13,19,13,35,0.97,1.0,SAMN03861716,"serotype=Kentucky,""antigen_formula=8:i:z6""",54531.0,54531.0,126.0,USA:VA,water,water,environmental-water,2015.0,"[0.063, 0.883, 0.054]","[13, 13, 14, 17, 18, 18, 18, 19, 19, 19, 20]","[1, 1, 1, 1, 1, 1, 1, 1, 0, 1, 1]",poultry,env_water,USA:VA,water_appalachian
Water_Delmarva,12,18,12,34,0.98,1.0,SAMN03861714,"serotype=Kentucky,""antigen_formula=8:i:z6""",54531.0,54531.0,126.0,USA:VA,water,water,environmental-water,2015.0,"[0.063, 0.883, 0.054]","[12, 12, 13, 16, 17, 17, 17, 18, 18, 18, 19]","[1, 1, 1, 1, 1, 1, 1, 1, 0, 1, 1]",poultry,env_water,USA:VA,water_appalachian
Water_Delmarva,7,42,7,36,1.0,1.0,SAMN03861717,"serotype=Typhimurium,""antigen_formula=4:i:1,2""",54882.0,1085.0,13.0,USA:VA,water,water,environmental-water,2015.0,"[0.034, 0.931, 0.034]","[7, 8, 8, 9, 11, 14, 15, 15, 15, 16, 17]","[1, 1, 1, 1, 1, 1, 1, 1, 1, 1, 1]",poultry,env_water,USA:VA,water_appalachian
Water_Delmarva,3,45,3,40,1.0,1.0,SAMN03861726,"serotype=Typhimurium,""antigen_formula=4:i:1,2""",46511.0,11109.0,13.0,USA:VA,water,water,environmental-water,2015.0,"[0.077, 0.846, 0.077]","[3, 3, 7, 8, 14, 15, 15, 15, 15, 16, 16]","[1, 1, 1, 1, 1, 1, 1, 1, 1, 1, 1]",poultry,env_water,USA:VA,water_appalachian
Water_Delmarva,3,45,3,40,1.0,1.0,SAMN03861724,"serotype=Typhimurium,""antigen_formula=4:i:1,2""",46511.0,11109.0,13.0,USA:VA,water,water,environmental-water,2015.0,"[0.077, 0.846, 0.077]","[3, 3, 7, 8, 14, 15, 15, 15, 15, 16, 16]","[1, 1, 1, 1, 1, 1, 1, 1, 1, 1, 1]",poultry,env_water,USA:VA,water_appalachian
Water_Delmarva,7,42,7,36,1.0,1.0,SAMN03861718,"serotype=I -:-:-,""antigen_formula=-:-:-""",54882.0,1085.0,13.0,USA:VA,water,water,environmental-water,2015.0,"[0.034, 0.931, 0.034]","[7, 8, 8, 9, 11, 14, 15, 15, 15, 16, 17]","[1, 1, 1, 1, 1, 1, 1, 1, 1, 1, 1]",poultry,env_water,USA:VA,water_appalachian
Water_Delmarva,7,42,7,36,1.0,1.0,SAMN03861719,"serotype=Typhimurium,""antigen_formula=4:i:1,2""",54882.0,1085.0,13.0,USA:VA,water,water,environmental-water,2015.0,"[0.034, 0.931, 0.034]","[7, 8, 8, 9, 11, 14, 15, 15, 15, 16, 17]","[1, 1, 1, 1, 1, 1, 1, 1, 1, 1, 1]",poultry,env_water,USA:VA,water_appalachian
Water_Delmarva,3,45,3,40,1.0,1.0,SAMN03861723,"serotype=Typhimurium,""antigen_formula=4:i:1,2""",46511.0,11109.0,13.0,USA:VA,water,water,environmental-water,2015.0,"[0.077, 0.846, 0.077]","[3, 3, 7, 8, 14, 15, 15, 15, 15, 16, 16]","[1, 1, 1, 1, 1, 1, 1, 1, 1, 1, 1]",poultry,env_water,USA:VA,water_appalachian
Water_Delmarva,9,44,9,38,1.0,1.0,SAMN03861721,"serotype=Typhimurium,""antigen_formula=4:i:1,2""",54882.0,1085.0,13.0,USA:VA,water,water,environmental-water,2015.0,"[0.034, 0.931, 0.034]","[9, 10, 10, 11, 13, 16, 17, 17, 17, 18, 19]","[1, 1, 1, 1, 1, 1, 1, 1, 1, 1, 1]",poultry,env_water,USA:VA,water_appalachian
Water_Delmarva,10,45,10,39,1.0,1.0,SAMN03861720,"serotype=Typhimurium,""antigen_formula=4:i:1,2""",54882.0,1085.0,13.0,USA:VA,water,water,environmental-water,2015.0,"[0.034, 0.931, 0.034]","[10, 11, 11, 12, 14, 17, 18, 18, 18, 19, 20]","[1, 1, 1, 1, 1, 1, 1, 1, 1, 1, 1]",poultry,env_water,USA:VA,water_appalachian
Water_Delmarva,9,10,14,9,0.33,2.0,SAMN03861732,"serotype=I -:-:-,""antigen_formula=-:-:-""",54883.0,54883.0,35047.0,USA:VA,water,water,environmental-water,2015.0,"[0.146, 0.075, 0.779]","[9, 10, 14, 15, 23, 24, 24, 24, 97, 97, 101]","[2, 0, 1, 1, 2, 0, 2, 2, 2, 0, 0]",generalist,env_water,USA:VA,water_appalachian
Water_Delmarva,13,44,13,38,0.99,1.0,SAMN03861728,"serotype=Typhimurium,""antigen_formula=4:i:1,2""",54517.0,54517.0,13.0,USA:VA,water,water,environmental-water,2015.0,"[0.04, 0.919, 0.04]","[13, 13, 14, 15, 15, 15, 16, 16, 16, 17, 17]","[1, 1, 1, 1, 1, 1, 1, 1, 1, 1, 1]",poultry,env_water,USA:VA,water_appalachian
Water_Delmarva,11,46,11,40,0.99,1.0,SAMN03861722,"serotype=Typhimurium,""antigen_formula=4:i:1,2""",54882.0,1085.0,13.0,USA:VA,water,water,environmental-water,2015.0,"[0.034, 0.931, 0.034]","[11, 12, 12, 13, 15, 18, 19, 19, 19, 20, 21]","[1, 1, 1, 1, 1, 1, 1, 1, 1, 1, 1]",poultry,env_water,USA:VA,water_appalachian
Water_Delmarva,13,44,13,38,0.99,1.0,SAMN03861729,"serotype=Typhimurium,""antigen_formula=4:i:1,2""",54517.0,54517.0,13.0,USA:VA,water,water,environmental-water,2015.0,"[0.035, 0.929, 0.035]","[13, 13, 14, 15, 15, 15, 15, 16, 16, 17, 17]","[1, 1, 1, 1, 1, 1, 1, 1, 1, 1, 1]",poultry,env_water,USA:VA,water_appalachian
Water_Delmarva,10,11,15,10,0.34,2.0,SAMN03861733,"serotype=Muenchen,""antigen_formula=8:d:1,2""",54883.0,54883.0,35047.0,USA:VA,water,water,environmental-water,2015.0,"[0.146, 0.075, 0.779]","[10, 11, 15, 16, 24, 25, 25, 25, 98, 98, 102]","[2, 0, 1, 1, 2, 2, 2, 0, 2, 0, 0]",generalist,env_water,USA:VA,water_appalachian
Water_Delmarva,10,45,10,40,1.0,1.0,SAMN03861735,"serotype=Typhimurium,""antigen_formula=4:i:1,2""",54888.0,54888.0,54888.0,USA:VA,water,water,environmental-water,2015.0,"[0.139, 0.721, 0.139]","[10, 11, 19, 23, 23, 23, 23, 24, 24, 24, 24]","[1, 1, 1, 1, 1, 1, 1, 1, 1, 1, 1]",poultry,env_water,USA:VA,water_appalachian
Water_Delmarva,10,43,10,38,1.0,1.0,SAMN03861736,"serotype=Typhimurium,""antigen_formula=4:i:1,2""",21836.0,3119.0,13.0,USA:VA,water,water,environmental-water,2015.0,"[0.02, 0.96, 0.02]","[10, 10, 11, 11, 12, 12, 13, 13, 13, 14, 15]","[1, 1, 1, 1, 1, 1, 1, 1, 1, 1, 1]",poultry,env_water,USA:VA,water_appalachian
Water_Delmarva,12,47,12,42,0.99,1.0,SAMN03861734,"serotype=Typhimurium,""antigen_formula=4:i:1,2""",54888.0,54888.0,54888.0,USA:VA,water,water,environmental-water,2015.0,"[0.139, 0.721, 0.139]","[12, 13, 21, 25, 25, 25, 25, 26, 26, 26, 26]","[1, 1, 1, 1, 1, 1, 1, 1, 1, 1, 1]",poultry,env_water,USA:VA,water_appalachian
Water_Delmarva,47,47,65,374,1.0,1.0,SAMN03861738,"serotype=I -:-:-,""antigen_formula=-:-:-""",54892.0,54892.0,13266.0,USA:VA,water,water,environmental-water,2015.0,"[0.404, 0.458, 0.137]","[47, 65, 71, 368, 369, 369, 369, 371, 372, 372, 374]","[0, 1, 1, 0, 0, 0, 0, 0, 0, 1, 1]",wild animal,env_water,USA:VA,water_appalachian
Water_Delmarva,6,37,6,18,1.0,1.0,SAMN03861743,"serotype=Typhimurium,""antigen_formula=4:i:1,2""",54541.0,1085.0,13.0,USA:VA,water,water,environmental-water,2015.0,"[0.107, 0.785, 0.107]","[6, 8, 9, 11, 11, 12, 12, 13, 13, 13, 13]","[1, 1, 1, 1, 1, 1, 1, 1, 1, 1, 1]",poultry,env_water,USA:VA,water_appalachian
Water_Delmarva,48,48,66,374,1.0,1.0,SAMN03861745,"serotype=Typhimurium,""antigen_formula=4:i:1,2""",54892.0,54892.0,13266.0,USA:VA,water,water,environmental-water,2015.0,"[0.404, 0.458, 0.137]","[48, 66, 72, 368, 369, 369, 369, 371, 372, 372, 374]","[0, 1, 1, 0, 0, 0, 0, 0, 0, 1, 2]",wild animal,env_water,USA:VA,water_appalachian
Water_Delmarva,9,42,9,37,1.0,1.0,SAMN03861737,"serotype=Typhimurium,""antigen_formula=4:i:1,2""",21836.0,3119.0,13.0,USA:VA,water,water,environmental-water,2015.0,"[0.02, 0.96, 0.02]","[9, 9, 10, 10, 11, 11, 12, 12, 12, 13, 14]","[1, 1, 1, 1, 1, 1, 1, 1, 1, 1, 1]",poultry,env_water,USA:VA,water_appalachian
Water_Delmarva,47,47,65,374,1.0,1.0,SAMN03861746,"serotype=Typhimurium,""antigen_formula=4:i:1,2""",54892.0,54892.0,13266.0,USA:VA,water,water,environmental-water,2015.0,"[0.404, 0.458, 0.137]","[47, 65, 71, 368, 369, 369, 369, 371, 372, 372, 374]","[0, 1, 1, 0, 0, 0, 0, 0, 0, 1, 2]",wild animal,env_water,USA:VA,water_appalachian
Water_Delmarva,3,13,3,15,0.96,1.0,SAMN03861751,"serotype=I -:-:-,""antigen_formula=-:-:-""",4342.0,12.0,12.0,USA:VA,water,water,environmental-water,2015.0,"[0.152, 0.695, 0.152]","[3, 5, 7, 7, 7, 7, 8, 8, 8, 8, 8]","[1, 1, 1, 1, 1, 1, 1, 1, 1, 1, 1]",poultry,env_water,USA:VA,water_appalachian
Water_Delmarva,15,22,15,18,0.63,1.0,SAMN03861740,"serotype=Schwarzengrund,""antigen_formula=4:d:1,7""",54897.0,54897.0,957.0,USA:VA,water,water,environmental-water,2015.0,"[0.061, 0.862, 0.077]","[15, 15, 16, 16, 18, 18, 18, 18, 19, 19, 19]","[1, 1, 1, 1, 1, 1, 2, 1, 1, 1, 1]",poultry,env_water,USA:VA,water_appalachian
Water_Delmarva,47,47,65,374,1.0,1.0,SAMN03861739,"serotype=Typhimurium,""antigen_formula=4:i:1,2""",54892.0,54892.0,13266.0,USA:VA,water,water,environmental-water,2015.0,"[0.404, 0.458, 0.137]","[47, 65, 71, 368, 369, 369, 369, 371, 372, 372, 374]","[0, 1, 1, 0, 0, 0, 0, 0, 0, 1, 2]",wild animal,env_water,USA:VA,water_appalachian
Water_Delmarva,10,39,10,34,0.97,1.0,SAMN03861749,"serotype=Typhimurium,""antigen_formula=4:i:1,2""",54895.0,54895.0,13.0,USA:VA,water,water,environmental-water,2015.0,"[0.13, 0.741, 0.13]","[10, 13, 15, 16, 17, 17, 17, 17, 18, 18, 18]","[1, 1, 1, 1, 1, 1, 1, 1, 1, 1, 1]",poultry,env_water,USA:VA,water_appalachian
Water_Delmarva,172,168,224,172,0.47,2.0,SAMN03861747,"serotype=Give,""antigen_formula=3,10:l,v:1,7""",54899.0,54899.0,19199.0,USA:VA,water,water,environmental-water,2015.0,"[0.368, 0.144, 0.488]","[172, 173, 182, 186, 186, 186, 186, 186, 186, 186, 186]","[2, 0, 2, 0, 0, 0, 2, 0, 0, 0, 0]",wild animal,env_water,USA:VA,water_appalachian
Water_Delmarva,9,38,9,33,0.98,1.0,SAMN03861750,"serotype=I -:-:-,""antigen_formula=-:-:-""",54895.0,54895.0,13.0,USA:VA,water,water,environmental-water,2015.0,"[0.129, 0.741, 0.129]","[9, 12, 14, 15, 16, 16, 16, 16, 17, 17, 17]","[1, 1, 1, 1, 1, 1, 1, 1, 1, 1, 1]",poultry,env_water,USA:VA,water_appalachian
Water_Delmarva,3,13,3,15,0.96,1.0,SAMN03861752,"serotype=Enteritidis,""antigen_formula=9:g,m:-""",4342.0,12.0,12.0,USA:VA,water,water,environmental-water,2015.0,"[0.152, 0.695, 0.152]","[3, 5, 7, 7, 7, 7, 8, 8, 8, 8, 8]","[1, 1, 1, 1, 1, 1, 1, 1, 1, 1, 1]",poultry,env_water,USA:VA,water_appalachian
Water_Delmarva,47,47,65,374,1.0,1.0,SAMN03861753,"serotype=Typhimurium,""antigen_formula=4:i:1,2""",54892.0,54892.0,13266.0,USA:VA,environmental-water; sediment,sediment,environmental-water,2015.0,"[0.404, 0.458, 0.137]","[47, 65, 71, 368, 369, 369, 369, 371, 372, 372, 374]","[0, 1, 1, 0, 0, 0, 0, 0, 0, 1, 1]",wild animal,env_water,USA:VA,water_appalachian
Water_Delmarva,47,47,65,374,1.0,1.0,SAMN03861754,"serotype=Typhimurium,""antigen_formula=4:i:1,2""",54892.0,54892.0,13266.0,USA:VA,sediment,sediment,environmental-water,2015.0,"[0.404, 0.458, 0.137]","[47, 65, 71, 368, 369, 369, 369, 371, 372, 372, 374]","[0, 1, 1, 0, 0, 0, 0, 0, 0, 1, 1]",wild animal,env_water,USA:VA,water_appalachian
Water_Delmarva,47,47,65,374,1.0,1.0,SAMN03861755,"serotype=Typhimurium,""antigen_formula=4:i:1,2""",54892.0,54892.0,13266.0,USA:VA,sediment,sediment,environmental-water,2015.0,"[0.404, 0.458, 0.137]","[47, 65, 71, 368, 369, 369, 369, 371, 372, 372, 374]","[0, 1, 1, 0, 0, 0, 0, 0, 0, 1, 1]",wild animal,env_water,USA:VA,water_appalachian
Water_Delmarva,12,488,14,12,0.5,2.0,SAMN03861898,"serotype=Javiana,""antigen_formula=9:l,z28:1,5""",590.0,590.0,590.0,USA:VA,sediment,sediment,environmental-water,2015.0,"[0.008, 0.044, 0.949]","[12, 14, 16, 16, 17, 18, 38, 116, 287, 288, 303]","[2, 1, 1, 2, 2, 2, 2, 1, 1, 1, 2]",generalist,env_water,USA:VA,water_appalachian
Water_Delmarva,14,489,16,14,0.5,2.0,SAMN03861899,"serotype=Javiana,""antigen_formula=9:l,z28:1,5""",590.0,590.0,590.0,USA:VA,sediment,sediment,environmental-water,2015.0,"[0.008, 0.043, 0.949]","[14, 16, 18, 18, 19, 20, 40, 118, 289, 290, 304]","[2, 1, 1, 2, 2, 2, 2, 1, 1, 1, 2]",generalist,env_water,USA:VA,water_appalachian
Water_Delmarva,13,489,15,13,0.5,2.0,SAMN03861904,"serotype=Javiana,""antigen_formula=9:l,z28:1,5""",590.0,590.0,590.0,USA:VA,sediment,sediment,environmental-water,2015.0,"[0.008, 0.044, 0.949]","[13, 15, 17, 17, 18, 19, 39, 117, 288, 289, 304]","[2, 1, 1, 2, 2, 2, 2, 1, 1, 1, 2]",generalist,env_water,USA:VA,water_appalachian
Water_Delmarva,4,46,4,42,0.98,1.0,SAMN03861910,"serotype=Typhimurium,""antigen_formula=4:i:1,2""",51599.0,51599.0,13.0,USA:VA,sediment,sediment,environmental-water,2015.0,"[0.134, 0.731, 0.134]","[4, 15, 18, 18, 18, 21, 23, 23, 23, 24, 24]","[1, 1, 1, 1, 1, 1, 1, 1, 1, 1, 1]",poultry,env_water,USA:VA,water_appalachian
Water_Delmarva,10,486,12,10,0.5,2.0,SAMN03861900,"serotype=Javiana,""antigen_formula=9:l,z28:1,5""",590.0,590.0,590.0,USA:VA,sediment,sediment,environmental-water,2015.0,"[0.008, 0.044, 0.949]","[10, 12, 14, 14, 15, 16, 36, 114, 285, 286, 301]","[2, 1, 1, 2, 2, 2, 2, 1, 1, 1, 2]",generalist,env_water,USA:VA,water_appalachian
Water_Delmarva,5,47,5,43,0.97,1.0,SAMN03861909,"serotype=Typhimurium,""antigen_formula=4:i:1,2""",51599.0,51599.0,13.0,USA:VA,sediment,sediment,environmental-water,2015.0,"[0.134, 0.731, 0.134]","[5, 16, 19, 19, 19, 22, 24, 24, 24, 25, 25]","[1, 1, 1, 1, 1, 1, 1, 1, 1, 1, 1]",poultry,env_water,USA:VA,water_appalachian
Water_Delmarva,4,46,4,42,0.98,1.0,SAMN03861911,"serotype=Typhimurium,""antigen_formula=4:i:1,2""",51599.0,51599.0,13.0,USA:VA,sediment,sediment,environmental-water,2015.0,"[0.134, 0.731, 0.134]","[4, 15, 18, 18, 18, 21, 23, 23, 23, 24, 24]","[1, 1, 1, 1, 1, 1, 1, 1, 1, 1, 1]",poultry,env_water,USA:VA,water_appalachian
Water_Delmarva,1,45,1,41,0.98,1.0,SAMN03861913,"serotype=Typhimurium,""antigen_formula=4:i:1,2""",51599.0,51599.0,13.0,USA:VA,sediment,sediment,environmental-water,2015.0,"[0.144, 0.712, 0.144]","[1, 14, 17, 17, 17, 20, 22, 22, 22, 23, 23]","[1, 1, 1, 1, 1, 1, 1, 1, 1, 1, 1]",poultry,env_water,USA:VA,water_appalachian
Water_Delmarva,22,38,22,39,0.84,1.0,SAMN03861916,"serotype=Typhimurium,""antigen_formula=4:i:1,2""",53239.0,53239.0,53239.0,USA:VA,sediment,sediment,environmental-water,2015.0,"[0.096, 0.809, 0.096]","[22, 22, 23, 23, 23, 24, 24, 24, 24, 24, 24]","[1, 1, 1, 1, 1, 1, 1, 1, 1, 1, 1]",poultry,env_water,USA:VA,water_appalachian
Water_Delmarva,12,485,15,12,0.53,2.0,SAMN03861919,"serotype=Javiana,""antigen_formula=9:l,z28:1,5""",634.0,590.0,590.0,USA:VA,sediment,sediment,environmental-water,2015.0,"[0.008, 0.044, 0.949]","[12, 15, 16, 17, 17, 18, 40, 117, 287, 288, 304]","[2, 1, 2, 1, 2, 2, 2, 1, 1, 1, 2]",generalist,env_water,USA:VA,water_appalachian
Water_Delmarva,12,485,15,12,0.53,2.0,SAMN03861921,"serotype=Javiana,""antigen_formula=9:l,z28:1,5""",634.0,590.0,590.0,USA:VA,sediment,sediment,environmental-water,2015.0,"[0.008, 0.044, 0.949]","[12, 15, 16, 17, 17, 18, 40, 117, 287, 288, 304]","[2, 1, 2, 1, 2, 2, 2, 1, 1, 1, 2]",generalist,env_water,USA:VA,water_appalachian
Water_Delmarva,4,39,10,4,1.0,1.0,SAMN03861914,"serotype=Typhimurium,""antigen_formula=4:i:1,2""",6540.0,6540.0,13.0,USA:VA,sediment,sediment,environmental-water,2015.0,"[0.13, 0.517, 0.352]","[4, 10, 10, 11, 12, 13, 13, 14, 14, 14, 15]","[2, 1, 1, 1, 1, 1, 1, 1, 1, 1, 1]",poultry,env_water,USA:VA,water_appalachian
Water_Delmarva,2,46,2,42,0.98,1.0,SAMN03861912,"serotype=Typhimurium,""antigen_formula=4:i:1,2""",51599.0,51599.0,13.0,USA:VA,sediment,sediment,environmental-water,2015.0,"[0.144, 0.712, 0.144]","[2, 15, 18, 18, 18, 21, 23, 23, 23, 24, 24]","[1, 1, 1, 1, 1, 1, 1, 1, 1, 1, 1]",poultry,env_water,USA:VA,water_appalachian
Water_Delmarva,11,35,15,11,0.95,1.0,SAMN03861915,"serotype=Ouakam,""antigen_formula=9,46:z29:-""",55277.0,55277.0,55277.0,USA:VA,sediment,sediment,environmental-water,2015.0,"[0.069, 0.769, 0.162]","[11, 15, 16, 19, 22, 25, 32, 34, 35, 37, 39]","[2, 1, 1, 1, 1, 1, 1, 1, 0, 1, 1]",poultry,env_water,USA:VA,water_appalachian
Water_Delmarva,78,78,78,78,0.49,0.0,SAMN03861778,"serotype=Norwich,""antigen_formula=7:e,h:1,6""",639.0,639.0,639.0,USA:VA,water,water,environmental-water,2015.0,"[0.463, 0.385, 0.152]","[78, 78, 78, 78, 78, 79, 120, 124, 125, 125, 125]","[1, 1, 2, 0, 1, 0, 0, 0, 0, 0, 1]",wild animal,env_water,USA:VA,water_appalachian
Water_Delmarva,18,30,18,34,0.31,0.0,SAMN03861779,"serotype=Newport,""antigen_formula=8:e,h:1,2""",11686.0,632.0,120.0,USA:VA,water,water,environmental-water,2015.0,"[0.504, 0.41, 0.086]","[18, 18, 25, 30, 30, 30, 30, 31, 31, 34, 36]","[1, 1, 1, 0, 0, 0, 0, 0, 0, 2, 0]",generalist,env_water,USA:VA,water_appalachian
Water_Delmarva,18,30,18,34,0.32,0.0,SAMN03861781,"serotype=Newport,""antigen_formula=8:e,h:1,2""",51600.0,632.0,120.0,USA:VA,water,water,environmental-water,2015.0,"[0.49, 0.421, 0.088]","[18, 19, 24, 30, 30, 30, 31, 31, 31, 34, 36]","[1, 1, 1, 0, 0, 0, 0, 0, 0, 2, 0]",generalist,env_water,USA:VA,water_appalachian
Water_Delmarva,78,78,78,78,0.49,0.0,SAMN03861780,"serotype=Norwich,""antigen_formula=7:e,h:1,6""",639.0,639.0,639.0,USA:VA,water,water,environmental-water,2015.0,"[0.463, 0.385, 0.152]","[78, 78, 78, 78, 78, 79, 120, 124, 125, 125, 125]","[1, 1, 2, 0, 1, 0, 0, 0, 0, 0, 1]",wild animal,env_water,USA:VA,water_appalachian
Water_Delmarva,78,78,78,78,0.49,0.0,SAMN03861783,"serotype=Norwich,""antigen_formula=7:e,h:1,6""",639.0,639.0,639.0,USA:VA,water,water,environmental-water,2015.0,"[0.463, 0.385, 0.152]","[78, 78, 78, 78, 78, 79, 120, 124, 125, 125, 125]","[1, 1, 2, 0, 1, 0, 0, 0, 0, 0, 1]",wild animal,env_water,USA:VA,water_appalachian
Water_Delmarva,78,78,78,78,0.49,0.0,SAMN03861782,"serotype=Norwich,""antigen_formula=7:e,h:1,6""",639.0,639.0,639.0,USA:VA,water,water,environmental-water,2015.0,"[0.463, 0.385, 0.152]","[78, 78, 78, 78, 78, 79, 120, 124, 125, 125, 125]","[1, 1, 2, 0, 1, 0, 0, 0, 0, 0, 1]",wild animal,env_water,USA:VA,water_appalachian
Water_Delmarva,10,10,12,387,0.66,1.0,SAMN03861784,"serotype=Newport,""antigen_formula=8:e,h:1,2""",122.0,122.0,122.0,USA:VA,water,water,environmental-water,2015.0,"[0.071, 0.915, 0.013]","[10, 12, 12, 12, 13, 13, 14, 14, 16, 16, 29]","[0, 1, 1, 1, 1, 1, 1, 1, 0, 1, 0]",poultry,env_water,USA:VA,water_appalachian
Water_Delmarva,78,78,78,78,0.49,0.0,SAMN03861786,"serotype=Norwich,""antigen_formula=7:e,h:1,6""",639.0,639.0,639.0,USA:VA,water,water,environmental-water,2015.0,"[0.463, 0.385, 0.152]","[78, 78, 78, 78, 78, 79, 120, 124, 125, 125, 125]","[1, 1, 2, 0, 1, 0, 0, 0, 0, 0, 1]",wild animal,env_water,USA:VA,water_appalachian
Water_Delmarva,18,30,18,34,0.31,0.0,SAMN03861788,"serotype=Newport,""antigen_formula=8:e,h:1,2""",11686.0,632.0,120.0,USA:VA,water,water,environmental-water,2015.0,"[0.504, 0.41, 0.086]","[18, 18, 25, 30, 30, 30, 30, 31, 31, 34, 36]","[1, 1, 1, 0, 0, 0, 0, 0, 0, 2, 0]",generalist,env_water,USA:VA,water_appalachian
Water_Delmarva,78,78,78,78,0.49,0.0,SAMN03861787,"serotype=Norwich,""antigen_formula=7:e,h:1,6""",639.0,639.0,639.0,USA:VA,water,water,environmental-water,2015.0,"[0.463, 0.385, 0.152]","[78, 78, 78, 78, 78, 79, 120, 124, 125, 125, 125]","[1, 1, 2, 0, 1, 0, 0, 0, 0, 0, 1]",wild animal,env_water,USA:VA,water_appalachian
Water_Delmarva,10,10,12,387,0.66,1.0,SAMN03861785,"serotype=Newport,""antigen_formula=8:e,h:1,2""",122.0,122.0,122.0,USA:VA,water,water,environmental-water,2015.0,"[0.071, 0.915, 0.013]","[10, 12, 12, 12, 13, 13, 14, 14, 16, 16, 29]","[0, 1, 1, 1, 1, 1, 1, 1, 0, 1, 0]",poultry,env_water,USA:VA,water_appalachian
Water_Delmarva,158,158,166,197,0.59,0.0,SAMN03861789,"serotype=Muenchen,""antigen_formula=8:d:1,2""",53639.0,53639.0,53639.0,USA:VA,water,water,environmental-water,2015.0,"[0.894, 0.068, 0.039]","[158, 166, 166, 172, 174, 196, 196, 196, 197, 197, 197]","[0, 1, 0, 0, 0, 1, 0, 0, 1, 1, 2]",wild animal,env_water,USA:VA,water_appalachian
Water_Delmarva,154,154,2122,2047,1.0,0.0,SAMN03861790,"serotype=IIIb 38:(k):z35,""antigen_formula=38:k:z35""",53640.0,53640.0,53640.0,USA:VA,water,water,environmental-water,2015.0,"[0.822, 0.087, 0.091]","[154, 170, 1973, 2001, 2024, 2047, 2047, 2081, 2109, 2122, 2120]","[0, 0, 0, 0, 0, 2, 0, 0, 0, 0, 0]",wild animal,env_water,USA:VA,water_appalachian
Water_Delmarva,153,153,2125,2049,1.0,0.0,SAMN03861791,"serotype=IIIb 38:(k):z35,""antigen_formula=38:k:z35""",53640.0,53640.0,53640.0,USA:VA,water,water,environmental-water,2015.0,"[0.822, 0.088, 0.091]","[153, 169, 1974, 2003, 2025, 2049, 2049, 2084, 2110, 2123, 2121]","[0, 0, 0, 0, 0, 2, 0, 0, 0, 0, 0]",wild animal,env_water,USA:VA,water_appalachian
Water_Delmarva,153,153,2125,2049,1.0,0.0,SAMN03861792,"serotype=IIIb 38:(k):z35,""antigen_formula=38:k:z35""",53640.0,53640.0,53640.0,USA:VA,water,water,environmental-water,2015.0,"[0.822, 0.088, 0.091]","[153, 169, 1974, 2003, 2025, 2049, 2049, 2084, 2110, 2123, 2121]","[0, 0, 0, 0, 0, 2, 0, 0, 0, 0, 0]",wild animal,env_water,USA:VA,water_appalachian
Water_Delmarva,12,41,12,12,0.99,1.0,SAMN03861793,"serotype=Typhimurium,""antigen_formula=4:i:1,2""",53638.0,53638.0,13.0,USA:VA,water,water,environmental-water,2015.0,"[0.051, 0.814, 0.135]","[12, 12, 12, 13, 15, 15, 15, 16, 16, 17, 17]","[1, 1, 2, 1, 1, 1, 1, 1, 1, 1, 1]",poultry,env_water,USA:VA,water_appalachian
Water_Delmarva,13,489,15,13,0.5,2.0,SAMN03861800,"serotype=Javiana,""antigen_formula=9:l,z28:1,5""",590.0,590.0,590.0,USA:VA,sediment,sediment,environmental-water,2015.0,"[0.008, 0.044, 0.949]","[13, 15, 17, 17, 18, 19, 39, 117, 288, 289, 304]","[2, 1, 1, 2, 2, 2, 2, 1, 1, 1, 2]",generalist,env_water,USA:VA,water_appalachian
Water_Delmarva,12,41,12,12,0.99,1.0,SAMN03861796,"serotype=Typhimurium,""antigen_formula=4:i:1,2""",53638.0,53638.0,13.0,USA:VA,water,water,environmental-water,2015.0,"[0.051, 0.814, 0.135]","[12, 12, 12, 13, 15, 15, 15, 16, 16, 17, 17]","[1, 1, 2, 1, 1, 1, 1, 1, 1, 1, 1]",poultry,env_water,USA:VA,water_appalachian
Water_Delmarva,13,42,13,13,0.98,1.0,SAMN03861794,"serotype=Typhimurium,""antigen_formula=4:i:1,2""",53638.0,53638.0,13.0,USA:VA,water,water,environmental-water,2015.0,"[0.051, 0.814, 0.135]","[13, 13, 13, 14, 16, 16, 16, 17, 17, 18, 18]","[1, 1, 2, 1, 1, 1, 1, 1, 1, 1, 1]",poultry,env_water,USA:VA,water_appalachian
Water_Delmarva,2,12,2,20,0.57,1.0,SAMN03861827,"serotype=Braenderup,""antigen_formula=7:e,h:e,n,z15""",4601.0,4601.0,185.0,USA:VA,water,water,environmental-water,2015.0,"[0.317, 0.525, 0.158]","[2, 12, 14, 14, 16, 16, 17, 17, 19, 19, 19]","[1, 0, 1, 1, 1, 0, 1, 0, 0, 1, 1]",poultry,env_water,USA:VA,water_appalachian
Water_Delmarva,11,487,13,11,0.5,2.0,SAMN03861835,"serotype=Javiana,""antigen_formula=9:l,z28:1,5""",590.0,590.0,590.0,USA:VA,water,water,environmental-water,2015.0,"[0.008, 0.044, 0.949]","[11, 13, 15, 15, 16, 17, 37, 115, 286, 287, 302]","[2, 1, 1, 2, 2, 2, 2, 1, 1, 1, 2]",generalist,env_water,USA:VA,water_appalachian
Water_Delmarva,417,417,2136,666,0.99,0.0,SAMN03861829,"serotype=IIIb 17:z10:e,n,x,z15,""antigen_formula=17:z10:e,n,x,z15""",19241.0,19241.0,19241.0,USA:VA,water,water,environmental-water,2015.0,"[0.997, 0.001, 0.002]","[417, 661, 663, 663, 666, 667, 667, 684, 694, 2062, 2084]","[0, 0, 0, 0, 2, 0, 0, 0, 0, 0, 0]",wild animal,env_water,USA:VA,water_appalachian
Water_Delmarva,2,12,2,20,0.57,1.0,SAMN03861837,"serotype=Braenderup,""antigen_formula=7:e,h:e,n,z15""",4601.0,4601.0,185.0,USA:VA,water,water,environmental-water,2015.0,"[0.317, 0.525, 0.158]","[2, 12, 14, 14, 16, 16, 17, 17, 19, 19, 19]","[1, 0, 1, 1, 1, 0, 1, 0, 0, 1, 1]",poultry,env_water,USA:VA,water_appalachian
Water_Delmarva,2,12,2,20,0.57,1.0,SAMN03861826,"serotype=Braenderup,""antigen_formula=7:e,h:e,n,z15""",4601.0,4601.0,185.0,USA:VA,water,water,environmental-water,2015.0,"[0.317, 0.525, 0.158]","[2, 12, 14, 14, 16, 16, 17, 17, 19, 19, 19]","[1, 0, 1, 1, 1, 0, 1, 0, 0, 1, 1]",poultry,env_water,USA:VA,water_appalachian
Water_Delmarva,418,418,2137,667,0.99,0.0,SAMN03861825,"serotype=IIIb 17:z10:e,n,x,z15,""antigen_formula=17:z10:e,n,x,z15""",19241.0,19241.0,19241.0,USA:VA,water,water,environmental-water,2015.0,"[0.997, 0.001, 0.002]","[418, 662, 664, 664, 667, 668, 668, 685, 695, 2063, 2085]","[0, 0, 0, 0, 2, 0, 0, 0, 0, 0, 0]",wild animal,env_water,USA:VA,water_appalachian
Water_Delmarva,3,13,3,21,0.57,1.0,SAMN03861832,"serotype=Braenderup,""antigen_formula=7:e,h:e,n,z15""",4601.0,4601.0,185.0,USA:VA,water,water,environmental-water,2015.0,"[0.317, 0.525, 0.158]","[3, 13, 15, 15, 17, 17, 18, 18, 20, 20, 20]","[1, 0, 1, 1, 1, 0, 0, 1, 0, 1, 1]",poultry,env_water,USA:VA,water_appalachian
Water_Delmarva,418,418,2137,667,0.99,0.0,SAMN03861828,"serotype=IIIb 17:z10:e,n,x,z15,""antigen_formula=17:z10:e,n,x,z15""",19241.0,19241.0,19241.0,USA:VA,water,water,environmental-water,2015.0,"[0.997, 0.001, 0.002]","[418, 662, 664, 664, 667, 668, 668, 685, 695, 2063, 2085]","[0, 0, 0, 0, 2, 0, 0, 0, 0, 0, 0]",wild animal,env_water,USA:VA,water_appalachian
Water_Delmarva,13,47,13,42,0.95,1.0,SAMN03861830,"serotype=Typhimurium,""antigen_formula=4:i:1,2""",53628.0,53628.0,13.0,USA:VA,water,water,environmental-water,2015.0,"[0.115, 0.771, 0.115]","[13, 18, 19, 20, 20, 20, 20, 21, 21, 21, 22]","[1, 1, 1, 1, 1, 1, 1, 1, 1, 1, 1]",poultry,env_water,USA:VA,water_appalachian
Water_Delmarva,13,47,13,42,0.95,1.0,SAMN03861831,"serotype=Typhimurium,""antigen_formula=4:i:1,2""",53628.0,53628.0,13.0,USA:VA,water,water,environmental-water,2015.0,"[0.115, 0.771, 0.115]","[13, 18, 19, 20, 20, 20, 20, 21, 21, 21, 22]","[1, 1, 1, 1, 1, 1, 1, 1, 1, 1, 1]",poultry,env_water,USA:VA,water_appalachian
Water_Delmarva,3,13,3,21,0.57,1.0,SAMN03861839,"serotype=Braenderup,""antigen_formula=7:e,h:e,n,z15""",4601.0,4601.0,185.0,USA:VA,water,water,environmental-water,2015.0,"[0.317, 0.525, 0.158]","[3, 13, 15, 15, 17, 17, 18, 18, 20, 20, 20]","[1, 0, 1, 1, 1, 0, 0, 1, 0, 1, 1]",poultry,env_water,USA:VA,water_appalachian
Water_Delmarva,165,165,796,526,1.0,0.0,SAMN03861845,"serotype=Bareilly,""antigen_formula=7:y:1,5""",18791.0,16969.0,16969.0,USA:VA,water,water,environmental-water,2015.0,"[0.911, 0.035, 0.054]","[165, 173, 187, 526, 616, 784, 795, 796, 796, 796, 796]","[0, 0, 0, 2, 0, 0, 0, 0, 1, 2, 2]",wild animal,env_water,USA:VA,water_appalachian
Water_Delmarva,165,165,796,526,1.0,0.0,SAMN03861846,"serotype=Bareilly,""antigen_formula=7:y:1,5""",18791.0,16969.0,16969.0,USA:VA,water,water,environmental-water,2015.0,"[0.911, 0.035, 0.054]","[165, 173, 187, 526, 616, 784, 795, 796, 796, 796, 796]","[0, 0, 0, 2, 0, 0, 0, 2, 0, 2, 1]",wild animal,env_water,USA:VA,water_appalachian
Water_Delmarva,9,41,9,45,0.51,1.0,SAMN03861844,"serotype=Thompson,""antigen_formula=7:k:1,5""",11098.0,11098.0,11098.0,USA:VA,water,water,environmental-water,2015.0,"[0.256, 0.51, 0.234]","[9, 40, 40, 40, 41, 41, 41, 41, 42, 42, 42]","[1, 1, 1, 1, 0, 0, 1, 0, 0, 1, 1]",generalist,env_water,USA:VA,water_appalachian
Water_Delmarva,400,400,2121,2076,0.55,0.0,SAMN03861848,"serotype=IIIb 65:(k):z,""antigen_formula=65:k:z""",53729.0,53729.0,53729.0,USA:VA,water,water,environmental-water,2015.0,"[0.665, 0.166, 0.169]","[400, 1919, 1968, 1988, 1991, 2076, 2078, 2089, 2099, 2113, 2116]","[0, 0, 0, 0, 0, 2, 0, 0, 0, 0, 0]",wild animal,env_water,USA:VA,water_appalachian
Water_Delmarva,78,78,78,78,0.49,0.0,SAMN03861838,"serotype=Norwich,""antigen_formula=7:e,h:1,6""",639.0,639.0,639.0,USA:VA,water,water,environmental-water,2015.0,"[0.463, 0.385, 0.152]","[78, 78, 78, 78, 78, 79, 120, 124, 125, 125, 125]","[1, 1, 2, 0, 1, 0, 0, 0, 0, 0, 1]",wild animal,env_water,USA:VA,water_appalachian
Water_Delmarva,165,165,796,526,1.0,0.0,SAMN03861849,"serotype=Bareilly,""antigen_formula=7:y:1,5""",18791.0,16969.0,16969.0,USA:VA,water,water,environmental-water,2015.0,"[0.911, 0.035, 0.054]","[165, 173, 187, 526, 616, 784, 795, 796, 796, 796, 796]","[0, 0, 0, 2, 0, 0, 0, 0, 1, 2, 2]",wild animal,env_water,USA:VA,water_appalachian
Water_Delmarva,165,165,796,526,1.0,0.0,SAMN03861856,"serotype=Bareilly,""antigen_formula=7:y:1,5""",18791.0,16969.0,16969.0,USA:VA,water,water,environmental-water,2015.0,"[0.911, 0.035, 0.054]","[165, 173, 187, 526, 616, 784, 795, 796, 796, 796, 796]","[0, 0, 0, 2, 0, 0, 0, 0, 1, 2, 2]",wild animal,env_water,USA:VA,water_appalachian
Water_Delmarva,12,485,15,12,0.53,2.0,SAMN03861847,"serotype=Javiana,""antigen_formula=9:l,z28:1,5""",634.0,590.0,590.0,USA:VA,water,water,environmental-water,2015.0,"[0.008, 0.043, 0.949]","[12, 15, 16, 17, 17, 17, 40, 118, 287, 288, 304]","[2, 1, 2, 1, 2, 2, 2, 1, 1, 1, 2]",generalist,env_water,USA:VA,water_appalachian
Water_Delmarva,164,164,795,525,1.0,0.0,SAMN03861855,"serotype=Bareilly,""antigen_formula=7:y:1,5""",18791.0,16969.0,16969.0,USA:VA,water,water,environmental-water,2015.0,"[0.911, 0.035, 0.054]","[164, 173, 186, 525, 615, 783, 794, 795, 795, 795, 795]","[0, 0, 0, 2, 0, 0, 0, 2, 1, 2, 0]",wild animal,env_water,USA:VA,water_appalachian
Water_Delmarva,11,484,14,11,0.53,2.0,SAMN03861850,"serotype=Javiana,""antigen_formula=9:l,z28:1,5""",634.0,590.0,590.0,USA:VA,water,water,environmental-water,2015.0,"[0.008, 0.044, 0.949]","[11, 14, 15, 16, 16, 17, 39, 117, 286, 287, 303]","[2, 1, 2, 1, 2, 2, 2, 1, 1, 1, 2]",generalist,env_water,USA:VA,water_appalachian
Water_Delmarva,16,490,18,16,0.5,2.0,SAMN03861852,"serotype=Javiana,""antigen_formula=9:l,z28:1,5""",590.0,590.0,590.0,USA:VA,water,water,environmental-water,2015.0,"[0.008, 0.044, 0.949]","[16, 18, 20, 20, 21, 22, 42, 120, 290, 291, 306]","[2, 1, 2, 1, 2, 2, 2, 1, 1, 1, 2]",generalist,env_water,USA:VA,water_appalachian
Water_Delmarva,166,166,796,526,1.0,0.0,SAMN03861857,"serotype=Bareilly,""antigen_formula=7:y:1,5""",18791.0,16969.0,16969.0,USA:VA,water,water,environmental-water,2015.0,"[0.911, 0.035, 0.054]","[166, 174, 188, 526, 616, 784, 795, 796, 796, 796, 796]","[0, 0, 0, 2, 0, 0, 0, 0, 1, 2, 2]",wild animal,env_water,USA:VA,water_appalachian
Water_Delmarva,166,166,796,527,1.0,0.0,SAMN03861859,"serotype=Bareilly,""antigen_formula=7:y:1,5""",18791.0,16969.0,16969.0,USA:VA,water,water,environmental-water,2015.0,"[0.911, 0.035, 0.054]","[166, 174, 188, 527, 617, 784, 795, 796, 796, 796, 796]","[0, 0, 0, 2, 0, 0, 0, 1, 1, 1, 2]",wild animal,env_water,USA:VA,water_appalachian
Water_Delmarva,166,166,796,527,1.0,0.0,SAMN03861862,"serotype=Bareilly,""antigen_formula=7:y:1,5""",16969.0,16969.0,16969.0,USA:VA,sediment,sediment,environmental-water,2015.0,"[0.911, 0.035, 0.054]","[166, 174, 188, 527, 618, 784, 796, 796, 796, 796, 796]","[0, 0, 0, 2, 0, 0, 2, 1, 0, 2, 1]",wild animal,env_water,USA:VA,water_appalachian
Water_Delmarva,16,490,18,16,0.5,2.0,SAMN03861865,"serotype=Javiana,""antigen_formula=9:l,z28:1,5""",590.0,590.0,590.0,USA:VA,sediment,sediment,environmental-water,2015.0,"[0.008, 0.044, 0.949]","[16, 18, 20, 20, 21, 22, 42, 120, 291, 292, 307]","[2, 1, 2, 1, 2, 2, 2, 1, 1, 1, 2]",generalist,env_water,USA:VA,water_appalachian
Water_Delmarva,166,166,797,526,1.0,0.0,SAMN03861860,"serotype=Bareilly,""antigen_formula=7:y:1,5""",18791.0,16969.0,16969.0,USA:VA,water,water,environmental-water,2015.0,"[0.911, 0.035, 0.054]","[166, 174, 188, 526, 617, 785, 795, 797, 797, 797, 797]","[0, 0, 0, 2, 0, 0, 0, 1, 2, 2, 0]",wild animal,env_water,USA:VA,water_appalachian
Water_Delmarva,15,41,15,26,0.93,1.0,SAMN03861863,"serotype=Typhimurium,""antigen_formula=4:i:1,2""",53793.0,53793.0,13.0,USA:VA,sediment,sediment,environmental-water,2015.0,"[0.062, 0.876, 0.062]","[15, 16, 16, 17, 17, 18, 18, 18, 19, 19, 19]","[1, 1, 1, 1, 1, 1, 1, 1, 1, 1, 1]",poultry,env_water,USA:VA,water_appalachian
Water_Delmarva,166,166,797,526,1.0,0.0,SAMN03861861,"serotype=Bareilly,""antigen_formula=7:y:1,5""",18791.0,16969.0,16969.0,USA:VA,water,water,environmental-water,2015.0,"[0.911, 0.035, 0.054]","[166, 174, 188, 526, 617, 785, 795, 797, 797, 797, 797]","[0, 0, 0, 2, 0, 0, 0, 1, 2, 2, 0]",wild animal,env_water,USA:VA,water_appalachian
Water_Delmarva,16,490,18,16,0.5,2.0,SAMN03861864,"serotype=Javiana,""antigen_formula=9:l,z28:1,5""",590.0,590.0,590.0,USA:VA,sediment,sediment,environmental-water,2015.0,"[0.008, 0.044, 0.949]","[16, 18, 20, 20, 21, 22, 42, 120, 291, 292, 307]","[2, 1, 2, 1, 2, 2, 2, 1, 1, 1, 2]",generalist,env_water,USA:VA,water_appalachian
Water_Delmarva,419,419,2137,668,0.99,0.0,SAMN03861866,"serotype=IIIb 17:z10:e,n,x,z15,""antigen_formula=17:z10:e,n,x,z15""",19241.0,19241.0,19241.0,USA:VA,sediment,sediment,environmental-water,2015.0,"[0.997, 0.001, 0.002]","[419, 663, 665, 665, 668, 669, 669, 686, 696, 2063, 2085]","[0, 0, 0, 0, 2, 0, 0, 0, 0, 0, 0]",wild animal,env_water,USA:VA,water_appalachian
Water_Delmarva,3,8,3,19,0.88,1.0,SAMN03861868,"serotype=Thompson,""antigen_formula=7:k:1,5""",119.0,119.0,119.0,USA:VA,sediment,sediment,environmental-water,2015.0,"[0.105, 0.789, 0.105]","[3, 4, 6, 7, 7, 7, 7, 7, 8, 8, 8]","[1, 1, 1, 1, 1, 1, 1, 1, 0, 1, 0]",poultry,env_water,USA:VA,water_appalachian
Water_Delmarva,3,24,3,22,1.0,1.0,SAMN03861870,"serotype=Braenderup,""antigen_formula=7:e,h:e,n,z15""",11864.0,11864.0,1470.0,USA:VA,sediment,sediment,environmental-water,2015.0,"[0.028, 0.942, 0.03]","[3, 3, 3, 10, 15, 15, 16, 16, 16, 22, 23]","[1, 1, 1, 1, 1, 1, 1, 1, 1, 2, 1]",poultry,env_water,USA:VA,water_appalachian
Water_Delmarva,172,172,797,531,1.0,0.0,SAMN03861872,"serotype=Bareilly,""antigen_formula=7:y:1,5""",16970.0,16969.0,16969.0,USA:VA,sediment,sediment,environmental-water,2015.0,"[0.911, 0.035, 0.054]","[172, 178, 194, 531, 619, 785, 797, 797, 797, 797, 797]","[0, 0, 0, 2, 0, 0, 0, 2, 1, 2, 1]",wild animal,env_water,USA:VA,water_appalachian
Water_Delmarva,172,172,798,532,1.0,0.0,SAMN03861873,"serotype=Bareilly,""antigen_formula=7:y:1,5""",16970.0,16969.0,16969.0,USA:VA,sediment,sediment,environmental-water,2015.0,"[0.911, 0.035, 0.053]","[172, 178, 194, 532, 620, 786, 798, 798, 798, 798, 798]","[0, 0, 0, 2, 0, 0, 2, 1, 0, 2, 1]",wild animal,env_water,USA:VA,water_appalachian
Water_Delmarva,165,165,795,526,1.0,0.0,SAMN02900286,"serotype=Bareilly,""antigen_formula=7:y:1,5""",16969.0,16969.0,16969.0,USA:VA,water,water,environmental-water,2012.0,"[0.911, 0.035, 0.054]","[165, 172, 187, 526, 617, 783, 795, 795, 795, 795, 795]","[0, 0, 0, 2, 0, 0, 2, 1, 0, 2, 1]",wild animal,env_water,USA:VA,water_appalachian
Water_Delmarva,165,165,794,526,1.0,0.0,SAMN02900284,"serotype=Bareilly,""antigen_formula=7:y:1,5""",16969.0,16969.0,16969.0,USA:VA,water,water,environmental-water,2012.0,"[0.911, 0.035, 0.054]","[165, 172, 187, 526, 617, 782, 794, 794, 794, 794, 794]","[0, 0, 0, 2, 0, 0, 2, 1, 0, 1, 2]",wild animal,env_water,USA:VA,water_appalachian
Water_Delmarva,8,37,8,40,1.0,1.0,SAMN02900281,"serotype=Schwarzengrund,""antigen_formula=4:d:1,7""",380.0,380.0,380.0,USA:VA,water,water,environmental-water,2012.0,"[0.104, 0.792, 0.104]","[8, 8, 9, 22, 23, 23, 24, 24, 24, 24, 24]","[1, 1, 1, 1, 1, 1, 1, 1, 1, 1, 1]",poultry,env_water,USA:VA,water_appalachian
Water_Delmarva,166,166,796,527,1.0,0.0,SAMN02900285,"serotype=Bareilly,""antigen_formula=7:y:1,5""",16969.0,16969.0,16969.0,USA:VA,water,water,environmental-water,2012.0,"[0.911, 0.035, 0.054]","[166, 174, 188, 527, 618, 785, 796, 796, 796, 796, 796]","[0, 0, 0, 2, 0, 0, 2, 1, 2, 0, 1]",wild animal,env_water,USA:VA,water_appalachian
Water_Delmarva,166,166,797,528,1.0,0.0,SAMN02900287,"serotype=Bareilly,""antigen_formula=7:y:1,5""",16970.0,16969.0,16969.0,USA:VA,water,water,environmental-water,2012.0,"[0.911, 0.035, 0.054]","[166, 175, 189, 528, 615, 785, 797, 797, 797, 797, 797]","[0, 0, 0, 2, 0, 0, 1, 2, 1, 2, 0]",wild animal,env_water,USA:VA,water_appalachian
Water_Delmarva,166,166,795,527,1.0,0.0,SAMN02900276,"serotype=Bareilly,""antigen_formula=7:y:1,5""",16970.0,16969.0,16969.0,USA:VA,water,water,environmental-water,2012.0,"[0.911, 0.035, 0.054]","[166, 174, 188, 527, 615, 783, 795, 795, 795, 795, 795]","[0, 0, 0, 2, 0, 0, 2, 1, 0, 2, 1]",wild animal,env_water,USA:VA,water_appalachian
Water_Delmarva,8,37,8,40,1.0,1.0,SAMN02900283,"serotype=Schwarzengrund,""antigen_formula=4:d:1,7""",380.0,380.0,380.0,USA:VA,water,water,environmental-water,2012.0,"[0.104, 0.792, 0.104]","[8, 8, 9, 22, 23, 23, 24, 24, 24, 24, 24]","[1, 1, 1, 1, 1, 1, 1, 1, 1, 1, 1]",poultry,env_water,USA:VA,water_appalachian
Water_Delmarva,56,56,78,77,0.64,0.0,SAMN02900385,"serotype=Oranienburg,""antigen_formula=7:m,t:-""",18549.0,18549.0,18549.0,USA:VA,sediment,sediment,environmental-water,2012.0,"[0.751, 0.13, 0.119]","[56, 61, 77, 78, 78, 79, 79, 80, 81, 82, 82]","[0, 0, 2, 1, 1, 0, 0, 1, 1, 1, 2]",wild animal,env_water,USA:VA,water_appalachian
Water_Delmarva,15,491,17,15,0.5,2.0,SAMN02900259,"serotype=Javiana,""antigen_formula=9:l,z28:1,5""",590.0,590.0,590.0,USA:VA,water,water,environmental-water,2012.0,"[0.008, 0.043, 0.949]","[15, 17, 19, 19, 19, 21, 41, 119, 290, 291, 306]","[2, 1, 1, 2, 2, 2, 2, 1, 1, 1, 2]",generalist,env_water,USA:VA,water_appalachian
Water_Delmarva,8,12,8,386,0.82,1.0,SAMN03861574,"serotype=Newport,""antigen_formula=8:e,h:1,2""",122.0,122.0,122.0,USA:VA,water,water,environmental-water,2014.0,"[0.036, 0.955, 0.008]","[8, 8, 8, 9, 9, 10, 10, 12, 13, 14, 27]","[1, 1, 1, 1, 1, 1, 1, 0, 1, 0, 0]",poultry,env_water,USA:VA,water_appalachian
Water_Delmarva,12,487,14,12,0.5,2.0,SAMN03861558,"serotype=Javiana,""antigen_formula=9:l,z28:1,5""",590.0,590.0,590.0,USA:VA,water,water,environmental-water,2014.0,"[0.008, 0.043, 0.949]","[12, 14, 16, 16, 17, 18, 37, 116, 287, 288, 303]","[2, 1, 1, 2, 2, 2, 2, 1, 1, 1, 2]",generalist,env_water,USA:VA,water_appalachian
Water_Delmarva,8,12,8,386,0.82,1.0,SAMN03861568,"serotype=Newport,""antigen_formula=8:e,h:1,2""",122.0,122.0,122.0,USA:VA,water,water,environmental-water,2014.0,"[0.036, 0.955, 0.008]","[8, 8, 8, 9, 9, 10, 10, 12, 13, 14, 27]","[1, 1, 1, 1, 1, 1, 1, 0, 1, 0, 0]",poultry,env_water,USA:VA,water_appalachian
Water_Delmarva,8,12,9,8,0.5,2.0,SAMN03861591,"serotype=Infantis,""antigen_formula=7:r:1,5""",638.0,638.0,638.0,USA:VA,water,water,environmental-water,2014.0,"[0.024, 0.061, 0.915]","[8, 9, 9, 9, 9, 10, 11, 11, 11, 12, 12]","[2, 1, 1, 2, 2, 2, 2, 2, 2, 0, 1]",generalist,env_water,USA:VA,water_appalachian
Water_Delmarva,14,488,16,14,0.5,2.0,SAMN03861576,"serotype=Javiana,""antigen_formula=9:l,z28:1,5""",590.0,590.0,590.0,USA:VA,water,water,environmental-water,2014.0,"[0.008, 0.043, 0.949]","[14, 16, 18, 18, 19, 20, 39, 118, 289, 290, 305]","[2, 1, 1, 2, 2, 2, 2, 1, 1, 1, 2]",generalist,env_water,USA:VA,water_appalachian
Water_Delmarva,11,11,13,390,0.65,1.0,SAMN03861593,"serotype=Newport,""antigen_formula=8:e,h:1,2""",122.0,122.0,122.0,USA:VA,water,water,environmental-water,2014.0,"[0.071, 0.915, 0.013]","[11, 13, 13, 13, 14, 14, 15, 15, 17, 17, 30]","[0, 1, 1, 1, 1, 1, 1, 1, 0, 1, 0]",poultry,env_water,USA:VA,water_appalachian
Water_Delmarva,11,26,11,30,0.88,1.0,SAMN03861610,"serotype=Newport,""antigen_formula=8:e,h:1,2""",8564.0,120.0,120.0,USA:VA,water,water,environmental-water,2014.0,"[0.438, 0.462, 0.101]","[11, 13, 19, 26, 26, 26, 27, 27, 27, 30, 32]","[1, 1, 1, 0, 0, 0, 0, 0, 0, 2, 0]",poultry,env_water,USA:VA,water_appalachian
Water_Delmarva,20,32,20,36,0.34,0.0,SAMN03861625,"serotype=Newport,""antigen_formula=8:e,h:1,2""",47849.0,47849.0,120.0,USA:VA,water,water,environmental-water,2014.0,"[0.498, 0.413, 0.09]","[20, 21, 27, 32, 32, 32, 33, 33, 33, 36, 38]","[1, 1, 1, 0, 0, 0, 0, 0, 0, 2, 0]",generalist,env_water,USA:VA,water_appalachian
Water_Delmarva,20,32,20,36,0.34,0.0,SAMN03861624,"serotype=Newport,""antigen_formula=8:e,h:1,2""",47849.0,47849.0,120.0,USA:VA,water,water,environmental-water,2014.0,"[0.498, 0.413, 0.09]","[20, 21, 27, 32, 32, 32, 33, 33, 33, 36, 38]","[1, 1, 1, 0, 0, 0, 0, 0, 0, 2, 0]",generalist,env_water,USA:VA,water_appalachian
Water_Delmarva,15,487,17,15,0.5,2.0,SAMN03861658,"serotype=Javiana,""antigen_formula=9:l,z28:1,5""",590.0,590.0,590.0,USA:VA,water,water,environmental-water,2014.0,"[0.008, 0.043, 0.949]","[15, 17, 19, 19, 20, 21, 40, 119, 289, 290, 305]","[2, 1, 1, 2, 2, 2, 2, 1, 1, 1, 2]",generalist,env_water,USA:VA,water_appalachian
Water_Delmarva,8,12,8,388,0.82,1.0,SAMN03861641,"serotype=Newport,""antigen_formula=8:e,h:1,2""",122.0,122.0,122.0,USA:VA,water,water,environmental-water,2014.0,"[0.036, 0.955, 0.008]","[8, 8, 8, 9, 9, 10, 10, 12, 13, 14, 27]","[1, 1, 1, 1, 1, 1, 1, 0, 1, 0, 0]",poultry,env_water,USA:VA,water_appalachian
Water_Delmarva,166,166,795,526,1.0,0.0,SAMN03861627,"serotype=Bareilly,""antigen_formula=7:y:1,5""",16969.0,16969.0,16969.0,USA:VA,water,water,environmental-water,2014.0,"[0.911, 0.035, 0.054]","[166, 173, 188, 526, 617, 783, 794, 795, 795, 795, 795]","[0, 0, 0, 2, 0, 0, 0, 2, 2, 1, 0]",wild animal,env_water,USA:VA,water_appalachian
Water_Delmarva,9,13,9,389,0.79,1.0,SAMN03861643,"serotype=Newport,""antigen_formula=8:e,h:1,2""",122.0,122.0,122.0,USA:VA,water,water,environmental-water,2014.0,"[0.036, 0.955, 0.008]","[9, 9, 9, 10, 10, 11, 11, 13, 14, 15, 28]","[1, 1, 1, 1, 1, 1, 1, 0, 1, 0, 0]",poultry,env_water,USA:VA,water_appalachian
Water_Delmarva,14,487,16,14,0.5,2.0,SAMN03861660,"serotype=Javiana,""antigen_formula=9:l,z28:1,5""",590.0,590.0,590.0,USA:VA,water,water,environmental-water,2014.0,"[0.008, 0.044, 0.949]","[14, 16, 18, 18, 19, 20, 40, 118, 288, 289, 304]","[2, 1, 2, 1, 2, 2, 2, 1, 1, 1, 2]",generalist,env_water,USA:VA,water_appalachian
Water_Delmarva,19,491,21,19,0.5,2.0,SAMN03861675,"serotype=Javiana,""antigen_formula=9:l,z28:1,5""",47930.0,590.0,590.0,USA:VA,water,water,environmental-water,2015.0,"[0.008, 0.043, 0.949]","[19, 21, 23, 23, 24, 25, 44, 123, 294, 295, 310]","[2, 1, 2, 1, 2, 2, 2, 1, 1, 1, 2]",generalist,env_water,USA:VA,water_appalachian
Water_Delmarva,18,490,20,18,0.5,2.0,SAMN03861677,"serotype=I 2:l,z28:1,5,""antigen_formula=2:l,z28:1,5""",47930.0,590.0,590.0,USA:VA,water,water,environmental-water,2015.0,"[0.008, 0.044, 0.949]","[18, 20, 22, 22, 23, 24, 44, 122, 292, 293, 308]","[2, 1, 2, 1, 2, 2, 2, 1, 1, 1, 2]",generalist,env_water,USA:VA,water_appalachian
Water_Delmarva,58,58,261,259,1.0,0.0,SAMN03861708,"serotype=Newport,""antigen_formula=8:e,h:1,2""",54515.0,54515.0,54515.0,USA:VA,water,water,environmental-water,2015.0,"[0.795, 0.102, 0.103]","[58, 60, 253, 255, 259, 260, 260, 260, 260, 260, 260]","[0, 0, 0, 0, 2, 2, 2, 0, 0, 0, 0]",wild animal,env_water,USA:VA,water_appalachian
Water_Delmarva,12,16,12,14,0.5,2.0,SAMN03861693,"serotype=Mbandaka,""antigen_formula=7:z10:e,n,z15""",54550.0,54550.0,4.0,USA:VA,water,water,environmental-water,2015.0,"[0.084, 0.215, 0.701]","[12, 14, 14, 14, 15, 15, 15, 16, 16, 17, 17]","[1, 2, 2, 1, 2, 2, 2, 0, 1, 1, 0]",generalist,env_water,USA:VA,water_appalachian
Water_Delmarva,3,45,3,40,1.0,1.0,SAMN03861725,"serotype=Typhimurium,""antigen_formula=4:i:1,2""",46511.0,11109.0,13.0,USA:VA,water,water,environmental-water,2015.0,"[0.077, 0.846, 0.077]","[3, 3, 7, 8, 14, 15, 15, 15, 15, 16, 16]","[1, 1, 1, 1, 1, 1, 1, 1, 1, 1, 1]",poultry,env_water,USA:VA,water_appalachian
Water_Delmarva,12,18,12,34,0.98,1.0,SAMN03861710,"serotype=Kentucky,""antigen_formula=8:i:z6""",54531.0,54531.0,126.0,USA:VA,water,water,environmental-water,2015.0,"[0.063, 0.883, 0.054]","[12, 12, 13, 16, 17, 17, 17, 18, 18, 18, 19]","[1, 1, 1, 1, 1, 1, 1, 1, 0, 1, 1]",poultry,env_water,USA:VA,water_appalachian
Water_Delmarva,12,43,12,37,0.99,1.0,SAMN03861727,"serotype=Typhimurium,""antigen_formula=4:i:1,2""",54517.0,54517.0,13.0,USA:VA,water,water,environmental-water,2015.0,"[0.04, 0.919, 0.04]","[12, 12, 13, 14, 14, 14, 15, 15, 15, 16, 16]","[1, 1, 1, 1, 1, 1, 1, 1, 1, 1, 1]",poultry,env_water,USA:VA,water_appalachian
Water_Delmarva,11,46,11,40,0.99,1.0,SAMN03861741,"serotype=Typhimurium,""antigen_formula=4:i:1,2""",54543.0,54543.0,13.0,USA:VA,water,water,environmental-water,2015.0,"[0.073, 0.854, 0.073]","[11, 13, 15, 16, 16, 17, 17, 18, 18, 18, 19]","[1, 1, 1, 1, 1, 1, 1, 1, 1, 1, 1]",poultry,env_water,USA:VA,water_appalachian
Water_Delmarva,6,37,6,18,1.0,1.0,SAMN03861742,"serotype=Typhimurium,""antigen_formula=4:i:1,2""",54541.0,1085.0,13.0,USA:VA,water,water,environmental-water,2015.0,"[0.107, 0.785, 0.107]","[6, 8, 9, 11, 11, 12, 12, 13, 13, 13, 13]","[1, 1, 1, 1, 1, 1, 1, 1, 1, 1, 1]",poultry,env_water,USA:VA,water_appalachian
Water_Delmarva,6,37,6,18,1.0,1.0,SAMN03861744,"serotype=Typhimurium,""antigen_formula=4:i:1,2""",54541.0,1085.0,13.0,USA:VA,water,water,environmental-water,2015.0,"[0.107, 0.785, 0.107]","[6, 8, 9, 11, 11, 12, 12, 13, 13, 13, 13]","[1, 1, 1, 1, 1, 1, 1, 1, 1, 1, 1]",poultry,env_water,USA:VA,water_appalachian
Water_Delmarva,15,46,15,40,0.93,1.0,SAMN04933476,"serotype=Typhimurium,""antigen_formula=4:i:1,2""",56908.0,56908.0,13.0,USA:VA,creek water,creek water,environmental-water,2015.0,"[0.16, 0.68, 0.16]","[15, 19, 24, 24, 25, 25, 25, 26, 26, 26, 26]","[1, 1, 1, 1, 1, 1, 1, 1, 1, 1, 1]",poultry,env_water,USA:VA,water_appalachian
Water_Delmarva,12,484,15,12,0.53,2.0,SAMN03861922,"serotype=Javiana,""antigen_formula=9:l,z28:1,5""",634.0,590.0,590.0,USA:VA,sediment,sediment,environmental-water,2015.0,"[0.008, 0.044, 0.949]","[12, 15, 16, 17, 17, 18, 40, 116, 286, 287, 303]","[2, 1, 2, 1, 2, 2, 2, 1, 1, 1, 2]",generalist,env_water,USA:VA,water_appalachian
Water_Delmarva,14,47,14,41,0.98,1.0,SAMN03861924,"serotype=Typhimurium,""antigen_formula=4:i:1,2""",56971.0,56971.0,13.0,USA:VA,sediment,sediment,environmental-water,2015.0,"[0.045, 0.91, 0.045]","[14, 15, 16, 16, 16, 17, 18, 18, 18, 18, 19]","[1, 1, 1, 1, 1, 1, 1, 1, 1, 1, 1]",poultry,env_water,USA:VA,water_appalachian
Water_Delmarva,165,165,795,527,1.0,0.0,SAMN03861930,"serotype=Bareilly,""antigen_formula=7:y:1,5""",16969.0,16969.0,16969.0,USA:VA,sediment,sediment,environmental-water,2015.0,"[0.911, 0.035, 0.054]","[165, 174, 188, 527, 618, 783, 795, 795, 795, 795, 795]","[0, 0, 0, 2, 0, 0, 2, 1, 0, 2, 1]",wild animal,env_water,USA:VA,water_appalachian
Water_Delmarva,12,485,15,12,0.53,2.0,SAMN03861923,"serotype=Javiana,""antigen_formula=9:l,z28:1,5""",634.0,590.0,590.0,USA:VA,sediment,sediment,environmental-water,2015.0,"[0.008, 0.044, 0.949]","[12, 15, 16, 17, 17, 18, 40, 117, 287, 288, 304]","[2, 1, 2, 1, 2, 2, 2, 1, 1, 1, 2]",generalist,env_water,USA:VA,water_appalachian
Water_Delmarva,164,164,795,525,1.0,0.0,SAMN03861927,"serotype=Bareilly,""antigen_formula=7:y:1,5""",16969.0,16969.0,16969.0,USA:VA,sediment,sediment,environmental-water,2015.0,"[0.911, 0.035, 0.054]","[164, 172, 186, 525, 616, 783, 795, 795, 795, 795, 795]","[0, 0, 0, 2, 0, 0, 2, 1, 0, 2, 1]",wild animal,env_water,USA:VA,water_appalachian
Water_Delmarva,12,488,14,12,0.5,2.0,SAMN03861928,"serotype=Javiana,""antigen_formula=9:l,z28:1,5""",590.0,590.0,590.0,USA:VA,sediment,sediment,environmental-water,2015.0,"[0.008, 0.044, 0.949]","[12, 14, 16, 16, 17, 18, 38, 116, 287, 288, 303]","[2, 1, 1, 2, 2, 2, 2, 1, 1, 1, 2]",generalist,env_water,USA:VA,water_appalachian
Water_Delmarva,12,488,14,12,0.5,2.0,SAMN03861929,"serotype=Javiana,""antigen_formula=9:l,z28:1,5""",590.0,590.0,590.0,USA:VA,sediment,sediment,environmental-water,2015.0,"[0.008, 0.044, 0.949]","[12, 14, 16, 16, 17, 18, 38, 116, 287, 288, 303]","[2, 1, 1, 2, 2, 2, 2, 1, 1, 1, 2]",generalist,env_water,USA:VA,water_appalachian
Water_Delmarva,165,165,795,526,1.0,0.0,SAMN03861931,"serotype=Bareilly,""antigen_formula=7:y:1,5""",16969.0,16969.0,16969.0,USA:VA,sediment,sediment,environmental-water,2015.0,"[0.911, 0.035, 0.054]","[165, 173, 187, 526, 617, 783, 795, 795, 795, 795, 795]","[0, 0, 0, 2, 0, 0, 2, 1, 0, 2, 1]",wild animal,env_water,USA:VA,water_appalachian
Water_Delmarva,164,164,795,525,1.0,0.0,SAMN03861926,"serotype=Bareilly,""antigen_formula=7:y:1,5""",16969.0,16969.0,16969.0,USA:VA,sediment,sediment,environmental-water,2015.0,"[0.911, 0.035, 0.054]","[164, 172, 186, 525, 616, 783, 795, 795, 795, 795, 795]","[0, 0, 0, 2, 0, 0, 2, 1, 0, 2, 1]",wild animal,env_water,USA:VA,water_appalachian
Water_Delmarva,81,81,81,81,0.49,0.0,SAMN03861935,"serotype=Norwich,""antigen_formula=7:e,h:1,6""",639.0,639.0,639.0,USA:VA,sediment,sediment,environmental-water,2015.0,"[0.463, 0.385, 0.152]","[81, 81, 81, 81, 81, 82, 123, 127, 128, 128, 128]","[1, 0, 2, 1, 1, 0, 0, 0, 0, 0, 1]",wild animal,env_water,USA:VA,water_appalachian
Water_Delmarva,8,29,8,35,1.0,1.0,SAMN03861941,"serotype=Typhimurium,""antigen_formula=4:i:1,2""",56981.0,2502.0,13.0,USA:VA,sediment,sediment,environmental-water,2015.0,"[0.095, 0.81, 0.095]","[8, 9, 14, 16, 16, 17, 18, 18, 18, 19, 19]","[1, 1, 1, 1, 1, 1, 1, 1, 1, 1, 1]",poultry,env_water,USA:VA,water_appalachian
Water_Delmarva,31,53,31,48,0.77,1.0,SAMN03861932,"serotype=Typhimurium,""antigen_formula=4:i:1,2""",56986.0,56986.0,56986.0,USA:VA,environmental-water; sediment,sediment,environmental-water,2015.0,"[0.215, 0.57, 0.215]","[31, 31, 31, 31, 31, 31, 31, 31, 31, 31, 31]","[1, 1, 1, 1, 1, 1, 1, 1, 1, 1, 1]",poultry,env_water,USA:VA,water_appalachian
Water_Delmarva,7,28,7,34,1.0,1.0,SAMN03861940,"serotype=Typhimurium,""antigen_formula=4:i:1,2""",56981.0,2502.0,13.0,USA:VA,sediment,sediment,environmental-water,2015.0,"[0.1, 0.801, 0.1]","[7, 8, 13, 15, 15, 17, 17, 17, 17, 18, 18]","[1, 1, 1, 1, 1, 1, 1, 1, 1, 1, 1]",poultry,env_water,USA:VA,water_appalachian
Water_Delmarva,1,23,1,27,1.0,1.0,SAMN03861938,"serotype=Hadar,""antigen_formula=8:z10:e,n,x""",2843.0,2843.0,159.0,USA:VA,sediment,sediment,environmental-water,2015.0,"[0.011, 0.977, 0.011]","[1, 1, 3, 3, 3, 4, 4, 7, 11, 15, 15]","[1, 1, 1, 1, 1, 1, 1, 1, 1, 1, 1]",poultry,env_water,USA:VA,water_appalachian
Water_Delmarva,171,173,223,171,0.48,2.0,SAMN03861936,"serotype=Give,""antigen_formula=3,10:l,v:1,7""",56982.0,56982.0,19199.0,USA:VA,sediment,sediment,environmental-water,2015.0,"[0.41, 0.127, 0.463]","[171, 173, 182, 186, 186, 186, 186, 186, 186, 186, 187]","[2, 0, 2, 0, 0, 0, 2, 0, 0, 0, 0]",wild animal,env_water,USA:VA,water_appalachian
Water_Delmarva,171,173,223,171,0.48,2.0,SAMN03861937,"serotype=Give,""antigen_formula=3,10:l,v:1,7""",56982.0,56982.0,19199.0,USA:VA,sediment,sediment,environmental-water,2015.0,"[0.41, 0.127, 0.463]","[171, 173, 182, 186, 186, 186, 186, 186, 186, 186, 187]","[2, 0, 2, 0, 0, 0, 2, 0, 0, 0, 0]",wild animal,env_water,USA:VA,water_appalachian
Water_Delmarva,11,486,13,11,0.5,2.0,SAMN03861939,"serotype=Javiana,""antigen_formula=9:l,z28:1,5""",590.0,590.0,590.0,USA:VA,sediment,sediment,environmental-water,2015.0,"[0.008, 0.044, 0.949]","[11, 13, 15, 15, 16, 17, 37, 115, 286, 287, 302]","[2, 1, 2, 1, 2, 2, 2, 1, 1, 1, 2]",generalist,env_water,USA:VA,water_appalachian
Water_Delmarva,14,35,14,31,0.69,1.0,SAMN03861943,"serotype=Senftenberg,""antigen_formula=1,3,19:g,s,t:-""",21844.0,21844.0,21844.0,USA:VA,sediment,sediment,environmental-water,2015.0,"[0.143, 0.672, 0.185]","[14, 22, 23, 28, 31, 31, 32, 32, 33, 33, 33]","[1, 1, 1, 1, 2, 2, 1, 2, 1, 1, 2]",poultry,env_water,USA:VA,water_appalachian
Water_Delmarva,169,169,797,529,1.0,0.0,SAMN03861944,"serotype=Bareilly,""antigen_formula=7:y:1,5""",19249.0,16969.0,16969.0,USA:VA,sediment,sediment,environmental-water,2015.0,"[0.911, 0.035, 0.054]","[169, 176, 191, 529, 619, 784, 796, 797, 797, 797, 797]","[0, 0, 0, 2, 0, 0, 0, 2, 1, 2, 0]",wild animal,env_water,USA:VA,water_appalachian
Water_Delmarva,168,168,796,528,1.0,0.0,SAMN03861947,"serotype=Bareilly,""antigen_formula=7:y:1,5""",19249.0,16969.0,16969.0,USA:VA,sediment,sediment,environmental-water,2015.0,"[0.911, 0.035, 0.054]","[168, 175, 190, 528, 618, 783, 795, 796, 796, 796, 796]","[0, 0, 0, 2, 0, 0, 0, 2, 1, 2, 0]",wild animal,env_water,USA:VA,water_appalachian
Water_Delmarva,169,169,796,529,1.0,0.0,SAMN03861946,"serotype=Bareilly,""antigen_formula=7:y:1,5""",19249.0,16969.0,16969.0,USA:VA,sediment,sediment,environmental-water,2015.0,"[0.911, 0.035, 0.054]","[169, 176, 191, 529, 619, 783, 795, 796, 796, 796, 796]","[0, 0, 0, 2, 0, 0, 0, 2, 1, 2, 0]",wild animal,env_water,USA:VA,water_appalachian
Water_Delmarva,168,168,796,528,1.0,0.0,SAMN03861945,"serotype=Bareilly,""antigen_formula=7:y:1,5""",19249.0,16969.0,16969.0,USA:VA,sediment,sediment,environmental-water,2015.0,"[0.911, 0.035, 0.054]","[168, 175, 190, 528, 618, 783, 795, 796, 796, 796, 796]","[0, 0, 0, 2, 0, 0, 0, 2, 1, 2, 0]",wild animal,env_water,USA:VA,water_appalachian
Water_Delmarva,81,81,81,81,0.49,0.0,SAMN03861815,"serotype=Norwich,""antigen_formula=7:e,h:1,6""",639.0,639.0,639.0,USA:VA,water,water,environmental-water,2015.0,"[0.463, 0.385, 0.152]","[81, 81, 81, 81, 81, 82, 123, 127, 128, 128, 128]","[1, 2, 1, 0, 1, 0, 0, 0, 0, 0, 1]",wild animal,env_water,USA:VA,water_appalachian
Water_Delmarva,2,12,2,20,0.57,1.0,SAMN03861817,"serotype=Braenderup,""antigen_formula=7:e,h:e,n,z15""",4601.0,4601.0,185.0,USA:VA,water,water,environmental-water,2015.0,"[0.317, 0.525, 0.158]","[2, 12, 14, 14, 16, 16, 17, 17, 19, 19, 19]","[1, 0, 1, 1, 1, 0, 1, 0, 1, 1, 1]",poultry,env_water,USA:VA,water_appalachian
Water_Delmarva,9,10,14,9,0.33,2.0,SAMN03861818,"serotype=Muenchen,""antigen_formula=8:d:1,2""",54883.0,54883.0,35047.0,USA:VA,water,water,environmental-water,2015.0,"[0.146, 0.075, 0.779]","[9, 10, 14, 15, 23, 24, 24, 24, 97, 97, 101]","[2, 0, 1, 1, 2, 0, 2, 2, 2, 0, 0]",generalist,env_water,USA:VA,water_appalachian
Water_Delmarva,80,80,80,80,0.49,0.0,SAMN03861814,"serotype=Norwich,""antigen_formula=7:e,h:1,6""",639.0,639.0,639.0,USA:VA,water,water,environmental-water,2015.0,"[0.463, 0.385, 0.152]","[80, 80, 80, 80, 80, 81, 122, 126, 127, 127, 127]","[2, 1, 1, 0, 1, 0, 0, 0, 0, 0, 1]",wild animal,env_water,USA:VA,water_appalachian
Water_Delmarva,3,8,3,19,0.88,1.0,SAMN03861816,"serotype=Thompson,""antigen_formula=7:k:1,5""",119.0,119.0,119.0,USA:VA,water,water,environmental-water,2015.0,"[0.105, 0.789, 0.105]","[3, 4, 6, 7, 7, 7, 7, 7, 8, 8, 8]","[1, 1, 1, 1, 1, 1, 1, 1, 0, 1, 0]",poultry,env_water,USA:VA,water_appalachian
Water_Delmarva,10,10,15,10,0.34,2.0,SAMN03861819,"serotype=Muenchen,""antigen_formula=8:d:1,2""",54883.0,54883.0,35047.0,USA:VA,water,water,environmental-water,2015.0,"[0.148, 0.076, 0.776]","[10, 10, 15, 16, 24, 25, 25, 25, 98, 98, 101]","[0, 2, 1, 1, 2, 0, 2, 2, 2, 0, 0]",generalist,env_water,USA:VA,water_appalachian
Water_Delmarva,320,333,320,330,0.93,2.0,SAMN03861820,"serotype=Rubislaw,""antigen_formula=11:r:e,n,x""",51652.0,51652.0,51652.0,USA:VA,water,water,environmental-water,2015.0,"[0.24, 0.159, 0.602]","[320, 330, 333, 583, 1340, 1355, 1393, 1396, 1609, 1610, 1608]","[1, 2, 0, 2, 1, 0, 2, 2, 0, 2, 2]",wild animal,env_water,USA:VA,water_appalachian
Water_Delmarva,14,485,16,14,0.5,2.0,SAMN03861823,"serotype=Javiana,""antigen_formula=9:l,z28:1,5""",590.0,590.0,590.0,USA:VA,water,water,environmental-water,2015.0,"[0.008, 0.043, 0.949]","[14, 16, 18, 18, 19, 20, 40, 118, 287, 288, 302]","[2, 1, 2, 1, 2, 2, 2, 1, 1, 1, 2]",generalist,env_water,USA:VA,water_appalachian
Water_Delmarva,16,490,18,16,0.5,2.0,SAMN03861821,"serotype=Javiana,""antigen_formula=9:l,z28:1,5""",590.0,590.0,590.0,USA:VA,water,water,environmental-water,2015.0,"[0.008, 0.043, 0.949]","[16, 18, 20, 20, 21, 22, 42, 120, 291, 292, 306]","[2, 1, 1, 2, 2, 2, 2, 1, 1, 1, 2]",generalist,env_water,USA:VA,water_appalachian
Water_Delmarva,103,103,2790,103,0.93,0.0,SAMN03861803,"serotype=Mississippi,""antigen_formula=13:b:1,5""",57525.0,57525.0,57525.0,USA:VA,environmental-water; sediment,sediment,environmental-water,2015.0,"[0.897, 0.017, 0.087]","[103, 103, 441, 697, 978, 1013, 1016, 2775, 2790, 2793, 2791]","[0, 2, 0, 0, 0, 0, 2, 0, 1, 1, 1]",wild animal,env_water,USA:VA,water_appalachian
Water_Delmarva,2,3,2,18,1.0,1.0,SAMN03861806,"serotype=Kentucky,""antigen_formula=8:i:z6""",2832.0,2763.0,126.0,USA:VA,water,water,environmental-water,2015.0,"[0.183, 0.736, 0.081]","[2, 2, 3, 4, 6, 7, 7, 7, 8, 8, 8]","[1, 1, 0, 1, 1, 1, 1, 1, 1, 1, 1]",poultry,env_water,USA:VA,water_appalachian
Water_Delmarva,2,3,2,18,1.0,1.0,SAMN03861807,"serotype=Kentucky,""antigen_formula=8:i:z6""",2832.0,2763.0,126.0,USA:VA,water,water,environmental-water,2015.0,"[0.183, 0.736, 0.081]","[2, 2, 3, 4, 6, 7, 7, 7, 8, 8, 8]","[1, 1, 0, 1, 1, 1, 1, 1, 1, 1, 1]",poultry,env_water,USA:VA,water_appalachian
Water_Delmarva,103,103,2790,103,0.93,0.0,SAMN03861802,"serotype=Mississippi,""antigen_formula=13:b:1,5""",57525.0,57525.0,57525.0,USA:VA,sediment,sediment,environmental-water,2015.0,"[0.897, 0.017, 0.087]","[103, 103, 441, 697, 978, 1013, 1016, 2775, 2790, 2793, 2791]","[0, 2, 0, 0, 0, 0, 2, 0, 1, 1, 1]",wild animal,env_water,USA:VA,water_appalachian
Water_Delmarva,16,490,18,16,0.5,2.0,SAMN03861811,"serotype=Javiana,""antigen_formula=9:l,z28:1,5""",590.0,590.0,590.0,USA:VA,water,water,environmental-water,2015.0,"[0.008, 0.044, 0.949]","[16, 18, 20, 20, 21, 22, 42, 120, 291, 292, 307]","[2, 1, 2, 1, 2, 2, 2, 1, 1, 1, 2]",generalist,env_water,USA:VA,water_appalachian
Water_Delmarva,17,490,19,17,0.5,2.0,SAMN03861810,"serotype=Javiana,""antigen_formula=9:l,z28:1,5""",590.0,590.0,590.0,USA:VA,water,water,environmental-water,2015.0,"[0.008, 0.043, 0.949]","[17, 19, 21, 21, 22, 23, 43, 121, 292, 293, 307]","[2, 1, 2, 1, 2, 2, 2, 1, 1, 1, 2]",generalist,env_water,USA:VA,water_appalachian
Water_Delmarva,16,490,18,16,0.5,2.0,SAMN03861809,"serotype=Javiana,""antigen_formula=9:l,z28:1,5""",590.0,590.0,590.0,USA:VA,water,water,environmental-water,2015.0,"[0.008, 0.043, 0.949]","[16, 18, 20, 20, 21, 22, 42, 120, 291, 292, 306]","[2, 1, 1, 2, 2, 2, 2, 1, 1, 1, 2]",generalist,env_water,USA:VA,water_appalachian
Water_Delmarva,13,489,15,13,0.5,2.0,SAMN03861902,"serotype=Javiana,""antigen_formula=9:l,z28:1,5""",590.0,590.0,590.0,USA:VA,sediment,sediment,environmental-water,2015.0,"[0.008, 0.044, 0.949]","[13, 15, 17, 17, 18, 19, 39, 117, 288, 289, 304]","[2, 1, 1, 2, 2, 2, 2, 1, 1, 1, 2]",generalist,env_water,USA:VA,water_appalachian
Water_Delmarva,74,74,74,74,0.49,0.0,SAMN03861894,"serotype=Norwich,""antigen_formula=7:e,h:1,6""",8596.0,639.0,639.0,USA:VA,sediment,sediment,environmental-water,2015.0,"[0.462, 0.386, 0.152]","[74, 74, 74, 74, 74, 75, 117, 121, 122, 122, 122]","[1, 0, 1, 1, 2, 0, 0, 0, 0, 0, 1]",wild animal,env_water,USA:VA,water_appalachian
Water_Delmarva,24,40,24,41,0.82,1.0,SAMN03861925,"serotype=Typhimurium,""antigen_formula=4:i:1,2""",53239.0,53239.0,53239.0,USA:VA,sediment,sediment,environmental-water,2015.0,"[0.096, 0.809, 0.096]","[24, 24, 25, 25, 25, 26, 26, 26, 26, 26, 26]","[1, 1, 1, 1, 1, 1, 1, 1, 1, 1, 1]",poultry,env_water,USA:VA,water_appalachian
Water_Delmarva,25,460,33,25,1.0,1.0,SAMN02845725,"serotype=Javiana,""antigen_formula=9:l,z28:1,5""",61200.0,54342.0,49867.0,USA:VA,environmental-water| vegetables; pond water applied to tomato plant,pond water applied to tomato plant,environmental-water| vegetables,2006.0,"[0.024, 0.913, 0.064]","[25, 33, 33, 33, 34, 52, 54, 299, 303, 304, 304]","[2, 1, 1, 1, 1, 1, 1, 1, 2, 2, 2]",poultry,env_water,USA:VA,water_appalachian
Water_Delmarva,8,8,9,19,0.56,0.0,SAMN04933485,"serotype=Thompson,""antigen_formula=7:k:1,5""",40032.0,119.0,119.0,USA:VA,creek water,creek water,environmental-water,2015.0,"[0.764, 0.118, 0.118]","[8, 8, 9, 9, 9, 9, 9, 9, 9, 9, 9]","[0, 0, 1, 1, 1, 1, 1, 1, 0, 1, 1]",bovine,env_water,USA:VA,water_appalachian
Water_Delmarva,14,18,15,14,0.5,2.0,SAMN04933489,"serotype=Infantis,""antigen_formula=7:r:1,5""",638.0,638.0,638.0,USA:VA,creek water,creek water,environmental-water,2015.0,"[0.024, 0.061, 0.915]","[14, 15, 15, 15, 15, 16, 17, 17, 17, 18, 18]","[2, 2, 1, 1, 2, 2, 2, 2, 2, 0, 1]",generalist,env_water,USA:VA,water_appalachian
Water_Delmarva,3,28,3,31,1.0,1.0,SAMN04933486,"serotype=Enteritidis,""antigen_formula=9:g,m:-""",36675.0,36675.0,12.0,USA:VA,creek water,creek water,environmental-water,2015.0,"[0.029, 0.942, 0.029]","[3, 3, 5, 6, 6, 12, 18, 22, 23, 23, 23]","[1, 1, 1, 1, 1, 1, 1, 1, 1, 1, 1]",poultry,env_water,USA:VA,water_appalachian
Water_Delmarva,6,6,7,17,0.58,0.0,SAMN04933484,"serotype=Thompson,""antigen_formula=7:k:1,5""",40032.0,119.0,119.0,USA:VA,creek water,creek water,environmental-water,2015.0,"[0.764, 0.118, 0.118]","[6, 6, 7, 7, 7, 7, 7, 7, 7, 7, 7]","[0, 0, 1, 1, 1, 1, 1, 1, 0, 1, 1]",bovine,env_water,USA:VA,water_appalachian
Water_Delmarva,16,20,17,16,0.5,2.0,SAMN04933490,"serotype=Infantis,""antigen_formula=7:r:1,5""",638.0,638.0,638.0,USA:VA,creek water,creek water,environmental-water,2015.0,"[0.019, 0.049, 0.932]","[16, 17, 17, 17, 17, 18, 18, 19, 19, 20, 20]","[2, 1, 1, 2, 2, 2, 2, 2, 2, 0, 1]",generalist,env_water,USA:VA,water_appalachian
Water_Delmarva,7,15,7,23,0.94,1.0,SAMN04933488,"serotype=Enteritidis,""antigen_formula=9:g,m:-""",83.0,12.0,12.0,USA:VA,creek water,creek water,environmental-water,2015.0,"[0.13, 0.764, 0.107]","[7, 9, 12, 15, 15, 15, 16, 16, 16, 16, 17]","[1, 1, 1, 0, 1, 1, 1, 1, 1, 1, 1]",poultry,env_water,USA:VA,water_appalachian
Water_Delmarva,6,30,6,33,1.0,1.0,SAMN04933487,"serotype=Enteritidis,""antigen_formula=9:g,m:-""",36675.0,36675.0,12.0,USA:VA,creek water,creek water,environmental-water,2015.0,"[0.03, 0.941, 0.03]","[6, 6, 8, 9, 9, 15, 20, 24, 25, 25, 25]","[1, 1, 1, 1, 1, 1, 1, 1, 1, 1, 1]",poultry,env_water,USA:VA,water_appalachian
Water_Delmarva,13,17,14,13,0.5,2.0,SAMN04933492,"serotype=Infantis,""antigen_formula=7:r:1,5""",638.0,638.0,638.0,USA:VA,creek water,creek water,environmental-water,2015.0,"[0.024, 0.061, 0.915]","[13, 14, 14, 14, 14, 15, 16, 16, 16, 17, 17]","[2, 2, 1, 1, 2, 2, 2, 2, 2, 0, 1]",generalist,env_water,USA:VA,water_appalachian
Water_Delmarva,16,20,17,16,0.5,2.0,SAMN04933491,"serotype=Infantis,""antigen_formula=7:r:1,5""",638.0,638.0,638.0,USA:VA,creek water,creek water,environmental-water,2015.0,"[0.019, 0.049, 0.932]","[16, 17, 17, 17, 17, 18, 18, 19, 19, 20, 20]","[2, 2, 1, 1, 2, 2, 2, 2, 2, 0, 1]",generalist,env_water,USA:VA,water_appalachian
Water_Delmarva,16,20,17,16,0.5,2.0,SAMN04933467,"serotype=Infantis,""antigen_formula=7:r:1,5""",638.0,638.0,638.0,USA:VA,creek water,creek water,environmental-water,2015.0,"[0.024, 0.061, 0.915]","[16, 17, 17, 17, 17, 18, 19, 19, 19, 20, 20]","[2, 2, 1, 1, 2, 2, 2, 2, 2, 0, 1]",generalist,env_water,USA:VA,water_appalachian
Water_Delmarva,14,18,15,14,0.5,2.0,SAMN04933272,"serotype=Infantis,""antigen_formula=7:r:1,5""",638.0,638.0,638.0,USA:VA,creek water,creek water,environmental-water,2015.0,"[0.024, 0.061, 0.915]","[14, 15, 15, 15, 15, 16, 17, 17, 17, 18, 18]","[2, 2, 1, 1, 2, 2, 2, 2, 2, 0, 1]",generalist,env_water,USA:VA,water_appalachian
Water_Delmarva,12,16,13,12,0.5,2.0,SAMN04933273,"serotype=Infantis,""antigen_formula=7:r:1,5""",638.0,638.0,638.0,USA:VA,creek water,creek water,environmental-water,2015.0,"[0.024, 0.061, 0.915]","[12, 13, 13, 13, 13, 14, 15, 15, 15, 16, 16]","[2, 1, 2, 1, 2, 2, 2, 2, 2, 0, 1]",generalist,env_water,USA:VA,water_appalachian
Water_Delmarva,2,27,2,29,1.0,1.0,SAMN04933474,"serotype=Enteritidis,""antigen_formula=9:g,m:-""",36675.0,36675.0,12.0,USA:VA,creek water,creek water,environmental-water,2015.0,"[0.029, 0.942, 0.029]","[2, 2, 4, 5, 5, 11, 17, 21, 22, 22, 22]","[1, 1, 1, 1, 1, 1, 1, 1, 1, 1, 1]",poultry,env_water,USA:VA,water_appalachian
Water_Delmarva,15,19,16,15,0.5,2.0,SAMN04933471,"serotype=Infantis,""antigen_formula=7:r:1,5""",638.0,638.0,638.0,USA:VA,creek water,creek water,environmental-water,2015.0,"[0.024, 0.061, 0.915]","[15, 16, 16, 16, 16, 17, 18, 18, 18, 19, 19]","[2, 2, 1, 1, 2, 2, 2, 2, 2, 0, 1]",generalist,env_water,USA:VA,water_appalachian
Water_Delmarva,21,25,22,21,0.5,2.0,SAMN04933472,"serotype=Infantis,""antigen_formula=7:r:1,5""",61176.0,638.0,638.0,USA:VA,creek water,creek water,environmental-water,2015.0,"[0.024, 0.061, 0.915]","[21, 22, 22, 22, 22, 23, 24, 24, 24, 25, 25]","[2, 2, 1, 1, 2, 2, 2, 2, 2, 0, 1]",generalist,env_water,USA:VA,water_appalachian
Water_Delmarva,12,16,13,12,0.5,2.0,SAMN04933470,"serotype=Infantis,""antigen_formula=7:r:1,5""",638.0,638.0,638.0,USA:VA,creek water,creek water,environmental-water,2015.0,"[0.024, 0.061, 0.915]","[12, 13, 13, 13, 13, 14, 15, 15, 15, 16, 16]","[2, 1, 2, 1, 2, 2, 2, 2, 2, 0, 1]",generalist,env_water,USA:VA,water_appalachian
Water_Delmarva,13,17,14,13,0.5,2.0,SAMN04933483,"serotype=Infantis,""antigen_formula=7:r:1,5""",638.0,638.0,638.0,USA:VA,creek water,creek water,environmental-water,2015.0,"[0.024, 0.061, 0.915]","[13, 14, 14, 14, 14, 15, 16, 16, 16, 17, 17]","[2, 1, 1, 2, 2, 2, 2, 2, 2, 0, 1]",generalist,env_water,USA:VA,water_appalachian
Water_Delmarva,12,16,13,12,0.5,2.0,SAMN04933473,"serotype=Infantis,""antigen_formula=7:r:1,5""",638.0,638.0,638.0,USA:VA,creek water,creek water,environmental-water,2015.0,"[0.024, 0.061, 0.915]","[12, 13, 13, 13, 13, 14, 15, 15, 15, 16, 16]","[2, 1, 2, 1, 2, 2, 2, 2, 2, 0, 1]",generalist,env_water,USA:VA,water_appalachian
Water_Delmarva,24,27,24,28,0.56,1.0,SAMN04933469,"serotype=Mbandaka,""antigen_formula=7:z10:e,n,z15""",61141.0,61141.0,61141.0,USA:VA,creek water,creek water,environmental-water,2015.0,"[0.043, 0.916, 0.041]","[24, 24, 25, 25, 25, 25, 26, 27, 27, 27, 27]","[1, 1, 1, 1, 1, 1, 1, 0, 0, 0, 1]",poultry,env_water,USA:VA,water_appalachian
Water_Delmarva,5,8,5,16,0.44,0.0,SAMN03463751,"serotype=Typhimurium,""antigen_formula=4:i:1,2""",4864.0,48.0,48.0,USA:VA,creek sediment,creek sediment,environmental-water,2011.0,"[0.701, 0.224, 0.075]","[5, 8, 8, 9, 9, 9, 10, 11, 11, 12, 12]","[1, 1, 0, 0, 0, 0, 0, 1, 0, 1, 0]",generalist,env_water,USA:VA,water_appalachian
Water_Delmarva,1,6,1,20,1.0,1.0,SAMN06270106,"serotype=Thompson,""antigen_formula=7:k:1,5""",56027.0,119.0,119.0,USA:VA,water,water,environmental-water,2016.0,"[0.07, 0.86, 0.07]","[1, 2, 3, 4, 4, 5, 5, 5, 5, 6, 6]","[1, 1, 1, 1, 1, 1, 1, 1, 1, 0, 1]",poultry,env_water,USA:VA,water_appalachian
Water_Delmarva,33,37,33,44,0.54,0.0,SAMN06270110,"serotype=Newport,""antigen_formula=8:e,h:1,2""",9349.0,9349.0,9349.0,USA:VA,water,water,environmental-water,2016.0,"[0.688, 0.209, 0.103]","[33, 37, 40, 40, 41, 41, 43, 44, 44, 44, 44]","[1, 0, 0, 0, 0, 0, 1, 1, 0, 2, 1]",bovine,env_water,USA:VA,water_appalachian
Water_Delmarva,33,37,33,44,0.54,0.0,SAMN06270111,"serotype=Newport,""antigen_formula=8:e,h:1,2""",9349.0,9349.0,9349.0,USA:VA,water,water,environmental-water,2016.0,"[0.688, 0.209, 0.103]","[33, 37, 40, 40, 41, 41, 43, 44, 44, 44, 44]","[1, 0, 0, 0, 0, 0, 1, 1, 0, 2, 1]",bovine,env_water,USA:VA,water_appalachian
Water_Delmarva,25,25,51,143,0.99,0.0,SAMN06270128,"serotype=Typhimurium,""antigen_formula=4:i:1,2""",63624.0,63624.0,39471.0,USA:VA,water,water,environmental-water,2016.0,"[0.974, 0.016, 0.01]","[25, 31, 51, 54, 62, 110, 111, 121, 143, 337, 338]","[0, 0, 1, 0, 0, 1, 0, 0, 2, 1, 1]",bovine,env_water,USA:VA,water_appalachian
Water_Delmarva,10,10,16,393,0.62,1.0,SAMN06270127,"serotype=Newport,""antigen_formula=8:e,h:1,2""",63586.0,122.0,122.0,USA:VA,water,water,environmental-water,2016.0,"[0.123, 0.852, 0.026]","[10, 16, 16, 16, 17, 17, 18, 18, 20, 20, 33]","[0, 1, 1, 1, 1, 1, 1, 1, 0, 1, 0]",poultry,env_water,USA:VA,water_appalachian
Water_Delmarva,179,179,806,539,1.0,0.0,SAMN06270180,"serotype=Bareilly,""antigen_formula=7:y:1,5""",63787.0,63787.0,63787.0,USA:VA,water,water,environmental-water,2016.0,"[0.912, 0.035, 0.053]","[179, 182, 198, 539, 632, 793, 804, 806, 806, 806, 806]","[0, 0, 0, 2, 0, 0, 0, 1, 1, 2, 2]",wild animal,env_water,USA:VA,water_appalachian
Water_Delmarva,2151,2151,2176,2175,0.51,0.0,SAMN06270146,"serotype=IV 44:z36,[z38]:-,""antigen_formula=44:z36,z38:-""",63796.0,63796.0,63796.0,USA:VA,water,water,environmental-water,2016.0,"[0.714, 0.19, 0.096]","[2151, 2151, 2175, 2175, 2176, 2177, 2447, 2954, 2958, 2960, 2962]","[0, 0, 2, 0, 1, 1, 1, 0, 1, 0, 1]",wild animal,env_water,USA:VA,water_appalachian
Water_Delmarva,2151,2151,2176,2176,0.51,0.0,SAMN06270145,"serotype=IV 44:z36,[z38]:-,""antigen_formula=44:z36,z38:-""",63796.0,63796.0,63796.0,USA:VA,water,water,environmental-water,2016.0,"[0.714, 0.19, 0.096]","[2151, 2151, 2176, 2176, 2176, 2178, 2447, 2955, 2959, 2961, 2963]","[0, 0, 2, 0, 1, 1, 1, 0, 1, 0, 1]",wild animal,env_water,USA:VA,water_appalachian
Water_Delmarva,27,462,35,27,1.0,1.0,SAMN06270084,"serotype=Javiana,""antigen_formula=9:l,z28:1,5""",63797.0,54342.0,49867.0,USA:VA,water,water,environmental-water,2016.0,"[0.024, 0.913, 0.064]","[27, 35, 35, 35, 36, 54, 56, 301, 305, 306, 306]","[2, 1, 1, 1, 1, 1, 1, 1, 2, 2, 2]",poultry,env_water,USA:VA,water_appalachian
Water_Delmarva,2315,2315,2314,2315,0.5,0.0,SAMN06270148,"serotype=IV [1],40:z4,z32:-,""antigen_formula=40:z4,z32:-""",63856.0,63856.0,63856.0,USA:VA,water,water,environmental-water,2016.0,"[0.673, 0.232, 0.095]","[2315, 2314, 2316, 2315, 2330, 2330, 2346, 2955, 2957, 2958, 2959]","[2, 1, 1, 0, 0, 0, 1, 0, 0, 0, 0]",wild animal,env_water,USA:VA,water_appalachian
Water_Delmarva,411,411,2132,663,0.99,0.0,SAMN06270088,"serotype=IIIb 17:z10:e,n,x,z15,""antigen_formula=17:z10:e,n,x,z15""",63917.0,63917.0,63917.0,USA:VA,water,water,environmental-water,2016.0,"[0.997, 0.001, 0.002]","[411, 659, 660, 663, 663, 663, 664, 681, 690, 2062, 2079]","[0, 0, 0, 0, 2, 0, 0, 0, 0, 0, 0]",wild animal,env_water,USA:VA,water_appalachian
Water_Delmarva,54,54,69,65,0.6,0.0,SAMN06270083,"serotype=Typhimurium,""antigen_formula=4:i:1,2""",63896.0,63896.0,63896.0,USA:VA,water,water,environmental-water,2016.0,"[0.612, 0.29, 0.098]","[54, 62, 65, 69, 75, 75, 80, 86, 105, 108, 122]","[0, 0, 2, 1, 1, 1, 1, 0, 0, 1, 0]",wild animal,env_water,USA:VA,water_appalachian
Water_Delmarva,53,53,68,64,0.6,0.0,SAMN06270082,"serotype=Typhimurium,""antigen_formula=4:i:1,2""",63896.0,63896.0,63896.0,USA:VA,water,water,environmental-water,2016.0,"[0.608, 0.293, 0.099]","[53, 61, 64, 68, 74, 74, 79, 86, 104, 107, 121]","[0, 0, 2, 1, 1, 1, 1, 0, 0, 1, 0]",wild animal,env_water,USA:VA,water_appalachian
Water_Delmarva,179,179,806,539,1.0,0.0,SAMN06270181,"serotype=Bareilly,""antigen_formula=7:y:1,5""",63787.0,63787.0,63787.0,USA:VA,water,water,environmental-water,2016.0,"[0.912, 0.035, 0.053]","[179, 182, 198, 539, 632, 793, 804, 806, 806, 806, 806]","[0, 0, 0, 2, 0, 0, 0, 1, 1, 2, 2]",wild animal,env_water,USA:VA,water_appalachian
Water_Delmarva,2314,2314,2314,2314,0.5,0.0,SAMN06270147,"serotype=IV [1],40:z4,z32:-,""antigen_formula=40:z4,z32:-""",63856.0,63856.0,63856.0,USA:VA,water,water,environmental-water,2016.0,"[0.673, 0.232, 0.095]","[2314, 2314, 2315, 2314, 2329, 2329, 2345, 2954, 2956, 2957, 2958]","[2, 1, 1, 0, 0, 0, 1, 0, 0, 0, 0]",wild animal,env_water,USA:VA,water_appalachian
Water_Delmarva,551,551,2143,663,0.99,0.0,SAMN06270085,"serotype=IIIb 16:z10:e,n,x,z15,""antigen_formula=16:z10:e,n,x,z15""",64705.0,64705.0,64705.0,USA:VA,water,water,environmental-water,2016.0,"[0.998, 0.001, 0.001]","[551, 663, 668, 669, 669, 671, 673, 691, 697, 2060, 2079]","[0, 2, 0, 0, 0, 0, 0, 0, 0, 0, 0]",wild animal,env_water,USA:VA,water_appalachian
Water_Delmarva,172,172,794,528,1.0,0.0,SAMN06270087,"serotype=Bareilly,""antigen_formula=7:y:1,5""",64722.0,64722.0,64722.0,USA:VA,water,water,environmental-water,2016.0,"[0.911, 0.035, 0.054]","[172, 179, 191, 528, 625, 781, 792, 794, 794, 794, 794]","[0, 0, 0, 2, 0, 0, 0, 0, 1, 2, 2]",wild animal,env_water,USA:VA,water_appalachian
Water_Delmarva,12,16,13,12,0.5,2.0,SAMN04933530,"serotype=Infantis,""antigen_formula=7:r:1,5""",638.0,638.0,638.0,USA:VA,environmental-water; creek water,creek water,environmental-water,2015.0,"[0.024, 0.061, 0.915]","[12, 13, 13, 13, 13, 14, 15, 15, 15, 16, 16]","[2, 1, 2, 1, 2, 2, 2, 2, 2, 0, 1]",generalist,env_water,USA:VA,water_appalachian
Water_Delmarva,2,9,2,11,1.0,1.0,SAMN04933535,"serotype=Enteritidis,""antigen_formula=9:g,m:-""",182.0,85.0,12.0,USA:VA,environmental-water; creek water,creek water,environmental-water,2015.0,"[0.025, 0.95, 0.025]","[2, 2, 2, 2, 2, 3, 3, 4, 4, 4, 4]","[1, 1, 1, 1, 1, 1, 1, 1, 1, 1, 1]",poultry,env_water,USA:VA,water_appalachian
Water_Delmarva,2,8,2,11,1.0,1.0,SAMN04933529,"serotype=Enteritidis,""antigen_formula=9:g,m:-""",182.0,85.0,12.0,USA:VA,environmental-water; creek water,creek water,environmental-water,2015.0,"[0.025, 0.95, 0.025]","[2, 2, 2, 2, 2, 3, 3, 4, 4, 4, 4]","[1, 1, 1, 1, 1, 1, 1, 1, 1, 1, 1]",poultry,env_water,USA:VA,water_appalachian
Water_Delmarva,12,16,13,12,0.5,2.0,SAMN04933527,"serotype=Infantis,""antigen_formula=7:r:1,5""",638.0,638.0,638.0,USA:VA,environmental-water; creek water,creek water,environmental-water,2015.0,"[0.024, 0.061, 0.915]","[12, 13, 13, 13, 13, 14, 15, 15, 15, 16, 16]","[2, 1, 2, 1, 2, 2, 2, 2, 2, 0, 1]",generalist,env_water,USA:VA,water_appalachian
Water_Delmarva,3,10,3,12,1.0,1.0,SAMN04933532,"serotype=Enteritidis,""antigen_formula=9:g,m:-""",182.0,85.0,12.0,USA:VA,environmental-water; creek water,creek water,environmental-water,2015.0,"[0.025, 0.95, 0.025]","[3, 3, 3, 3, 3, 4, 4, 5, 5, 5, 5]","[1, 1, 1, 1, 1, 1, 1, 1, 1, 1, 1]",poultry,env_water,USA:VA,water_appalachian
Water_Delmarva,555,555,2144,668,0.99,0.0,SAMN04933544,"serotype=IIIb 16:z10:e,n,x,z15,""antigen_formula=16:z10:e,n,x,z15""",45648.0,45648.0,45648.0,USA:VA,environmental-water; sediment,sediment,environmental-water,2015.0,"[0.998, 0.001, 0.001]","[555, 668, 671, 671, 674, 674, 678, 698, 702, 2066, 2084]","[0, 2, 0, 0, 0, 0, 0, 0, 0, 0, 0]",wild animal,env_water,USA:VA,water_appalachian
Water_Delmarva,3,8,3,19,0.88,1.0,SAMN04933549,"serotype=Thompson,""antigen_formula=7:k:1,5""",119.0,119.0,119.0,USA:VA,environmental-water; sediment,sediment,environmental-water,2015.0,"[0.105, 0.789, 0.105]","[3, 4, 6, 7, 7, 7, 7, 7, 8, 8, 8]","[1, 1, 1, 1, 1, 1, 1, 1, 1, 0, 0]",poultry,env_water,USA:VA,water_appalachian
Water_Delmarva,4,9,4,19,0.83,1.0,SAMN04933550,"serotype=Thompson,""antigen_formula=7:k:1,5""",119.0,119.0,119.0,USA:VA,environmental-water; sediment,sediment,environmental-water,2015.0,"[0.105, 0.789, 0.105]","[4, 5, 7, 8, 8, 8, 8, 8, 9, 9, 9]","[1, 1, 1, 1, 1, 1, 1, 1, 0, 1, 0]",poultry,env_water,USA:VA,water_appalachian
Water_Delmarva,12,332,12,335,0.53,1.0,SAMN04933551,"serotype=Saintpaul,""antigen_formula=4:e,h:1,2""",8385.0,637.0,637.0,USA:VA,environmental-water; sediment,sediment,environmental-water,2015.0,"[0.312, 0.559, 0.129]","[12, 322, 322, 332, 334, 335, 342, 2651, 2653, 2654, 2655]","[1, 1, 1, 0, 1, 2, 0, 0, 0, 2, 0]",generalist,env_water,USA:VA,water_appalachian
Water_Delmarva,20,32,20,34,0.74,1.0,SAMN04933548,"serotype=Newport,""antigen_formula=8:e,h:1,2""",64688.0,8571.0,120.0,USA:VA,environmental-water; sediment,sediment,environmental-water,2015.0,"[0.447, 0.448, 0.106]","[20, 21, 27, 32, 32, 32, 33, 33, 33, 34, 37]","[1, 1, 1, 0, 0, 0, 0, 0, 0, 2, 2]",poultry,env_water,USA:VA,water_appalachian
Water_Delmarva,12,332,12,335,0.53,1.0,SAMN04933552,"serotype=Saintpaul,""antigen_formula=4:e,h:1,2""",8385.0,637.0,637.0,USA:VA,environmental-water; sediment,sediment,environmental-water,2015.0,"[0.312, 0.559, 0.129]","[12, 322, 322, 332, 334, 335, 342, 2650, 2652, 2653, 2654]","[1, 1, 1, 0, 1, 2, 0, 0, 0, 2, 0]",generalist,env_water,USA:VA,water_appalachian
Water_Delmarva,6,14,6,22,0.95,1.0,SAMN04933564,"serotype=Enteritidis,""antigen_formula=9:g,m:-""",83.0,12.0,12.0,USA:VA,environmental-water; sediment,sediment,environmental-water,2015.0,"[0.13, 0.764, 0.107]","[6, 8, 11, 14, 14, 14, 15, 15, 15, 15, 16]","[1, 1, 1, 1, 0, 1, 1, 1, 1, 1, 1]",poultry,env_water,USA:VA,water_appalachian
Water_Delmarva,1,7,1,10,1.0,1.0,SAMN04933559,"serotype=Enteritidis,""antigen_formula=9:g,m:-""",182.0,85.0,12.0,USA:VA,environmental-water; sediment,sediment,environmental-water,2015.0,"[0.025, 0.95, 0.025]","[1, 1, 1, 1, 1, 2, 2, 3, 3, 3, 3]","[1, 1, 1, 1, 1, 1, 1, 1, 1, 1, 1]",poultry,env_water,USA:VA,water_appalachian
Water_Delmarva,12,16,13,12,0.5,2.0,SAMN04933566,"serotype=Infantis,""antigen_formula=7:r:1,5""",638.0,638.0,638.0,USA:VA,environmental-water; sediment,sediment,environmental-water,2015.0,"[0.024, 0.061, 0.915]","[12, 13, 13, 13, 13, 14, 15, 15, 15, 16, 16]","[2, 2, 1, 1, 2, 2, 2, 2, 2, 0, 1]",generalist,env_water,USA:VA,water_appalachian
Water_Delmarva,3,28,3,32,1.0,1.0,SAMN04933562,"serotype=Heidelberg,""antigen_formula=4:r:1,2""",11957.0,3064.0,558.0,USA:VA,environmental-water; sediment,sediment,environmental-water,2015.0,"[0.041, 0.919, 0.041]","[3, 4, 4, 4, 5, 5, 6, 6, 6, 7, 7]","[1, 1, 1, 1, 1, 1, 1, 1, 1, 1, 1]",poultry,env_water,USA:VA,water_appalachian
Water_Delmarva,4,11,4,19,0.93,1.0,SAMN04933571,"serotype=Enteritidis,""antigen_formula=9:g,m:-""",21875.0,12.0,12.0,USA:VA,environmental-water; sediment,sediment,environmental-water,2015.0,"[0.139, 0.75, 0.112]","[4, 7, 9, 11, 11, 11, 12, 12, 12, 12, 13]","[1, 1, 1, 0, 1, 1, 1, 1, 1, 1, 1]",poultry,env_water,USA:VA,water_appalachian
Water_Delmarva,12,16,13,12,0.5,2.0,SAMN04933561,"serotype=Infantis,""antigen_formula=7:r:1,5""",638.0,638.0,638.0,USA:VA,environmental-water; sediment,sediment,environmental-water,2015.0,"[0.024, 0.061, 0.915]","[12, 13, 13, 13, 13, 14, 15, 15, 15, 16, 16]","[2, 2, 1, 1, 2, 2, 2, 2, 2, 0, 1]",generalist,env_water,USA:VA,water_appalachian
Water_Delmarva,53,53,68,64,0.6,0.0,SAMN06115677,"serotype=Typhimurium,""antigen_formula=4:i:1,2""",63896.0,63896.0,63896.0,USA:MD,water,water,environmental-water,2016.0,"[0.608, 0.293, 0.099]","[53, 61, 64, 68, 74, 74, 79, 86, 104, 107, 121]","[0, 0, 2, 1, 1, 1, 1, 0, 0, 1, 0]",wild animal,env_water,USA:MD,water_northeast
Water_Delmarva,53,53,68,64,0.6,0.0,SAMN06115678,"serotype=Typhimurium,""antigen_formula=4:i:1,2""",63896.0,63896.0,63896.0,USA:MD,water,water,environmental-water,2016.0,"[0.608, 0.293, 0.099]","[53, 61, 64, 68, 74, 74, 79, 86, 104, 107, 121]","[0, 0, 2, 1, 1, 1, 1, 0, 0, 1, 0]",wild animal,env_water,USA:MD,water_northeast
Water_Delmarva,2314,2314,2314,2314,0.5,0.0,SAMN06115675,"serotype=IV [1],40:z4,z32:-,""antigen_formula=40:z4,z32:-""",63856.0,63856.0,63856.0,USA:MD,water,water,environmental-water,2016.0,"[0.673, 0.232, 0.095]","[2314, 2314, 2315, 2314, 2329, 2329, 2345, 2954, 2956, 2957, 2958]","[2, 1, 1, 0, 0, 0, 1, 0, 0, 0, 0]",wild animal,env_water,USA:MD,water_northeast
Water_Delmarva,2315,2315,2314,2315,0.5,0.0,SAMN06115676,"serotype=IV [1],40:z4,z32:-,""antigen_formula=40:z4,z32:-""",63856.0,63856.0,63856.0,USA:MD,water,water,environmental-water,2016.0,"[0.673, 0.232, 0.095]","[2315, 2314, 2316, 2315, 2330, 2330, 2346, 2955, 2957, 2958, 2959]","[2, 1, 1, 0, 0, 0, 1, 0, 0, 0, 0]",wild animal,env_water,USA:MD,water_northeast
Water_Delmarva,551,551,2143,663,0.99,0.0,SAMN06115701,"serotype=IIIb 16:z10:e,n,x,z15,""antigen_formula=16:z10:e,n,x,z15""",64705.0,64705.0,64705.0,USA:MD,water,water,environmental-water,2016.0,"[0.998, 0.001, 0.001]","[551, 663, 668, 669, 669, 671, 673, 691, 697, 2060, 2079]","[0, 2, 0, 0, 0, 0, 0, 0, 0, 0, 0]",wild animal,env_water,USA:MD,water_northeast
Water_Delmarva,2,27,2,31,1.0,1.0,SAMN04933468,"serotype=Heidelberg,""antigen_formula=4:r:1,2""",11957.0,3064.0,558.0,USA:VA,environmental-water; creek water,creek water,environmental-water,2015.0,"[0.041, 0.919, 0.041]","[2, 3, 3, 3, 4, 4, 5, 5, 5, 6, 6]","[1, 1, 1, 1, 1, 1, 1, 1, 1, 1, 1]",poultry,env_water,USA:VA,water_appalachian
Water_Delmarva,156,156,2127,2048,1.0,0.0,SAMN06563919,"serotype=IIIb 38:(k):z35,""antigen_formula=38:k:z35""",66824.0,66824.0,66824.0,USA:VA,water,water,environmental-water,2016.0,"[0.823, 0.087, 0.09]","[156, 167, 1969, 2000, 2022, 2048, 2048, 2090, 2110, 2125, 2123]","[0, 0, 0, 0, 0, 2, 0, 0, 0, 0, 0]",wild animal,env_water,USA:VA,water_appalachian
Water_Delmarva,6,10,6,385,0.88,1.0,SAMN06563916,"serotype=Newport,""antigen_formula=8:e,h:1,2""",122.0,122.0,122.0,USA:VA,water,water,environmental-water,2016.0,"[0.036, 0.955, 0.008]","[6, 6, 6, 7, 7, 8, 8, 10, 11, 12, 25]","[1, 1, 1, 1, 1, 1, 1, 0, 1, 0, 0]",poultry,env_water,USA:VA,water_appalachian
Water_Delmarva,6,6,7,8,0.64,0.0,SAMN06563917,"serotype=Thompson,""antigen_formula=7:k:1,5""",646.0,119.0,119.0,USA:VA,water,water,environmental-water,2016.0,"[0.897, 0.055, 0.048]","[6, 7, 7, 7, 8, 8, 9, 9, 9, 10, 10]","[0, 1, 0, 0, 0, 2, 0, 0, 1, 1, 0]",bovine,env_water,USA:VA,water_appalachian
Water_Delmarva,11,487,13,11,0.5,2.0,SAMN06563920,"serotype=Javiana,""antigen_formula=9:l,z28:1,5""",590.0,590.0,590.0,USA:VA,water,water,environmental-water,2016.0,"[0.008, 0.043, 0.949]","[11, 13, 15, 15, 16, 17, 37, 115, 285, 286, 301]","[2, 1, 2, 1, 2, 2, 2, 1, 1, 1, 2]",generalist,env_water,USA:VA,water_appalachian
Water_Delmarva,48,48,98,102,0.51,0.0,SAMN04563682,"serotype=Typhimurium,""antigen_formula=4:i:1,2""",45573.0,45573.0,45573.0,USA:VA,environmental-water; creek water,creek water,environmental-water,2015.0,"[0.625, 0.189, 0.186]","[48, 97, 97, 97, 98, 98, 98, 98, 98, 98, 99]","[0, 0, 0, 0, 0, 1, 0, 0, 0, 0, 1]",wild animal,env_water,USA:VA,water_appalachian
Water_Delmarva,3,4,3,15,0.62,0.0,SAMN06563904,"serotype=Thompson,""antigen_formula=7:k:1,5""",119.0,119.0,119.0,USA:VA,water,water,environmental-water,2016.0,"[0.466, 0.35, 0.184]","[3, 4, 4, 5, 5, 5, 5, 5, 5, 5, 5]","[1, 0, 0, 1, 1, 1, 1, 1, 0, 1, 1]",bovine,env_water,USA:VA,water_appalachian
Water_Delmarva,71,71,85,82,0.56,0.0,SAMN06563909,"serotype=Typhimurium,""antigen_formula=4:i:1,2""",67288.0,67288.0,49776.0,USA:VA,water,water,environmental-water,2016.0,"[0.598, 0.299, 0.103]","[71, 79, 82, 85, 89, 89, 93, 103, 106, 108, 122]","[0, 0, 2, 1, 1, 1, 1, 0, 0, 1, 0]",wild animal,env_water,USA:VA,water_appalachian
Water_Delmarva,15,19,16,15,0.5,2.0,SAMN06563913,"serotype=Infantis,""antigen_formula=7:r:1,5""",638.0,638.0,638.0,USA:VA,water,water,environmental-water,2016.0,"[0.024, 0.061, 0.915]","[15, 16, 16, 16, 16, 17, 18, 18, 18, 19, 19]","[2, 2, 1, 1, 2, 2, 2, 2, 2, 0, 1]",generalist,env_water,USA:VA,water_appalachian
Water_Delmarva,22,22,266,249,1.0,0.0,SAMN06563911,"serotype=Hartford,""antigen_formula=7:y:e,n,x""",67292.0,67292.0,42603.0,USA:VA,water,water,environmental-water,2016.0,"[0.823, 0.085, 0.092]","[22, 23, 242, 249, 250, 253, 258, 259, 262, 263, 265]","[0, 0, 0, 2, 0, 0, 0, 0, 0, 2, 0]",bovine,env_water,USA:VA,water_appalachian
Water_Delmarva,28,50,28,44,0.8,1.0,SAMN06563910,"serotype=Typhimurium,""antigen_formula=4:i:1,2""",67291.0,67291.0,67291.0,USA:VA,water,water,environmental-water,2016.0,"[0.083, 0.834, 0.083]","[28, 28, 28, 28, 29, 29, 29, 29, 29, 29, 29]","[1, 1, 1, 1, 1, 1, 1, 1, 1, 1, 1]",poultry,env_water,USA:VA,water_appalachian
Water_Delmarva,1,6,1,17,0.98,1.0,SAMN06563915,"serotype=Thompson,""antigen_formula=7:k:1,5""",119.0,119.0,119.0,USA:VA,water,water,environmental-water,2016.0,"[0.105, 0.789, 0.105]","[1, 2, 4, 5, 5, 5, 5, 5, 6, 6, 6]","[1, 1, 1, 1, 1, 1, 1, 1, 0, 1, 0]",poultry,env_water,USA:VA,water_appalachian
Water_Delmarva,22,22,268,249,1.0,0.0,SAMN06563908,"serotype=Hartford,""antigen_formula=7:y:e,n,x""",67292.0,67292.0,42603.0,USA:VA,water,water,environmental-water,2016.0,"[0.822, 0.086, 0.093]","[22, 23, 244, 249, 252, 255, 260, 261, 264, 265, 267]","[0, 0, 0, 2, 0, 0, 0, 0, 0, 2, 0]",bovine,env_water,USA:VA,water_appalachian
Water_Delmarva,11,338,11,341,0.53,1.0,SAMN06563905,"serotype=Saintpaul,""antigen_formula=4:e,h:1,2""",67311.0,637.0,637.0,USA:VA,water,water,environmental-water,2016.0,"[0.312, 0.559, 0.129]","[11, 328, 328, 338, 340, 341, 347, 2650, 2652, 2653, 2654]","[1, 1, 1, 0, 1, 2, 0, 0, 0, 2, 0]",generalist,env_water,USA:VA,water_appalachian
Water_Delmarva,80,80,80,80,0.49,0.0,SAMN06563906,"serotype=Norwich,""antigen_formula=7:e,h:1,6""",639.0,639.0,639.0,USA:VA,water,water,environmental-water,2016.0,"[0.463, 0.385, 0.152]","[80, 80, 80, 80, 80, 81, 122, 126, 127, 127, 127]","[1, 1, 2, 0, 1, 0, 0, 0, 0, 0, 1]",wild animal,env_water,USA:VA,water_appalachian
Water_Delmarva,2,8,2,9,1.0,1.0,SAMN06563879,"serotype=Infantis,""antigen_formula=7:r:1,5""",4584.0,343.0,343.0,USA:VA,water,water,environmental-water,2016.0,"[0.035, 0.931, 0.035]","[2, 2, 2, 2, 3, 4, 4, 5, 5, 5, 5]","[1, 1, 1, 1, 1, 1, 1, 1, 1, 1, 1]",poultry,env_water,USA:VA,water_appalachian
Water_Delmarva,80,80,80,80,0.49,0.0,SAMN06563875,"serotype=Norwich,""antigen_formula=7:e,h:1,6""",639.0,639.0,639.0,USA:VA,water,water,environmental-water,2016.0,"[0.463, 0.385, 0.152]","[80, 80, 80, 80, 80, 81, 122, 126, 127, 127, 127]","[1, 1, 2, 0, 1, 0, 0, 0, 0, 0, 1]",wild animal,env_water,USA:VA,water_appalachian
Water_Delmarva,15,487,18,15,0.53,2.0,SAMN06563874,"serotype=Javiana,""antigen_formula=9:l,z28:1,5""",634.0,590.0,590.0,USA:VA,water,water,environmental-water,2016.0,"[0.008, 0.043, 0.949]","[15, 18, 19, 20, 20, 21, 43, 121, 290, 291, 306]","[2, 1, 2, 1, 2, 2, 2, 1, 1, 1, 2]",generalist,env_water,USA:VA,water_appalachian
Water_Delmarva,20,20,29,24,0.69,0.0,SAMN06563880,"serotype=Newport,""antigen_formula=8:e,h:1,2""",6304.0,6304.0,3108.0,USA:VA,water,water,environmental-water,2016.0,"[0.992, 0.003, 0.005]","[20, 20, 20, 21, 21, 21, 24, 26, 28, 29, 29]","[0, 0, 0, 0, 0, 0, 2, 0, 2, 1, 0]",bovine,env_water,USA:VA,water_appalachian
Water_Delmarva,8,8,10,387,0.69,1.0,SAMN06648150,"serotype=Newport,""antigen_formula=8:e,h:1,2""",122.0,122.0,122.0,USA:VA,water,water,environmental-water,2016.0,"[0.071, 0.915, 0.013]","[8, 10, 10, 10, 11, 11, 12, 12, 14, 14, 27]","[0, 1, 1, 1, 1, 1, 1, 1, 0, 1, 0]",poultry,env_water,USA:VA,water_appalachian
Water_Delmarva,12,12,14,391,0.64,1.0,SAMN06648152,"serotype=Newport,""antigen_formula=8:e,h:1,2""",122.0,122.0,122.0,USA:VA,water,water,environmental-water,2016.0,"[0.071, 0.915, 0.013]","[12, 14, 14, 14, 15, 15, 16, 16, 18, 18, 31]","[0, 1, 1, 1, 1, 1, 1, 1, 0, 1, 0]",poultry,env_water,USA:VA,water_appalachian
Water_Delmarva,81,81,81,81,0.49,0.0,SAMN06648149,"serotype=Norwich,""antigen_formula=7:e,h:1,6""",67732.0,639.0,639.0,USA:VA,water,water,environmental-water,2016.0,"[0.462, 0.386, 0.152]","[81, 81, 81, 81, 81, 82, 124, 128, 129, 129, 129]","[1, 2, 0, 1, 1, 0, 0, 0, 0, 0, 1]",wild animal,env_water,USA:VA,water_appalachian
Water_Delmarva,15,487,18,15,0.53,2.0,SAMN06648153,"serotype=Javiana,""antigen_formula=9:l,z28:1,5""",634.0,590.0,590.0,USA:VA,water,water,environmental-water,2016.0,"[0.008, 0.043, 0.949]","[15, 18, 19, 20, 20, 21, 43, 121, 290, 291, 306]","[2, 1, 2, 1, 2, 2, 2, 1, 1, 1, 2]",generalist,env_water,USA:VA,water_appalachian
Water_Delmarva,9,13,9,388,0.79,1.0,SAMN06648148,"serotype=Newport,""antigen_formula=8:e,h:1,2""",122.0,122.0,122.0,USA:VA,water,water,environmental-water,2016.0,"[0.036, 0.955, 0.009]","[9, 9, 9, 10, 10, 11, 11, 13, 14, 15, 27]","[1, 1, 1, 1, 1, 1, 1, 0, 1, 0, 0]",poultry,env_water,USA:VA,water_appalachian
Water_Delmarva,81,81,81,81,0.49,0.0,SAMN06648183,"serotype=Norwich,""antigen_formula=7:e,h:1,6""",639.0,639.0,639.0,USA:VA,water,water,environmental-water,2016.0,"[0.464, 0.384, 0.152]","[81, 81, 81, 81, 81, 82, 123, 127, 128, 128, 128]","[0, 1, 1, 2, 1, 0, 0, 0, 0, 0, 1]",wild animal,env_water,USA:VA,water_appalachian
Water_Delmarva,20,20,20,25,0.5,0.0,SAMN06648147,"serotype=Thompson,""antigen_formula=7:k:1,5""",4863.0,4863.0,119.0,USA:VA,water,water,environmental-water,2016.0,"[0.504, 0.418, 0.078]","[20, 20, 20, 20, 20, 21, 21, 21, 21, 21, 21]","[0, 1, 1, 1, 0, 0, 1, 1, 0, 1, 1]",generalist,env_water,USA:VA,water_appalachian
Water_Delmarva,20,20,20,25,0.5,0.0,SAMN06648182,"serotype=Thompson,""antigen_formula=7:k:1,5""",4863.0,4863.0,119.0,USA:VA,water,water,environmental-water,2016.0,"[0.504, 0.418, 0.078]","[20, 20, 20, 20, 20, 21, 21, 21, 21, 21, 21]","[0, 1, 1, 1, 0, 1, 1, 0, 1, 0, 1]",generalist,env_water,USA:VA,water_appalachian
Water_Delmarva,9,9,11,388,0.67,1.0,SAMN06648181,"serotype=Newport,""antigen_formula=8:e,h:1,2""",122.0,122.0,122.0,USA:VA,water,water,environmental-water,2016.0,"[0.071, 0.915, 0.013]","[9, 11, 11, 11, 12, 12, 13, 13, 15, 15, 28]","[0, 1, 1, 1, 1, 1, 1, 1, 0, 1, 0]",poultry,env_water,USA:VA,water_appalachian
Water_Delmarva,3,4,3,15,0.62,0.0,SAMN06648151,"serotype=Thompson,""antigen_formula=7:k:1,5""",119.0,119.0,119.0,USA:VA,water,water,environmental-water,2016.0,"[0.466, 0.35, 0.184]","[3, 4, 4, 5, 5, 5, 5, 5, 5, 5, 5]","[1, 0, 0, 1, 1, 1, 1, 1, 0, 1, 1]",bovine,env_water,USA:VA,water_appalachian
Water_Delmarva,4,5,4,16,0.6,0.0,SAMN06648180,"serotype=Thompson,""antigen_formula=7:k:1,5""",119.0,119.0,119.0,USA:VA,water,water,environmental-water,2016.0,"[0.466, 0.35, 0.184]","[4, 5, 5, 6, 6, 6, 6, 6, 6, 6, 6]","[1, 0, 0, 1, 1, 1, 1, 1, 0, 1, 1]",bovine,env_water,USA:VA,water_appalachian
Water_Delmarva,37,37,125,460,1.0,1.0,SAMN06563882,"serotype=I 9:l,z28:-,""antigen_formula=9:l,z28:-""",67857.0,67857.0,21743.0,USA:VA,water,water,environmental-water,2016.0,"[0.046, 0.938, 0.017]","[37, 125, 125, 125, 125, 125, 125, 125, 127, 440, 444]","[0, 1, 1, 1, 1, 1, 1, 1, 1, 1, 1]",poultry,env_water,USA:VA,water_appalachian
Water_Delmarva,11,27,11,29,0.92,1.0,SAMN06563878,"serotype=Newport,""antigen_formula=8:e,h:1,2""",945.0,945.0,120.0,USA:VA,water,water,environmental-water,2016.0,"[0.414, 0.475, 0.111]","[11, 12, 20, 27, 27, 27, 28, 28, 28, 29, 33]","[1, 1, 1, 0, 0, 0, 0, 0, 0, 2, 0]",poultry,env_water,USA:VA,water_appalachian
Water_Delmarva,11,487,14,11,0.53,2.0,SAMN06648174,"serotype=Javiana,""antigen_formula=9:l,z28:1,5""",634.0,590.0,590.0,USA:VA,water,water,environmental-water,2016.0,"[0.008, 0.044, 0.949]","[11, 14, 15, 16, 16, 17, 39, 117, 287, 288, 304]","[2, 1, 2, 1, 2, 2, 2, 1, 1, 1, 2]",generalist,env_water,USA:VA,water_appalachian
Water_Delmarva,155,155,2127,2048,1.0,0.0,SAMN06648178,"serotype=IIIb 38:(k):z35,""antigen_formula=38:k:z35""",66824.0,66824.0,66824.0,USA:VA,water,water,environmental-water,2016.0,"[0.823, 0.087, 0.09]","[155, 166, 1969, 2000, 2022, 2048, 2048, 2089, 2110, 2124, 2122]","[0, 0, 0, 0, 0, 2, 0, 0, 0, 0, 0]",wild animal,env_water,USA:VA,water_appalachian
Water_Delmarva,20,20,20,25,0.5,0.0,SAMN06648179,"serotype=Thompson,""antigen_formula=7:k:1,5""",4863.0,4863.0,119.0,USA:VA,water,water,environmental-water,2016.0,"[0.504, 0.418, 0.078]","[20, 20, 20, 20, 20, 21, 21, 21, 21, 21, 21]","[0, 1, 1, 1, 0, 0, 1, 1, 0, 1, 1]",generalist,env_water,USA:VA,water_appalachian
Water_Delmarva,13,489,15,13,0.5,2.0,SAMN06648177,"serotype=Javiana,""antigen_formula=9:l,z28:1,5""",590.0,590.0,590.0,USA:VA,water,water,environmental-water,2016.0,"[0.008, 0.043, 0.949]","[13, 15, 17, 17, 18, 19, 39, 117, 287, 288, 302]","[2, 1, 2, 1, 2, 2, 2, 1, 1, 1, 2]",generalist,env_water,USA:VA,water_appalachian
Water_Delmarva,10,486,13,10,0.54,2.0,SAMN06648176,"serotype=Javiana,""antigen_formula=9:l,z28:1,5""",634.0,590.0,590.0,USA:VA,water,water,environmental-water,2016.0,"[0.008, 0.044, 0.949]","[10, 13, 14, 15, 15, 16, 38, 116, 286, 287, 303]","[2, 1, 2, 1, 2, 2, 2, 1, 1, 1, 2]",swine,env_water,USA:VA,water_appalachian
Water_Delmarva,19,34,19,38,0.78,1.0,SAMN06648175,"serotype=Newport,""antigen_formula=8:e,h:1,2""",68783.0,120.0,120.0,USA:VA,water,water,environmental-water,2016.0,"[0.438, 0.462, 0.101]","[19, 21, 27, 34, 34, 34, 35, 35, 35, 38, 40]","[1, 1, 1, 0, 0, 0, 0, 0, 0, 2, 0]",poultry,env_water,USA:VA,water_appalachian
Water_Delmarva,22,463,22,32,1.0,1.0,SAMN06648172,"serotype=Javiana,""antigen_formula=9:l,z28:1,5""",68804.0,19202.0,19202.0,USA:VA,water,water,environmental-water,2016.0,"[0.023, 0.917, 0.06]","[22, 22, 22, 23, 32, 58, 60, 305, 307, 308, 308]","[1, 1, 1, 1, 2, 1, 1, 1, 2, 2, 2]",poultry,env_water,USA:VA,water_appalachian
Water_Delmarva,80,80,80,80,0.49,0.0,SAMN06648171,"serotype=Norwich,""antigen_formula=7:e,h:1,6""",639.0,639.0,639.0,USA:VA,water,water,environmental-water,2016.0,"[0.463, 0.385, 0.152]","[80, 80, 80, 80, 80, 81, 122, 126, 127, 127, 127]","[1, 0, 1, 1, 2, 0, 0, 0, 0, 0, 1]",wild animal,env_water,USA:VA,water_appalachian
Water_Delmarva,21,21,21,26,0.5,0.0,SAMN06648173,"serotype=Thompson,""antigen_formula=7:k:1,5""",4863.0,4863.0,119.0,USA:VA,water,water,environmental-water,2016.0,"[0.504, 0.418, 0.078]","[21, 21, 21, 21, 21, 22, 22, 22, 22, 22, 22]","[0, 1, 1, 1, 0, 0, 1, 1, 0, 1, 1]",generalist,env_water,USA:VA,water_appalachian
Water_Delmarva,16,31,16,35,0.81,1.0,SAMN06648169,"serotype=Newport,""antigen_formula=8:e,h:1,2""",386.0,120.0,120.0,USA:VA,water,water,environmental-water,2016.0,"[0.438, 0.462, 0.101]","[16, 18, 24, 31, 31, 31, 32, 32, 32, 35, 37]","[1, 1, 1, 0, 0, 0, 0, 0, 0, 2, 0]",poultry,env_water,USA:VA,water_appalachian
Water_Delmarva,15,30,15,34,0.82,1.0,SAMN06648167,"serotype=Newport,""antigen_formula=8:e,h:1,2""",633.0,120.0,120.0,USA:VA,water,water,environmental-water,2016.0,"[0.438, 0.462, 0.101]","[15, 17, 23, 30, 30, 30, 31, 31, 31, 34, 36]","[1, 1, 1, 0, 0, 0, 0, 0, 0, 2, 0]",poultry,env_water,USA:VA,water_appalachian
Water_Delmarva,14,26,14,30,0.3,0.0,SAMN06648168,"serotype=Newport,""antigen_formula=8:e,h:1,2""",632.0,632.0,120.0,USA:VA,water,water,environmental-water,2016.0,"[0.497, 0.413, 0.09]","[14, 15, 21, 26, 26, 26, 27, 27, 27, 30, 32]","[1, 1, 1, 0, 0, 0, 0, 0, 0, 2, 0]",generalist,env_water,USA:VA,water_appalachian
Water_Delmarva,70,70,804,540,1.0,0.0,SAMN06648166,"serotype=Bareilly,""antigen_formula=7:y:1,5""",68836.0,68836.0,28826.0,USA:VA,water,water,environmental-water,2016.0,"[0.888, 0.046, 0.066]","[70, 151, 206, 540, 633, 789, 803, 804, 804, 804, 804]","[0, 0, 0, 2, 0, 0, 0, 2, 1, 2, 0]",wild animal,env_water,USA:VA,water_appalachian
Water_Delmarva,21,21,30,25,0.68,0.0,SAMN06648170,"serotype=Newport,""antigen_formula=8:e,h:1,2""",6304.0,6304.0,3108.0,USA:VA,water,water,environmental-water,2016.0,"[0.992, 0.003, 0.005]","[21, 21, 21, 22, 22, 22, 25, 27, 29, 30, 30]","[0, 0, 0, 0, 0, 0, 2, 0, 2, 0, 1]",bovine,env_water,USA:VA,water_appalachian
Water_Delmarva,77,77,77,77,0.49,0.0,SAMN06688980,"serotype=Norwich,""antigen_formula=7:e,h:1,6""",639.0,639.0,639.0,USA:VA,water,water,environmental-water,2016.0,"[0.463, 0.385, 0.152]","[77, 77, 77, 77, 77, 78, 119, 123, 124, 124, 124]","[1, 1, 2, 0, 1, 0, 0, 0, 0, 0, 1]",wild animal,env_water,USA:VA,water_appalachian
Water_Delmarva,16,28,16,32,0.31,0.0,SAMN06688981,"serotype=Newport,""antigen_formula=8:e,h:1,2""",632.0,632.0,120.0,USA:VA,water,water,environmental-water,2016.0,"[0.498, 0.413, 0.09]","[16, 17, 23, 28, 28, 28, 29, 29, 29, 32, 34]","[1, 1, 1, 0, 0, 0, 0, 0, 0, 2, 0]",generalist,env_water,USA:VA,water_appalachian
Water_Delmarva,16,31,16,35,0.81,1.0,SAMN06688979,"serotype=Newport,""antigen_formula=8:e,h:1,2""",386.0,120.0,120.0,USA:VA,water,water,environmental-water,2016.0,"[0.438, 0.462, 0.101]","[16, 18, 24, 31, 31, 31, 32, 32, 32, 35, 37]","[1, 1, 1, 0, 0, 0, 0, 0, 0, 2, 0]",poultry,env_water,USA:VA,water_appalachian
Water_Delmarva,7,11,7,386,0.85,1.0,SAMN06688982,"serotype=Newport,""antigen_formula=8:e,h:1,2""",122.0,122.0,122.0,USA:VA,water,water,environmental-water,2016.0,"[0.036, 0.955, 0.009]","[7, 7, 7, 8, 8, 9, 9, 11, 12, 13, 25]","[1, 1, 1, 1, 1, 1, 1, 0, 1, 0, 0]",poultry,env_water,USA:VA,water_appalachian
Water_Delmarva,81,81,81,81,0.49,0.0,SAMN06689002,"serotype=Norwich,""antigen_formula=7:e,h:1,6""",639.0,639.0,639.0,USA:VA,water,water,environmental-water,2016.0,"[0.464, 0.384, 0.152]","[81, 81, 81, 81, 81, 82, 123, 127, 128, 128, 128]","[0, 1, 1, 2, 1, 0, 0, 0, 0, 0, 1]",wild animal,env_water,USA:VA,water_appalachian
Water_Delmarva,613,613,889,635,0.69,0.0,SAMN06688978,"serotype=Bareilly,""antigen_formula=7:y:1,5""",69297.0,69297.0,69297.0,USA:VA,water,water,environmental-water,2016.0,"[0.901, 0.028, 0.071]","[613, 633, 635, 641, 724, 880, 887, 889, 889, 889, 889]","[0, 0, 2, 0, 0, 0, 0, 2, 2, 1, 0]",wild animal,env_water,USA:VA,water_appalachian
Water_Delmarva,10,331,10,334,0.53,1.0,SAMN06688977,"serotype=Saintpaul,""antigen_formula=4:e,h:1,2""",8385.0,637.0,637.0,USA:VA,water,water,environmental-water,2016.0,"[0.312, 0.559, 0.129]","[10, 321, 321, 331, 333, 334, 340, 2650, 2652, 2653, 2654]","[1, 1, 1, 0, 1, 2, 0, 0, 0, 2, 0]",generalist,env_water,USA:VA,water_appalachian
Water_Delmarva,16,18,17,16,0.47,2.0,SAMN06648156,"serotype=Anatum,""antigen_formula=3,10:e,h:1,6""",69306.0,12032.0,694.0,USA:VA,water,water,environmental-water,2016.0,"[0.129, 0.393, 0.477]","[16, 17, 17, 18, 18, 18, 18, 18, 18, 19, 19]","[2, 1, 1, 1, 0, 1, 1, 2, 2, 1, 2]",generalist,env_water,USA:VA,water_appalachian
Water_Delmarva,8,10,8,11,0.68,1.0,SAMN06648165,"serotype=Infantis,""antigen_formula=7:r:1,5""",69280.0,343.0,343.0,USA:VA,water,water,environmental-water,2016.0,"[0.082, 0.835, 0.082]","[8, 8, 8, 8, 9, 9, 9, 9, 9, 9, 9]","[1, 1, 1, 1, 1, 1, 1, 1, 1, 1, 1]",poultry,env_water,USA:VA,water_appalachian
Water_Delmarva,12,487,14,12,0.5,2.0,SAMN06648159,"serotype=Javiana,""antigen_formula=9:l,z28:1,5""",590.0,590.0,590.0,USA:VA,water,water,environmental-water,2016.0,"[0.008, 0.044, 0.949]","[12, 14, 16, 16, 17, 18, 38, 116, 286, 287, 303]","[2, 1, 2, 1, 2, 2, 2, 1, 1, 1, 2]",generalist,env_water,USA:VA,water_appalachian
Water_Delmarva,15,29,15,33,0.84,1.0,SAMN06648163,"serotype=Newport,""antigen_formula=8:e,h:1,2""",69287.0,18726.0,120.0,USA:VA,water,water,environmental-water,2016.0,"[0.427, 0.481, 0.091]","[15, 16, 19, 29, 29, 29, 30, 30, 30, 33, 35]","[1, 1, 1, 0, 0, 0, 0, 0, 0, 2, 0]",poultry,env_water,USA:VA,water_appalachian
Water_Delmarva,26,464,36,26,1.0,1.0,SAMN06648161,"serotype=Javiana,""antigen_formula=9:l,z28:1,5""",69278.0,54342.0,49867.0,USA:VA,water,water,environmental-water,2016.0,"[0.024, 0.91, 0.066]","[26, 36, 36, 36, 37, 55, 57, 303, 306, 307, 307]","[2, 1, 1, 1, 1, 1, 1, 1, 2, 2, 2]",poultry,env_water,USA:VA,water_appalachian
Water_Delmarva,32,38,32,364,1.0,1.0,SAMN06648164,"serotype=Typhimurium,""antigen_formula=4:i:1,2""",12430.0,12430.0,12430.0,USA:VA,water,water,environmental-water,2016.0,"[0.385, 0.476, 0.139]","[32, 38, 59, 361, 361, 362, 362, 362, 364, 364, 364]","[1, 0, 1, 0, 0, 0, 0, 0, 2, 2, 0]",poultry,env_water,USA:VA,water_appalachian
Water_Delmarva,7,334,7,337,0.53,1.0,SAMN06648160,"serotype=Saintpaul,""antigen_formula=4:e,h:1,2""",637.0,637.0,637.0,USA:VA,water,water,environmental-water,2016.0,"[0.312, 0.559, 0.129]","[7, 324, 324, 334, 336, 337, 343, 2650, 2652, 2653, 2654]","[1, 1, 1, 0, 1, 2, 0, 0, 0, 2, 0]",generalist,env_water,USA:VA,water_appalachian
Water_Delmarva,84,84,84,84,0.49,0.0,SAMN06648158,"serotype=Norwich,""antigen_formula=7:e,h:1,6""",639.0,639.0,639.0,USA:VA,water,water,environmental-water,2016.0,"[0.468, 0.381, 0.151]","[84, 84, 84, 84, 84, 85, 126, 130, 130, 131, 131]","[2, 1, 1, 0, 1, 0, 0, 0, 0, 0, 1]",wild animal,env_water,USA:VA,water_appalachian
Water_Delmarva,22,22,268,249,1.0,0.0,SAMN06648157,"serotype=Hartford,""antigen_formula=7:y:e,n,x""",67292.0,67292.0,42603.0,USA:VA,water,water,environmental-water,2016.0,"[0.822, 0.086, 0.093]","[22, 23, 244, 249, 252, 255, 260, 261, 264, 265, 267]","[0, 0, 0, 2, 0, 0, 0, 0, 0, 2, 0]",bovine,env_water,USA:VA,water_appalachian
Water_Delmarva,9,485,12,9,0.54,2.0,SAMN06688989,"serotype=Javiana,""antigen_formula=9:l,z28:1,5""",634.0,590.0,590.0,USA:VA,water,water,environmental-water,2016.0,"[0.008, 0.044, 0.949]","[9, 12, 13, 14, 14, 15, 37, 115, 285, 286, 302]","[2, 1, 2, 1, 2, 2, 2, 1, 1, 1, 2]",swine,env_water,USA:VA,water_appalachian
Water_Delmarva,80,80,80,80,0.49,0.0,SAMN06688991,"serotype=Norwich,""antigen_formula=7:e,h:1,6""",639.0,639.0,639.0,USA:VA,water,water,environmental-water,2016.0,"[0.463, 0.385, 0.152]","[80, 80, 80, 80, 80, 81, 122, 126, 127, 127, 127]","[1, 1, 2, 0, 1, 0, 0, 0, 0, 0, 1]",wild animal,env_water,USA:VA,water_appalachian
Water_Delmarva,8,8,10,387,0.69,1.0,SAMN06688996,"serotype=Newport,""antigen_formula=8:e,h:1,2""",122.0,122.0,122.0,USA:VA,water,water,environmental-water,2016.0,"[0.071, 0.915, 0.013]","[8, 10, 10, 10, 11, 11, 12, 12, 14, 14, 27]","[0, 1, 1, 1, 1, 1, 1, 1, 0, 1, 0]",poultry,env_water,USA:VA,water_appalachian
Water_Delmarva,28,28,323,333,1.0,0.0,SAMN06688997,"serotype=Typhimurium,""antigen_formula=4:i:1,2""",63699.0,63699.0,5008.0,USA:VA,water,water,environmental-water,2016.0,"[0.776, 0.115, 0.109]","[28, 42, 323, 323, 324, 325, 325, 325, 326, 327, 328]","[0, 0, 1, 1, 1, 1, 0, 1, 1, 1, 1]",bovine,env_water,USA:VA,water_appalachian
Water_Delmarva,7,11,7,386,0.85,1.0,SAMN06648155,"serotype=Newport,""antigen_formula=8:e,h:1,2""",122.0,122.0,122.0,USA:VA,water,water,environmental-water,2016.0,"[0.036, 0.955, 0.009]","[7, 7, 7, 8, 8, 9, 9, 11, 12, 13, 25]","[1, 1, 1, 1, 1, 1, 1, 0, 1, 0, 0]",poultry,env_water,USA:VA,water_appalachian
Water_Delmarva,28,461,35,28,1.0,1.0,SAMN06689000,"serotype=Javiana,""antigen_formula=9:l,z28:1,5""",69761.0,49867.0,49867.0,USA:VA,water,water,environmental-water,2016.0,"[0.023, 0.913, 0.063]","[28, 35, 35, 35, 36, 54, 56, 300, 303, 304, 304]","[2, 1, 1, 1, 1, 1, 1, 1, 2, 2, 2]",poultry,env_water,USA:VA,water_appalachian
Water_Delmarva,57,57,75,382,1.0,1.0,SAMN06688999,"serotype=Typhimurium,""antigen_formula=4:i:1,2""",69711.0,69711.0,69711.0,USA:VA,water,water,environmental-water,2016.0,"[0.403, 0.459, 0.138]","[57, 75, 81, 375, 376, 376, 376, 379, 379, 380, 381]","[0, 1, 1, 0, 0, 0, 0, 0, 1, 0, 1]",wild animal,env_water,USA:VA,water_appalachian
Water_Delmarva,24,24,270,250,1.0,0.0,SAMN06688995,"serotype=Hartford,""antigen_formula=7:y:e,n,x""",67292.0,67292.0,42603.0,USA:VA,water,water,environmental-water,2016.0,"[0.823, 0.085, 0.092]","[24, 25, 246, 250, 253, 257, 262, 262, 265, 266, 269]","[0, 0, 0, 2, 0, 0, 0, 0, 0, 2, 0]",bovine,env_water,USA:VA,water_appalachian
Water_Delmarva,57,57,75,382,1.0,1.0,SAMN06688998,"serotype=Typhimurium,""antigen_formula=4:i:1,2""",69711.0,69711.0,69711.0,USA:VA,water,water,environmental-water,2016.0,"[0.403, 0.459, 0.138]","[57, 75, 81, 375, 376, 376, 376, 379, 379, 380, 381]","[0, 1, 1, 0, 0, 0, 0, 0, 1, 0, 1]",wild animal,env_water,USA:VA,water_appalachian
Water_Delmarva,24,24,270,250,1.0,0.0,SAMN06688994,"serotype=Hartford,""antigen_formula=7:y:e,n,x""",67292.0,67292.0,42603.0,USA:VA,water,water,environmental-water,2016.0,"[0.823, 0.085, 0.092]","[24, 25, 246, 250, 253, 257, 262, 262, 265, 266, 269]","[0, 0, 0, 2, 0, 0, 0, 0, 0, 2, 0]",bovine,env_water,USA:VA,water_appalachian
Water_Delmarva,78,78,78,78,0.49,0.0,SAMN06648154,"serotype=Norwich,""antigen_formula=7:e,h:1,6""",639.0,639.0,639.0,USA:VA,water,water,environmental-water,2016.0,"[0.462, 0.386, 0.152]","[78, 78, 78, 78, 78, 79, 121, 125, 126, 126, 126]","[1, 1, 2, 0, 1, 0, 0, 0, 0, 0, 1]",wild animal,env_water,USA:VA,water_appalachian
Water_Delmarva,81,81,81,81,0.49,0.0,SAMN06688990,"serotype=Norwich,""antigen_formula=7:e,h:1,6""",69730.0,639.0,639.0,USA:VA,water,water,environmental-water,2016.0,"[0.463, 0.385, 0.152]","[81, 81, 81, 81, 81, 82, 123, 127, 128, 128, 128]","[1, 1, 2, 0, 1, 0, 0, 0, 0, 0, 1]",wild animal,env_water,USA:VA,water_appalachian
Water_Delmarva,10,14,10,389,0.77,1.0,SAMN06688993,"serotype=Newport,""antigen_formula=8:e,h:1,2""",69729.0,122.0,122.0,USA:VA,water,water,environmental-water,2016.0,"[0.036, 0.955, 0.008]","[10, 10, 10, 11, 11, 12, 12, 14, 15, 16, 29]","[1, 1, 1, 1, 1, 1, 1, 0, 1, 0, 0]",poultry,env_water,USA:VA,water_appalachian
Water_Delmarva,20,20,20,25,0.5,0.0,SAMN06688992,"serotype=Thompson,""antigen_formula=7:k:1,5""",4863.0,4863.0,119.0,USA:VA,water,water,environmental-water,2016.0,"[0.504, 0.418, 0.078]","[20, 20, 20, 20, 20, 21, 21, 21, 21, 21, 21]","[0, 1, 1, 1, 0, 0, 1, 1, 0, 1, 1]",generalist,env_water,USA:VA,water_appalachian
Water_Delmarva,16,28,16,32,0.3,0.0,SAMN06689001,"serotype=Newport,""antigen_formula=8:e,h:1,2""",632.0,632.0,120.0,USA:VA,water,water,environmental-water,2016.0,"[0.504, 0.41, 0.086]","[16, 16, 23, 28, 28, 28, 28, 29, 29, 32, 34]","[1, 1, 1, 0, 0, 0, 0, 0, 0, 2, 0]",generalist,env_water,USA:VA,water_appalachian
Water_Delmarva,76,76,76,76,0.49,0.0,SAMN06648162,"serotype=Norwich,""antigen_formula=7:e,h:1,6""",639.0,639.0,639.0,USA:VA,water,water,environmental-water,2016.0,"[0.462, 0.386, 0.152]","[76, 76, 76, 76, 76, 77, 119, 123, 124, 124, 124]","[1, 1, 2, 0, 1, 0, 0, 0, 0, 0, 1]",wild animal,env_water,USA:VA,water_appalachian
Water_Delmarva,217,217,971,980,0.54,0.0,SAMN06848479,"serotype=Norwich,""antigen_formula=7:e,h:1,6""",69765.0,69765.0,69765.0,USA:MD,environmental-water; non tidal freshwater,non tidal freshwater,environmental-water,2016.0,"[0.615, 0.193, 0.192]","[217, 901, 969, 971, 971, 971, 971, 971, 979, 980, 980]","[0, 0, 0, 0, 0, 0, 0, 1, 0, 1, 0]",wild animal,env_water,USA:MD,water_northeast
Water_Delmarva,14,16,15,14,0.5,2.0,SAMN06848263,"serotype=Anatum,""antigen_formula=3,10:e,h:1,6""",69768.0,12032.0,694.0,USA:MD,Non-Tidal Freshwater River,non tidal fresh water river,environmental-water,2016.0,"[0.091, 0.276, 0.633]","[14, 15, 15, 15, 16, 16, 16, 16, 16, 16, 17]","[2, 1, 1, 2, 1, 0, 2, 1, 1, 2, 1]",generalist,env_water,USA:MD,water_northeast
Water_Delmarva,23,23,28,28,0.54,1.0,SAMN06848441,"serotype=Mbandaka,""antigen_formula=7:z10:e,n,z15""",69772.0,58765.0,58765.0,USA:MD,Non-Tidal Freshwater River,non tidal fresh water river,environmental-water,2016.0,"[0.364, 0.469, 0.166]","[23, 28, 28, 28, 28, 28, 29, 30, 31, 31, 32]","[0, 2, 1, 1, 1, 1, 1, 0, 1, 1, 0]",poultry,env_water,USA:MD,water_northeast
Water_Delmarva,23,23,28,28,0.54,1.0,SAMN06848497,"serotype=Mbandaka,""antigen_formula=7:z10:e,n,z15""",69772.0,58765.0,58765.0,USA:MD,Non-Tidal Freshwater River,non tidal fresh water river,environmental-water,2016.0,"[0.364, 0.469, 0.166]","[23, 28, 28, 28, 28, 28, 29, 30, 31, 31, 32]","[0, 2, 1, 1, 1, 1, 1, 0, 1, 1, 0]",poultry,env_water,USA:MD,water_northeast
Water_Delmarva,43,46,43,53,0.53,0.0,SAMN06848265,"serotype=Newport,""antigen_formula=8:e,h:1,2""",69776.0,69776.0,39534.0,USA:MD,Non-Tidal Freshwater River,non tidal fresh water river,environmental-water,2016.0,"[0.736, 0.181, 0.083]","[43, 46, 48, 49, 50, 50, 51, 53, 53, 53, 53]","[1, 0, 0, 0, 0, 0, 1, 0, 1, 1, 2]",wild animal,env_water,USA:MD,water_northeast
Water_Delmarva,14,16,15,14,0.5,2.0,SAMN06848267,"serotype=Anatum,""antigen_formula=3,10:e,h:1,6""",69768.0,12032.0,694.0,USA:MD,Non-Tidal Freshwater River,non tidal fresh water river,environmental-water,2016.0,"[0.091, 0.276, 0.633]","[14, 15, 15, 15, 16, 16, 16, 16, 16, 16, 17]","[2, 1, 1, 2, 1, 0, 2, 1, 1, 2, 1]",generalist,env_water,USA:MD,water_northeast
Water_Delmarva,24,24,29,29,0.53,1.0,SAMN06848498,"serotype=Mbandaka,""antigen_formula=7:z10:e,n,z15""",69772.0,58765.0,58765.0,USA:MD,Non-Tidal Freshwater River,non tidal fresh water river,environmental-water,2016.0,"[0.364, 0.469, 0.166]","[24, 29, 29, 29, 29, 29, 30, 31, 32, 32, 33]","[0, 2, 1, 1, 1, 1, 1, 0, 1, 1, 0]",generalist,env_water,USA:MD,water_northeast
Water_Delmarva,607,607,882,627,0.69,0.0,SAMN06848322,"serotype=Bareilly,""antigen_formula=7:y:1,5""",69767.0,69767.0,69767.0,USA:MD,environmental-water; water pond,water pond,environmental-water,2016.0,"[0.902, 0.028, 0.07]","[607, 627, 628, 631, 718, 871, 880, 882, 882, 882, 882]","[0, 2, 0, 0, 0, 0, 0, 1, 0, 2, 1]",wild animal,env_water,USA:MD,water_northeast
Water_Delmarva,606,606,881,626,0.69,0.0,SAMN06848323,"serotype=Bareilly,""antigen_formula=7:y:1,5""",69767.0,69767.0,69767.0,USA:MD,environmental-water; water pond,water pond,environmental-water,2016.0,"[0.902, 0.028, 0.07]","[606, 626, 627, 630, 717, 870, 879, 881, 881, 881, 881]","[0, 2, 0, 0, 0, 0, 0, 1, 0, 2, 1]",wild animal,env_water,USA:MD,water_northeast
Water_Delmarva,607,607,882,627,0.69,0.0,SAMN06848324,"serotype=Bareilly,""antigen_formula=7:y:1,5""",69767.0,69767.0,69767.0,USA:MD,environmental-water; water pond,water pond,environmental-water,2016.0,"[0.902, 0.028, 0.07]","[607, 627, 628, 631, 718, 871, 880, 882, 882, 882, 882]","[0, 2, 0, 0, 0, 0, 0, 1, 0, 2, 1]",wild animal,env_water,USA:MD,water_northeast
Water_Delmarva,606,606,881,626,0.69,0.0,SAMN06848325,"serotype=Bareilly,""antigen_formula=7:y:1,5""",69767.0,69767.0,69767.0,USA:MD,environmental-water; water pond,water pond,environmental-water,2016.0,"[0.902, 0.028, 0.07]","[606, 626, 627, 630, 717, 870, 879, 881, 881, 881, 881]","[0, 2, 0, 0, 0, 0, 0, 1, 0, 2, 1]",wild animal,env_water,USA:MD,water_northeast
Water_Delmarva,606,606,881,626,0.69,0.0,SAMN06848328,"serotype=Bareilly,""antigen_formula=7:y:1,5""",69767.0,69767.0,69767.0,USA:MD,environmental-water; water pond,water pond,environmental-water,2016.0,"[0.902, 0.028, 0.07]","[606, 626, 627, 630, 717, 870, 879, 881, 881, 881, 881]","[0, 2, 0, 0, 0, 0, 0, 1, 0, 2, 1]",wild animal,env_water,USA:MD,water_northeast
Water_Delmarva,606,606,881,626,0.69,0.0,SAMN06848327,"serotype=Bareilly,""antigen_formula=7:y:1,5""",69767.0,69767.0,69767.0,USA:MD,environmental-water; water pond,water pond,environmental-water,2016.0,"[0.902, 0.028, 0.07]","[606, 626, 627, 630, 717, 870, 879, 881, 881, 881, 881]","[0, 2, 0, 0, 0, 0, 0, 1, 0, 2, 1]",wild animal,env_water,USA:MD,water_northeast
Water_Delmarva,43,46,43,53,0.53,0.0,SAMN06848270,"serotype=Newport,""antigen_formula=8:e,h:1,2""",69776.0,69776.0,39534.0,USA:MD,Non-Tidal Freshwater River,non tidal fresh water river,environmental-water,2016.0,"[0.736, 0.181, 0.083]","[43, 46, 48, 49, 50, 50, 51, 53, 53, 53, 53]","[1, 0, 0, 0, 0, 0, 1, 0, 1, 1, 2]",wild animal,env_water,USA:MD,water_northeast
Water_Delmarva,14,16,15,14,0.5,2.0,SAMN06848269,"serotype=Anatum,""antigen_formula=3,10:e,h:1,6""",69768.0,12032.0,694.0,USA:MD,Non-Tidal Freshwater River,non tidal fresh water river,environmental-water,2016.0,"[0.091, 0.276, 0.633]","[14, 15, 15, 15, 16, 16, 16, 16, 16, 16, 17]","[2, 1, 1, 2, 0, 1, 1, 2, 1, 2, 1]",generalist,env_water,USA:MD,water_northeast
Water_Delmarva,43,46,43,53,0.53,0.0,SAMN06848264,"serotype=Newport,""antigen_formula=8:e,h:1,2""",69776.0,69776.0,39534.0,USA:MD,Non-Tidal Freshwater River,non tidal fresh water river,environmental-water,2016.0,"[0.736, 0.181, 0.083]","[43, 46, 48, 49, 50, 50, 51, 53, 53, 53, 53]","[1, 0, 0, 0, 0, 0, 1, 0, 1, 1, 2]",wild animal,env_water,USA:MD,water_northeast
Water_Delmarva,14,16,15,14,0.5,2.0,SAMN06848330,"serotype=Anatum,""antigen_formula=3,10:e,h:1,6""",69768.0,12032.0,694.0,USA:MD,Non-Tidal Freshwater River,non tidal fresh water river,environmental-water,2016.0,"[0.091, 0.276, 0.633]","[14, 15, 15, 15, 16, 16, 16, 16, 16, 16, 17]","[2, 1, 1, 2, 0, 1, 1, 2, 1, 2, 1]",generalist,env_water,USA:MD,water_northeast
Water_Delmarva,14,16,15,14,0.5,2.0,SAMN06848329,"serotype=Anatum,""antigen_formula=3,10:e,h:1,6""",69768.0,12032.0,694.0,USA:MD,Non-Tidal Freshwater River,non tidal fresh water river,environmental-water,2016.0,"[0.091, 0.276, 0.633]","[14, 15, 15, 15, 16, 16, 16, 16, 16, 16, 17]","[2, 1, 1, 2, 0, 1, 1, 2, 1, 2, 1]",generalist,env_water,USA:MD,water_northeast
Water_Delmarva,606,606,881,626,0.69,0.0,SAMN06848318,"serotype=Bareilly,""antigen_formula=7:y:1,5""",69767.0,69767.0,69767.0,USA:MD,environmental-water; water pond,water pond,environmental-water,2016.0,"[0.902, 0.028, 0.07]","[606, 626, 627, 630, 717, 870, 879, 881, 881, 881, 881]","[0, 2, 0, 0, 0, 0, 0, 1, 0, 2, 1]",wild animal,env_water,USA:MD,water_northeast
Water_Delmarva,606,606,881,626,0.69,0.0,SAMN06848319,"serotype=Bareilly,""antigen_formula=7:y:1,5""",69767.0,69767.0,69767.0,USA:MD,environmental-water; water pond,water pond,environmental-water,2016.0,"[0.902, 0.028, 0.07]","[606, 626, 627, 630, 717, 870, 879, 881, 881, 881, 881]","[0, 2, 0, 0, 0, 0, 0, 1, 0, 2, 1]",wild animal,env_water,USA:MD,water_northeast
Water_Delmarva,606,606,882,626,0.69,0.0,SAMN06848321,"serotype=Bareilly,""antigen_formula=7:y:1,5""",69767.0,69767.0,69767.0,USA:MD,environmental-water; water pond,water pond,environmental-water,2016.0,"[0.902, 0.028, 0.07]","[606, 626, 627, 630, 718, 870, 880, 882, 882, 882, 882]","[0, 2, 0, 0, 0, 0, 0, 1, 0, 2, 1]",wild animal,env_water,USA:MD,water_northeast
Water_Delmarva,200,200,818,553,1.0,0.0,SAMN06848311,"serotype=Bareilly,""antigen_formula=7:y:1,5""",69766.0,69766.0,69766.0,USA:MD,environmental-water; water pond,water pond,environmental-water,2016.0,"[0.908, 0.036, 0.056]","[200, 222, 234, 553, 645, 804, 818, 818, 819, 819, 819]","[0, 0, 0, 2, 0, 0, 1, 0, 0, 2, 1]",wild animal,env_water,USA:MD,water_northeast
Water_Delmarva,606,606,881,626,0.69,0.0,SAMN06848320,"serotype=Bareilly,""antigen_formula=7:y:1,5""",69767.0,69767.0,69767.0,USA:MD,environmental-water; water pond,water pond,environmental-water,2016.0,"[0.902, 0.028, 0.07]","[606, 626, 627, 630, 717, 870, 879, 881, 881, 881, 881]","[0, 2, 0, 0, 0, 0, 0, 1, 0, 2, 1]",wild animal,env_water,USA:MD,water_northeast
Water_Delmarva,200,200,818,553,1.0,0.0,SAMN06848312,"serotype=Bareilly,""antigen_formula=7:y:1,5""",69766.0,69766.0,69766.0,USA:MD,environmental-water; water pond,water pond,environmental-water,2016.0,"[0.908, 0.036, 0.056]","[200, 222, 234, 553, 645, 804, 818, 818, 819, 819, 819]","[0, 0, 0, 2, 0, 0, 1, 0, 0, 2, 1]",wild animal,env_water,USA:MD,water_northeast
Water_Delmarva,200,200,818,553,1.0,0.0,SAMN06848310,"serotype=Bareilly,""antigen_formula=7:y:1,5""",69766.0,69766.0,69766.0,USA:MD,environmental-water; water pond,water pond,environmental-water,2016.0,"[0.908, 0.036, 0.056]","[200, 222, 234, 553, 645, 804, 818, 818, 819, 819, 819]","[0, 0, 0, 2, 0, 0, 1, 0, 0, 2, 1]",wild animal,env_water,USA:MD,water_northeast
Water_Delmarva,165,165,793,519,1.0,0.0,SAMN06848302,"serotype=Bareilly,""antigen_formula=7:y:1,5""",69780.0,69780.0,69780.0,USA:MD,environmental-water; water pond,water pond,environmental-water,2016.0,"[0.913, 0.034, 0.053]","[165, 167, 181, 519, 618, 778, 788, 793, 794, 794, 794]","[0, 0, 0, 2, 0, 0, 0, 1, 1, 0, 2]",wild animal,env_water,USA:MD,water_northeast
Water_Delmarva,165,165,793,519,1.0,0.0,SAMN06848313,"serotype=Bareilly,""antigen_formula=7:y:1,5""",69780.0,69780.0,69780.0,USA:MD,environmental-water; water pond,water pond,environmental-water,2016.0,"[0.913, 0.034, 0.053]","[165, 167, 181, 519, 618, 778, 788, 793, 794, 794, 794]","[0, 0, 0, 2, 0, 0, 0, 1, 1, 0, 2]",wild animal,env_water,USA:MD,water_northeast
Water_Delmarva,165,165,793,519,1.0,0.0,SAMN06848303,"serotype=Bareilly,""antigen_formula=7:y:1,5""",69780.0,69780.0,69780.0,USA:MD,environmental-water; water pond,water pond,environmental-water,2016.0,"[0.913, 0.034, 0.053]","[165, 167, 181, 519, 618, 778, 788, 793, 794, 794, 794]","[0, 0, 0, 2, 0, 0, 0, 1, 1, 0, 2]",wild animal,env_water,USA:MD,water_northeast
Water_Delmarva,200,200,818,553,1.0,0.0,SAMN06848315,"serotype=Bareilly,""antigen_formula=7:y:1,5""",69766.0,69766.0,69766.0,USA:MD,environmental-water; water pond,water pond,environmental-water,2016.0,"[0.908, 0.036, 0.056]","[200, 222, 234, 553, 645, 804, 818, 818, 819, 819, 819]","[0, 0, 0, 2, 0, 0, 1, 0, 0, 2, 1]",wild animal,env_water,USA:MD,water_northeast
Water_Delmarva,200,200,818,553,1.0,0.0,SAMN06848314,"serotype=Bareilly,""antigen_formula=7:y:1,5""",69766.0,69766.0,69766.0,USA:MD,environmental-water; water pond,water pond,environmental-water,2016.0,"[0.908, 0.036, 0.056]","[200, 222, 234, 553, 645, 804, 818, 818, 819, 819, 819]","[0, 0, 0, 2, 0, 0, 1, 0, 0, 2, 1]",wild animal,env_water,USA:MD,water_northeast
Water_Delmarva,200,200,818,553,1.0,0.0,SAMN06848304,"serotype=Bareilly,""antigen_formula=7:y:1,5""",69766.0,69766.0,69766.0,USA:MD,environmental-water; water pond,water pond,environmental-water,2016.0,"[0.908, 0.036, 0.056]","[200, 222, 234, 553, 645, 804, 818, 818, 819, 819, 819]","[0, 0, 0, 2, 0, 0, 1, 0, 0, 2, 1]",wild animal,env_water,USA:MD,water_northeast
Water_Delmarva,200,200,818,553,1.0,0.0,SAMN06848305,"serotype=Bareilly,""antigen_formula=7:y:1,5""",69766.0,69766.0,69766.0,USA:MD,environmental-water; water pond,water pond,environmental-water,2016.0,"[0.908, 0.036, 0.056]","[200, 222, 234, 553, 645, 804, 818, 818, 819, 819, 819]","[0, 0, 0, 2, 0, 0, 1, 0, 0, 2, 1]",wild animal,env_water,USA:MD,water_northeast
Water_Delmarva,200,200,818,553,1.0,0.0,SAMN06848306,"serotype=Bareilly,""antigen_formula=7:y:1,5""",69766.0,69766.0,69766.0,USA:MD,environmental-water; water pond,water pond,environmental-water,2016.0,"[0.908, 0.036, 0.056]","[200, 222, 234, 553, 645, 804, 818, 818, 819, 819, 819]","[0, 0, 0, 2, 0, 0, 1, 0, 0, 2, 1]",wild animal,env_water,USA:MD,water_northeast
Water_Delmarva,200,200,818,553,1.0,0.0,SAMN06848307,"serotype=Bareilly,""antigen_formula=7:y:1,5""",69766.0,69766.0,69766.0,USA:MD,environmental-water; water pond,water pond,environmental-water,2016.0,"[0.908, 0.036, 0.056]","[200, 222, 234, 553, 645, 804, 818, 818, 819, 819, 819]","[0, 0, 0, 2, 0, 0, 1, 0, 0, 2, 0]",wild animal,env_water,USA:MD,water_northeast
Water_Delmarva,201,201,819,554,1.0,0.0,SAMN06848309,"serotype=Bareilly,""antigen_formula=7:y:1,5""",69766.0,69766.0,69766.0,USA:MD,environmental-water; water pond,water pond,environmental-water,2016.0,"[0.908, 0.036, 0.056]","[201, 223, 235, 554, 646, 805, 819, 819, 820, 820, 820]","[0, 0, 0, 2, 0, 0, 1, 0, 0, 2, 1]",wild animal,env_water,USA:MD,water_northeast
Water_Delmarva,606,606,881,626,0.69,0.0,SAMN06848317,"serotype=Bareilly,""antigen_formula=7:y:1,5""",69767.0,69767.0,69767.0,USA:MD,environmental-water; water pond,water pond,environmental-water,2016.0,"[0.902, 0.028, 0.07]","[606, 626, 627, 630, 717, 870, 879, 881, 881, 881, 881]","[0, 2, 0, 0, 0, 0, 0, 1, 0, 2, 1]",wild animal,env_water,USA:MD,water_northeast
Water_Delmarva,606,606,881,626,0.69,0.0,SAMN06848316,"serotype=Bareilly,""antigen_formula=7:y:1,5""",69767.0,69767.0,69767.0,USA:MD,environmental-water; water pond,water pond,environmental-water,2016.0,"[0.902, 0.028, 0.07]","[606, 626, 627, 630, 717, 870, 879, 881, 881, 881, 881]","[0, 2, 0, 0, 0, 0, 0, 1, 0, 2, 1]",wild animal,env_water,USA:MD,water_northeast
Water_Delmarva,200,200,818,553,1.0,0.0,SAMN06848308,"serotype=Bareilly,""antigen_formula=7:y:1,5""",69766.0,69766.0,69766.0,USA:MD,environmental-water; water pond,water pond,environmental-water,2016.0,"[0.908, 0.036, 0.056]","[200, 222, 234, 553, 645, 804, 818, 818, 819, 819, 819]","[0, 0, 0, 2, 0, 0, 1, 0, 0, 2, 1]",wild animal,env_water,USA:MD,water_northeast
Water_Delmarva,1,39,1,17,1.0,1.0,SAMN06848358,"serotype=Litchfield,""antigen_formula=8:l,v:1,2""",70492.0,10507.0,10507.0,USA:MD,environmental-water; tidal freshwater,tidal freshwater,environmental-water,2016.0,"[0.041, 0.919, 0.041]","[1, 3, 3, 3, 3, 3, 3, 3, 4, 4, 5]","[1, 1, 1, 1, 1, 1, 1, 1, 1, 1, 1]",poultry,env_water,USA:MD,water_northeast
Water_Delmarva,6,10,6,385,0.88,1.0,SAMN06848352,"serotype=Newport,""antigen_formula=8:e,h:1,2""",122.0,122.0,122.0,USA:MD,environmental-water; tidal freshwater,tidal freshwater,environmental-water,2016.0,"[0.036, 0.955, 0.008]","[6, 6, 6, 7, 7, 8, 8, 10, 11, 12, 25]","[1, 1, 1, 1, 1, 1, 1, 0, 1, 0, 0]",poultry,env_water,USA:MD,water_northeast
Water_Delmarva,171,171,794,520,1.0,0.0,SAMN06848350,"serotype=Bareilly,""antigen_formula=7:y:1,5""",70502.0,70502.0,70502.0,USA:MD,Non-Tidal Freshwater River,non tidal fresh water river,environmental-water,2016.0,"[0.913, 0.034, 0.053]","[171, 172, 189, 520, 620, 778, 790, 794, 795, 795, 795]","[0, 0, 0, 2, 0, 0, 0, 1, 2, 1, 0]",wild animal,env_water,USA:MD,water_northeast
Water_Delmarva,171,171,794,520,1.0,0.0,SAMN06848348,"serotype=Bareilly,""antigen_formula=7:y:1,5""",70502.0,70502.0,70502.0,USA:MD,Non-Tidal Freshwater River,non tidal fresh water river,environmental-water,2016.0,"[0.913, 0.034, 0.053]","[171, 172, 189, 520, 620, 778, 790, 794, 795, 795, 795]","[0, 0, 0, 2, 0, 0, 0, 1, 2, 1, 0]",wild animal,env_water,USA:MD,water_northeast
Water_Delmarva,6,10,6,385,0.88,1.0,SAMN06848353,"serotype=Newport,""antigen_formula=8:e,h:1,2""",122.0,122.0,122.0,USA:MD,environmental-water; tidal freshwater,tidal freshwater,environmental-water,2016.0,"[0.036, 0.955, 0.008]","[6, 6, 6, 7, 7, 8, 8, 10, 11, 12, 25]","[1, 1, 1, 1, 1, 1, 1, 0, 1, 0, 0]",poultry,env_water,USA:MD,water_northeast
Water_Delmarva,171,171,794,520,1.0,0.0,SAMN06848349,"serotype=Bareilly,""antigen_formula=7:y:1,5""",70502.0,70502.0,70502.0,USA:MD,Non-Tidal Freshwater River,non tidal fresh water river,environmental-water,2016.0,"[0.913, 0.034, 0.053]","[171, 172, 189, 520, 620, 778, 790, 794, 795, 795, 795]","[0, 0, 0, 2, 0, 0, 0, 1, 2, 1, 0]",wild animal,env_water,USA:MD,water_northeast
Water_Delmarva,7,11,7,386,0.85,1.0,SAMN06848354,"serotype=Newport,""antigen_formula=8:e,h:1,2""",122.0,122.0,122.0,USA:MD,environmental-water; tidal freshwater,tidal freshwater,environmental-water,2016.0,"[0.036, 0.955, 0.008]","[7, 7, 7, 8, 8, 9, 9, 11, 12, 13, 26]","[1, 1, 1, 1, 1, 1, 1, 0, 1, 0, 0]",poultry,env_water,USA:MD,water_northeast
Water_Delmarva,172,172,795,521,1.0,0.0,SAMN06848351,"serotype=Bareilly,""antigen_formula=7:y:1,5""",70502.0,70502.0,70502.0,USA:MD,Non-Tidal Freshwater River,non tidal fresh water river,environmental-water,2016.0,"[0.913, 0.034, 0.053]","[172, 173, 190, 521, 621, 779, 791, 795, 796, 796, 796]","[0, 0, 0, 2, 0, 0, 0, 1, 2, 1, 0]",wild animal,env_water,USA:MD,water_northeast
Water_Delmarva,76,76,803,540,1.0,0.0,SAMN06848355,"serotype=Bareilly,""antigen_formula=7:y:1,5""",70498.0,70498.0,70498.0,USA:MD,environmental-water; tidal freshwater,tidal freshwater,environmental-water,2016.0,"[0.888, 0.046, 0.066]","[76, 156, 212, 540, 635, 787, 801, 803, 803, 803, 803]","[0, 0, 0, 2, 0, 0, 0, 1, 0, 2, 2]",wild animal,env_water,USA:MD,water_northeast
Water_Delmarva,171,171,794,520,1.0,0.0,SAMN06848347,"serotype=Bareilly,""antigen_formula=7:y:1,5""",70502.0,70502.0,70502.0,USA:MD,Non-Tidal Freshwater River,non tidal fresh water river,environmental-water,2016.0,"[0.913, 0.034, 0.053]","[171, 172, 189, 520, 620, 778, 790, 794, 795, 795, 795]","[0, 0, 0, 2, 0, 0, 0, 1, 2, 1, 0]",wild animal,env_water,USA:MD,water_northeast
Water_Delmarva,76,76,803,540,1.0,0.0,SAMN06848357,"serotype=Bareilly,""antigen_formula=7:y:1,5""",70498.0,70498.0,70498.0,USA:MD,environmental-water; tidal freshwater,tidal freshwater,environmental-water,2016.0,"[0.888, 0.046, 0.066]","[76, 156, 212, 540, 635, 787, 801, 803, 803, 803, 803]","[0, 0, 0, 2, 0, 0, 0, 1, 0, 2, 2]",wild animal,env_water,USA:MD,water_northeast
Water_Delmarva,171,171,794,520,1.0,0.0,SAMN06848440,"serotype=Bareilly,""antigen_formula=7:y:1,5""",70502.0,70502.0,70502.0,USA:MD,Non-Tidal Freshwater River,non tidal fresh water river,environmental-water,2016.0,"[0.913, 0.034, 0.053]","[171, 172, 189, 520, 620, 778, 790, 794, 795, 795, 795]","[0, 0, 0, 2, 0, 0, 0, 1, 2, 1, 0]",wild animal,env_water,USA:MD,water_northeast
Water_Delmarva,73,73,805,541,1.0,0.0,SAMN06848356,"serotype=Bareilly,""antigen_formula=7:y:1,5""",70521.0,70521.0,28826.0,USA:MD,environmental-water; tidal freshwater,tidal freshwater,environmental-water,2016.0,"[0.889, 0.046, 0.065]","[73, 152, 207, 541, 630, 789, 803, 805, 805, 805, 805]","[0, 0, 0, 2, 0, 0, 0, 0, 1, 2, 1]",wild animal,env_water,USA:MD,water_northeast
Water_Delmarva,2066,2464,2066,2465,0.5,0.0,SAMN06848359,"serotype=IV 43:z4,z23:-,""antigen_formula=43:z4,z23:-""",70519.0,70519.0,70519.0,USA:MD,environmental-water; tidal freshwater,tidal freshwater,environmental-water,2016.0,"[0.473, 0.363, 0.163]","[2066, 2465, 2464, 2465, 2467, 2488, 2488, 2955, 2958, 2960, 2962]","[1, 2, 0, 1, 1, 0, 0, 0, 1, 0, 1]",wild animal,env_water,USA:MD,water_northeast
Water_Delmarva,7,7,10,18,0.7,0.0,SAMN06848292,"serotype=Thompson,""antigen_formula=7:k:1,5""",70563.0,119.0,119.0,USA:MD,Non-Tidal Freshwater River,non tidal fresh water river,environmental-water,2016.0,"[0.869, 0.065, 0.065]","[7, 7, 8, 10, 10, 10, 10, 10, 10, 10, 10]","[0, 0, 0, 1, 1, 1, 1, 1, 1, 1, 1]",bovine,env_water,USA:MD,water_northeast
Water_Delmarva,7,7,10,18,0.7,0.0,SAMN06848290,"serotype=Thompson,""antigen_formula=7:k:1,5""",70563.0,119.0,119.0,USA:MD,Non-Tidal Freshwater River,non tidal fresh water river,environmental-water,2016.0,"[0.869, 0.065, 0.065]","[7, 7, 8, 10, 10, 10, 10, 10, 10, 10, 10]","[0, 0, 0, 1, 1, 1, 1, 1, 1, 1, 1]",bovine,env_water,USA:MD,water_northeast
Water_Delmarva,200,200,818,553,1.0,0.0,SAMN06848296,"serotype=Bareilly,""antigen_formula=7:y:1,5""",69766.0,69766.0,69766.0,USA:MD,environmental-water; water pond,water pond,environmental-water,2016.0,"[0.908, 0.036, 0.056]","[200, 222, 234, 553, 645, 804, 818, 818, 819, 819, 819]","[0, 0, 0, 2, 0, 0, 1, 0, 0, 2, 1]",wild animal,env_water,USA:MD,water_northeast
Water_Delmarva,200,200,818,553,1.0,0.0,SAMN06848297,"serotype=Bareilly,""antigen_formula=7:y:1,5""",69766.0,69766.0,69766.0,USA:MD,environmental-water; water pond,water pond,environmental-water,2016.0,"[0.908, 0.036, 0.056]","[200, 222, 234, 553, 645, 804, 818, 818, 819, 819, 819]","[0, 0, 0, 2, 0, 0, 1, 0, 0, 2, 1]",wild animal,env_water,USA:MD,water_northeast
Water_Delmarva,7,7,10,17,0.7,0.0,SAMN06848286,"serotype=Thompson,""antigen_formula=7:k:1,5""",70563.0,119.0,119.0,USA:MD,Non-Tidal Freshwater River,non tidal fresh water river,environmental-water,2016.0,"[0.869, 0.065, 0.065]","[7, 7, 8, 10, 10, 10, 10, 10, 10, 10, 10]","[0, 0, 0, 1, 1, 1, 1, 1, 1, 1, 1]",bovine,env_water,USA:MD,water_northeast
Water_Delmarva,7,7,10,18,0.7,0.0,SAMN06848287,"serotype=Thompson,""antigen_formula=7:k:1,5""",70563.0,119.0,119.0,USA:MD,Non-Tidal Freshwater River,non tidal fresh water river,environmental-water,2016.0,"[0.869, 0.065, 0.065]","[7, 7, 8, 10, 10, 10, 10, 10, 10, 10, 10]","[0, 0, 0, 1, 1, 1, 1, 1, 1, 1, 1]",bovine,env_water,USA:MD,water_northeast
Water_Delmarva,8,8,11,19,0.68,0.0,SAMN06848288,"serotype=Thompson,""antigen_formula=7:k:1,5""",70563.0,119.0,119.0,USA:MD,Non-Tidal Freshwater River,non tidal fresh water river,environmental-water,2016.0,"[0.869, 0.065, 0.065]","[8, 8, 9, 11, 11, 11, 11, 11, 11, 11, 11]","[0, 0, 0, 1, 1, 1, 1, 1, 1, 1, 1]",bovine,env_water,USA:MD,water_northeast
Water_Delmarva,7,7,10,18,0.7,0.0,SAMN06848291,"serotype=Thompson,""antigen_formula=7:k:1,5""",70563.0,119.0,119.0,USA:MD,Non-Tidal Freshwater River,non tidal fresh water river,environmental-water,2016.0,"[0.869, 0.065, 0.065]","[7, 7, 8, 10, 10, 10, 10, 10, 10, 10, 10]","[0, 0, 0, 1, 1, 1, 1, 1, 1, 1, 1]",bovine,env_water,USA:MD,water_northeast
Water_Delmarva,7,7,10,18,0.7,0.0,SAMN06848289,"serotype=Thompson,""antigen_formula=7:k:1,5""",70563.0,119.0,119.0,USA:MD,Non-Tidal Freshwater River,non tidal fresh water river,environmental-water,2016.0,"[0.869, 0.065, 0.065]","[7, 7, 8, 10, 10, 10, 10, 10, 10, 10, 10]","[0, 0, 0, 1, 1, 1, 1, 1, 1, 1, 1]",bovine,env_water,USA:MD,water_northeast
Water_Delmarva,9,9,12,20,0.66,0.0,SAMN06848293,"serotype=Thompson,""antigen_formula=7:k:1,5""",70563.0,119.0,119.0,USA:MD,Non-Tidal Freshwater River,non tidal fresh water river,environmental-water,2016.0,"[0.869, 0.065, 0.065]","[9, 9, 10, 12, 12, 12, 12, 12, 12, 12, 12]","[0, 0, 0, 1, 1, 1, 1, 1, 1, 1, 1]",bovine,env_water,USA:MD,water_northeast
Water_Delmarva,4,8,4,384,0.95,1.0,SAMN06848496,"serotype=Newport,""antigen_formula=8:e,h:1,2""",122.0,122.0,122.0,USA:MD,environmental-water; water pond,water pond,environmental-water,2016.0,"[0.036, 0.955, 0.008]","[4, 4, 4, 5, 5, 6, 6, 8, 9, 10, 23]","[1, 1, 1, 1, 1, 1, 1, 0, 1, 0, 0]",poultry,env_water,USA:MD,water_northeast
Water_Delmarva,4,8,4,384,0.95,1.0,SAMN06848495,,122.0,122.0,122.0,USA:MD,environmental-water; water pond,water pond,environmental-water,2016.0,"[0.036, 0.955, 0.008]","[4, 4, 4, 5, 5, 6, 6, 8, 9, 10, 23]","[1, 1, 1, 1, 1, 1, 1, 0, 1, 0, 0]",poultry,env_water,USA:MD,water_northeast
Water_Delmarva,4,8,4,384,0.95,1.0,SAMN06848491,"serotype=Newport,""antigen_formula=8:e,h:1,2""",122.0,122.0,122.0,USA:MD,environmental-water; water pond,water pond,environmental-water,2016.0,"[0.036, 0.955, 0.008]","[4, 4, 4, 5, 5, 6, 6, 8, 9, 10, 23]","[1, 1, 1, 1, 1, 1, 1, 0, 1, 0, 0]",poultry,env_water,USA:MD,water_northeast
Water_Delmarva,4,8,4,384,0.95,1.0,SAMN06848436,"serotype=Newport,""antigen_formula=8:e,h:1,2""",122.0,122.0,122.0,USA:MD,environmental-water; water pond,water pond,environmental-water,2016.0,"[0.036, 0.955, 0.008]","[4, 4, 4, 5, 5, 6, 6, 8, 9, 10, 23]","[1, 1, 1, 1, 1, 1, 1, 0, 1, 0, 0]",poultry,env_water,USA:MD,water_northeast
Water_Delmarva,4,8,4,384,0.95,1.0,SAMN06848490,"serotype=Newport,""antigen_formula=8:e,h:1,2""",122.0,122.0,122.0,USA:MD,environmental-water; water pond,water pond,environmental-water,2016.0,"[0.036, 0.955, 0.008]","[4, 4, 4, 5, 5, 6, 6, 8, 9, 10, 23]","[1, 1, 1, 1, 1, 1, 1, 0, 1, 0, 0]",poultry,env_water,USA:MD,water_northeast
Water_Delmarva,4,8,4,384,0.95,1.0,SAMN06848492,"serotype=Newport,""antigen_formula=8:e,h:1,2""",122.0,122.0,122.0,USA:MD,environmental-water; water pond,water pond,environmental-water,2016.0,"[0.036, 0.955, 0.008]","[4, 4, 4, 5, 5, 6, 6, 8, 9, 10, 23]","[1, 1, 1, 1, 1, 1, 1, 0, 1, 0, 0]",poultry,env_water,USA:MD,water_northeast
Water_Delmarva,4,8,4,384,0.95,1.0,SAMN06848438,"serotype=Newport,""antigen_formula=8:e,h:1,2""",122.0,122.0,122.0,USA:MD,environmental-water; water pond,water pond,environmental-water,2016.0,"[0.036, 0.955, 0.008]","[4, 4, 4, 5, 5, 6, 6, 8, 9, 10, 23]","[1, 1, 1, 1, 1, 1, 1, 0, 1, 0, 0]",poultry,env_water,USA:MD,water_northeast
Water_Delmarva,4,8,4,384,0.95,1.0,SAMN06848437,"serotype=Newport,""antigen_formula=8:e,h:1,2""",122.0,122.0,122.0,USA:MD,environmental-water; water pond,water pond,environmental-water,2016.0,"[0.036, 0.955, 0.008]","[4, 4, 4, 5, 5, 6, 6, 8, 9, 10, 23]","[1, 1, 1, 1, 1, 1, 1, 0, 1, 0, 0]",poultry,env_water,USA:MD,water_northeast
Water_Delmarva,4,8,4,384,0.95,1.0,SAMN06848489,"serotype=Newport,""antigen_formula=8:e,h:1,2""",122.0,122.0,122.0,USA:MD,environmental-water; water pond,water pond,environmental-water,2016.0,"[0.036, 0.955, 0.008]","[4, 4, 4, 5, 5, 6, 6, 8, 9, 10, 23]","[1, 1, 1, 1, 1, 1, 1, 0, 1, 0, 0]",poultry,env_water,USA:MD,water_northeast
Water_Delmarva,5,9,5,385,0.92,1.0,SAMN06848493,"serotype=Newport,""antigen_formula=8:e,h:1,2""",122.0,122.0,122.0,USA:MD,environmental-water; water pond,water pond,environmental-water,2016.0,"[0.036, 0.955, 0.008]","[5, 5, 5, 6, 6, 7, 7, 9, 10, 11, 24]","[1, 1, 1, 1, 1, 1, 1, 0, 1, 0, 0]",poultry,env_water,USA:MD,water_northeast
Water_Delmarva,217,217,971,980,0.54,0.0,SAMN06848473,"serotype=Norwich,""antigen_formula=7:e,h:1,6""",69765.0,69765.0,69765.0,USA:MD,environmental-water; non tidal freshwater,non tidal freshwater,environmental-water,2016.0,"[0.615, 0.193, 0.192]","[217, 901, 969, 971, 971, 971, 971, 971, 979, 980, 980]","[0, 0, 0, 0, 0, 0, 0, 1, 0, 1, 0]",wild animal,env_water,USA:MD,water_northeast
Water_Delmarva,217,217,970,979,0.54,0.0,SAMN06848486,"serotype=Norwich,""antigen_formula=7:e,h:1,6""",69765.0,69765.0,69765.0,USA:MD,environmental-water; non tidal freshwater,non tidal freshwater,environmental-water,2016.0,"[0.615, 0.193, 0.192]","[217, 901, 968, 970, 970, 970, 970, 970, 978, 979, 979]","[0, 0, 0, 0, 0, 0, 0, 1, 0, 1, 2]",wild animal,env_water,USA:MD,water_northeast
Water_Delmarva,217,217,970,979,0.54,0.0,SAMN06848487,"serotype=Norwich,""antigen_formula=7:e,h:1,6""",69765.0,69765.0,69765.0,USA:MD,environmental-water; non tidal freshwater,non tidal freshwater,environmental-water,2016.0,"[0.615, 0.193, 0.192]","[217, 901, 968, 970, 970, 970, 970, 970, 978, 979, 979]","[0, 0, 0, 0, 0, 0, 0, 1, 0, 1, 0]",wild animal,env_water,USA:MD,water_northeast
Water_Delmarva,4,8,4,384,0.95,1.0,SAMN06848494,"serotype=Newport,""antigen_formula=8:e,h:1,2""",122.0,122.0,122.0,USA:MD,environmental-water; water pond,water pond,environmental-water,2016.0,"[0.036, 0.955, 0.008]","[4, 4, 4, 5, 5, 6, 6, 8, 9, 10, 23]","[1, 1, 1, 1, 1, 1, 1, 0, 1, 0, 0]",poultry,env_water,USA:MD,water_northeast
Water_Delmarva,217,217,971,980,0.54,0.0,SAMN06848484,"serotype=Norwich,""antigen_formula=7:e,h:1,6""",69765.0,69765.0,69765.0,USA:MD,environmental-water; non tidal freshwater,non tidal freshwater,environmental-water,2016.0,"[0.615, 0.193, 0.192]","[217, 901, 969, 971, 971, 971, 971, 971, 979, 980, 980]","[0, 0, 0, 0, 0, 0, 0, 1, 0, 1, 0]",wild animal,env_water,USA:MD,water_northeast
Water_Delmarva,218,218,972,981,0.54,0.0,SAMN06848480,"serotype=Norwich,""antigen_formula=7:e,h:1,6""",69765.0,69765.0,69765.0,USA:MD,environmental-water; non tidal freshwater,non tidal freshwater,environmental-water,2016.0,"[0.615, 0.193, 0.192]","[218, 903, 970, 972, 972, 972, 972, 972, 980, 981, 981]","[0, 0, 0, 0, 0, 0, 0, 1, 0, 1, 2]",wild animal,env_water,USA:MD,water_northeast
Water_Delmarva,217,217,970,979,0.54,0.0,SAMN06848488,"serotype=Norwich,""antigen_formula=7:e,h:1,6""",69765.0,69765.0,69765.0,USA:MD,environmental-water; non tidal freshwater,non tidal freshwater,environmental-water,2016.0,"[0.615, 0.193, 0.192]","[217, 901, 968, 970, 970, 970, 970, 970, 978, 979, 979]","[0, 0, 0, 0, 0, 0, 0, 1, 0, 1, 0]",wild animal,env_water,USA:MD,water_northeast
Water_Delmarva,217,217,971,980,0.54,0.0,SAMN06848485,"serotype=Norwich,""antigen_formula=7:e,h:1,6""",69765.0,69765.0,69765.0,USA:MD,environmental-water; non tidal freshwater,non tidal freshwater,environmental-water,2016.0,"[0.615, 0.193, 0.192]","[217, 901, 969, 971, 971, 971, 971, 971, 979, 980, 980]","[0, 0, 0, 0, 0, 0, 0, 1, 0, 1, 0]",wild animal,env_water,USA:MD,water_northeast
Water_Delmarva,217,217,970,979,0.54,0.0,SAMN06848472,"serotype=Norwich,""antigen_formula=7:e,h:1,6""",69765.0,69765.0,69765.0,USA:MD,environmental-water; non tidal freshwater,non tidal freshwater,environmental-water,2016.0,"[0.615, 0.193, 0.192]","[217, 901, 968, 970, 970, 970, 970, 970, 978, 979, 979]","[0, 0, 0, 0, 0, 0, 0, 1, 0, 1, 0]",wild animal,env_water,USA:MD,water_northeast
Water_Delmarva,217,217,971,980,0.54,0.0,SAMN06848481,"serotype=Norwich,""antigen_formula=7:e,h:1,6""",69765.0,69765.0,69765.0,USA:MD,environmental-water; non tidal freshwater,non tidal freshwater,environmental-water,2016.0,"[0.615, 0.193, 0.192]","[217, 901, 969, 971, 971, 971, 971, 971, 979, 980, 980]","[0, 0, 0, 0, 0, 0, 0, 1, 0, 1, 0]",wild animal,env_water,USA:MD,water_northeast
Water_Delmarva,217,217,971,980,0.54,0.0,SAMN06848476,"serotype=Norwich,""antigen_formula=7:e,h:1,6""",69765.0,69765.0,69765.0,USA:MD,environmental-water; non tidal freshwater,non tidal freshwater,environmental-water,2016.0,"[0.615, 0.193, 0.192]","[217, 901, 969, 971, 971, 971, 971, 971, 979, 980, 980]","[0, 0, 0, 0, 0, 0, 0, 1, 0, 1, 0]",wild animal,env_water,USA:MD,water_northeast
Water_Delmarva,217,217,971,980,0.54,0.0,SAMN06848482,"serotype=Norwich,""antigen_formula=7:e,h:1,6""",69765.0,69765.0,69765.0,USA:MD,environmental-water; non tidal freshwater,non tidal freshwater,environmental-water,2016.0,"[0.615, 0.193, 0.192]","[217, 901, 969, 971, 971, 971, 971, 971, 979, 980, 980]","[0, 0, 0, 0, 0, 0, 0, 1, 0, 1, 0]",wild animal,env_water,USA:MD,water_northeast
Water_Delmarva,217,217,971,980,0.54,0.0,SAMN06848483,"serotype=Norwich,""antigen_formula=7:e,h:1,6""",69765.0,69765.0,69765.0,USA:MD,environmental-water; non tidal freshwater,non tidal freshwater,environmental-water,2016.0,"[0.615, 0.193, 0.192]","[217, 901, 969, 971, 971, 971, 971, 971, 979, 980, 980]","[0, 0, 0, 0, 0, 0, 0, 1, 0, 1, 0]",wild animal,env_water,USA:MD,water_northeast
Water_Delmarva,217,217,971,980,0.54,0.0,SAMN06848474,"serotype=Norwich,""antigen_formula=7:e,h:1,6""",69765.0,69765.0,69765.0,USA:MD,environmental-water; non tidal freshwater,non tidal freshwater,environmental-water,2016.0,"[0.615, 0.193, 0.192]","[217, 901, 969, 971, 971, 971, 971, 971, 979, 980, 980]","[0, 0, 0, 0, 0, 0, 0, 1, 0, 1, 0]",wild animal,env_water,USA:MD,water_northeast
Water_Delmarva,217,217,971,980,0.54,0.0,SAMN06848478,"serotype=Norwich,""antigen_formula=7:e,h:1,6""",69765.0,69765.0,69765.0,USA:MD,environmental-water; non tidal freshwater,non tidal freshwater,environmental-water,2016.0,"[0.615, 0.193, 0.192]","[217, 901, 969, 971, 971, 971, 971, 971, 979, 980, 980]","[0, 0, 0, 0, 0, 0, 0, 1, 0, 1, 0]",wild animal,env_water,USA:MD,water_northeast
Water_Delmarva,217,217,971,980,0.54,0.0,SAMN06848475,"serotype=Norwich,""antigen_formula=7:e,h:1,6""",69765.0,69765.0,69765.0,USA:MD,environmental-water; non tidal freshwater,non tidal freshwater,environmental-water,2016.0,"[0.615, 0.193, 0.192]","[217, 901, 969, 971, 971, 971, 971, 971, 979, 980, 980]","[0, 0, 0, 0, 0, 0, 0, 1, 0, 1, 0]",wild animal,env_water,USA:MD,water_northeast
Water_Delmarva,217,217,971,980,0.54,0.0,SAMN06848477,"serotype=Norwich,""antigen_formula=7:e,h:1,6""",69765.0,69765.0,69765.0,USA:MD,environmental-water; non tidal freshwater,non tidal freshwater,environmental-water,2016.0,"[0.615, 0.193, 0.192]","[217, 901, 969, 971, 971, 971, 971, 971, 979, 980, 980]","[0, 0, 0, 0, 0, 0, 0, 1, 0, 1, 0]",wild animal,env_water,USA:MD,water_northeast
Water_Delmarva,77,77,77,77,0.49,0.0,SAMN06563877,"serotype=Norwich,""antigen_formula=7:e,h:1,6""",639.0,639.0,639.0,USA:VA,water,water,environmental-water,2016.0,"[0.462, 0.386, 0.152]","[77, 77, 77, 77, 77, 78, 120, 124, 125, 125, 125]","[1, 1, 2, 0, 1, 0, 0, 0, 0, 0, 1]",wild animal,env_water,USA:VA,water_appalachian
Water_Delmarva,200,200,818,553,1.0,0.0,SAMN06848299,"serotype=Bareilly,""antigen_formula=7:y:1,5""",69766.0,69766.0,69766.0,USA:MD,environmental-water; water pond,water pond,environmental-water,2016.0,"[0.908, 0.036, 0.056]","[200, 222, 234, 553, 645, 804, 818, 818, 819, 819, 819]","[0, 0, 0, 2, 0, 0, 1, 0, 0, 2, 1]",wild animal,env_water,USA:MD,water_northeast
Water_Delmarva,203,203,820,556,1.0,0.0,SAMN06848298,"serotype=Bareilly,""antigen_formula=7:y:1,5""",69766.0,69766.0,69766.0,USA:MD,environmental-water; water pond,water pond,environmental-water,2016.0,"[0.908, 0.036, 0.056]","[203, 225, 237, 556, 648, 806, 820, 820, 821, 821, 821]","[0, 0, 0, 2, 0, 0, 1, 0, 0, 2, 1]",wild animal,env_water,USA:MD,water_northeast
Water_Delmarva,200,200,818,553,1.0,0.0,SAMN06848300,"serotype=Bareilly,""antigen_formula=7:y:1,5""",69766.0,69766.0,69766.0,USA:MD,environmental-water; water pond,water pond,environmental-water,2016.0,"[0.908, 0.036, 0.056]","[200, 222, 234, 553, 645, 804, 818, 818, 819, 819, 819]","[0, 0, 0, 2, 0, 0, 1, 0, 0, 2, 1]",wild animal,env_water,USA:MD,water_northeast
Water_Delmarva,165,165,793,519,1.0,0.0,SAMN06848301,"serotype=Bareilly,""antigen_formula=7:y:1,5""",69780.0,69780.0,69780.0,USA:MD,environmental-water; water pond,water pond,environmental-water,2016.0,"[0.913, 0.034, 0.053]","[165, 167, 181, 519, 618, 778, 788, 793, 794, 794, 794]","[0, 0, 0, 2, 0, 0, 0, 1, 1, 0, 2]",wild animal,env_water,USA:MD,water_northeast
Water_Delmarva,201,201,818,553,1.0,0.0,SAMN06848295,"serotype=Bareilly,""antigen_formula=7:y:1,5""",69766.0,69766.0,69766.0,USA:MD,environmental-water; water pond,water pond,environmental-water,2016.0,"[0.908, 0.036, 0.056]","[201, 223, 235, 553, 645, 804, 818, 818, 819, 819, 819]","[0, 0, 0, 2, 0, 0, 1, 0, 0, 2, 1]",wild animal,env_water,USA:MD,water_northeast
Water_Delmarva,200,200,817,553,1.0,0.0,SAMN06848294,"serotype=Bareilly,""antigen_formula=7:y:1,5""",69766.0,69766.0,69766.0,USA:MD,environmental-water; water pond,water pond,environmental-water,2016.0,"[0.908, 0.036, 0.056]","[200, 222, 234, 553, 645, 803, 817, 817, 818, 818, 818]","[0, 0, 0, 2, 0, 0, 1, 0, 0, 1, 0]",wild animal,env_water,USA:MD,water_northeast
Water_Delmarva,1,39,1,17,1.0,1.0,SAMN06848371,"serotype=Litchfield,""antigen_formula=8:l,v:1,2""",70492.0,10507.0,10507.0,USA:MD,environmental-water; tidal freshwater,tidal freshwater,environmental-water,2016.0,"[0.041, 0.919, 0.041]","[1, 3, 3, 3, 3, 3, 3, 3, 4, 4, 5]","[1, 1, 1, 1, 1, 1, 1, 1, 1, 1, 1]",poultry,env_water,USA:MD,water_northeast
Water_Delmarva,188,188,807,545,1.0,0.0,SAMN06848370,"serotype=Bareilly,""antigen_formula=7:y:1,5""",70878.0,70878.0,70878.0,USA:MD,environmental-water; tidal freshwater,tidal freshwater,environmental-water,2016.0,"[0.907, 0.037, 0.056]","[188, 211, 220, 545, 641, 793, 805, 807, 807, 807, 807]","[0, 0, 0, 2, 0, 0, 0, 0, 2, 1, 1]",wild animal,env_water,USA:MD,water_northeast
Water_Delmarva,1,39,1,17,1.0,1.0,SAMN06848360,"serotype=Litchfield,""antigen_formula=8:l,v:1,2""",70492.0,10507.0,10507.0,USA:MD,environmental-water; tidal freshwater,tidal freshwater,environmental-water,2016.0,"[0.041, 0.919, 0.041]","[1, 3, 3, 3, 3, 3, 3, 3, 4, 4, 5]","[1, 1, 1, 1, 1, 1, 1, 1, 1, 1, 1]",poultry,env_water,USA:MD,water_northeast
Water_Delmarva,2066,2464,2066,2465,0.5,0.0,SAMN06848363,"serotype=IV 43:z4,z23:-,""antigen_formula=43:z4,z23:-""",70519.0,70519.0,70519.0,USA:MD,environmental-water; tidal freshwater,tidal freshwater,environmental-water,2016.0,"[0.473, 0.363, 0.163]","[2066, 2465, 2464, 2465, 2467, 2488, 2488, 2955, 2958, 2960, 2962]","[1, 2, 0, 1, 1, 0, 0, 0, 1, 0, 1]",wild animal,env_water,USA:MD,water_northeast
Water_Delmarva,2066,2464,2066,2465,0.5,0.0,SAMN06848361,"serotype=IV 43:z4,z23:-,""antigen_formula=43:z4,z23:-""",70519.0,70519.0,70519.0,USA:MD,environmental-water; tidal freshwater,tidal freshwater,environmental-water,2016.0,"[0.473, 0.363, 0.163]","[2066, 2465, 2464, 2465, 2467, 2488, 2488, 2955, 2958, 2960, 2962]","[1, 2, 0, 1, 1, 0, 0, 0, 1, 0, 1]",wild animal,env_water,USA:MD,water_northeast
Water_Delmarva,188,188,807,545,1.0,0.0,SAMN06841306,"serotype=Bareilly,""antigen_formula=7:y:1,5""",70878.0,70878.0,70878.0,USA:MD,environmental-water; tidal freshwater,tidal freshwater,environmental-water,2016.0,"[0.907, 0.037, 0.056]","[188, 211, 220, 545, 641, 793, 805, 807, 807, 807, 807]","[0, 0, 0, 2, 0, 0, 0, 0, 2, 1, 1]",wild animal,env_water,USA:MD,water_northeast
Water_Delmarva,188,188,807,545,1.0,0.0,SAMN06848345,"serotype=Bareilly,""antigen_formula=7:y:1,5""",70878.0,70878.0,70878.0,USA:MD,environmental-water; tidal freshwater,tidal freshwater,environmental-water,2016.0,"[0.907, 0.037, 0.056]","[188, 211, 220, 545, 641, 793, 805, 807, 807, 807, 807]","[0, 0, 0, 2, 0, 0, 0, 0, 2, 1, 1]",wild animal,env_water,USA:MD,water_northeast
Water_Delmarva,2,40,2,18,1.0,1.0,SAMN06848372,"serotype=Litchfield,""antigen_formula=8:l,v:1,2""",70492.0,10507.0,10507.0,USA:MD,environmental-water; tidal freshwater,tidal freshwater,environmental-water,2016.0,"[0.101, 0.798, 0.101]","[2, 4, 4, 4, 4, 4, 4, 4, 5, 5, 5]","[1, 1, 1, 1, 1, 1, 1, 1, 1, 1, 1]",poultry,env_water,USA:MD,water_northeast
Water_Delmarva,1,39,1,17,1.0,1.0,SAMN06848346,"serotype=Litchfield,""antigen_formula=8:l,v:1,2""",70492.0,10507.0,10507.0,USA:MD,environmental-water; tidal freshwater,tidal freshwater,environmental-water,2016.0,"[0.041, 0.919, 0.041]","[1, 3, 3, 3, 3, 3, 3, 3, 4, 4, 5]","[1, 1, 1, 1, 1, 1, 1, 1, 1, 1, 1]",poultry,env_water,USA:MD,water_northeast
Water_Delmarva,1,39,1,17,1.0,1.0,SAMN06848362,"serotype=Litchfield,""antigen_formula=8:l,v:1,2""",70492.0,10507.0,10507.0,USA:MD,environmental-water; tidal freshwater,tidal freshwater,environmental-water,2016.0,"[0.041, 0.919, 0.041]","[1, 3, 3, 3, 3, 3, 3, 3, 4, 4, 5]","[1, 1, 1, 1, 1, 1, 1, 1, 1, 1, 1]",poultry,env_water,USA:MD,water_northeast
Water_Delmarva,73,73,806,542,1.0,0.0,SAMN06848367,"serotype=Bareilly,""antigen_formula=7:y:1,5""",70521.0,70521.0,28826.0,USA:MD,environmental-water; tidal freshwater,tidal freshwater,environmental-water,2016.0,"[0.889, 0.046, 0.065]","[73, 152, 208, 542, 631, 790, 804, 806, 806, 806, 806]","[0, 0, 0, 2, 0, 0, 0, 2, 0, 2, 1]",wild animal,env_water,USA:MD,water_northeast
Water_Delmarva,76,76,803,540,1.0,0.0,SAMN06848364,"serotype=Bareilly,""antigen_formula=7:y:1,5""",70498.0,70498.0,70498.0,USA:MD,environmental-water; tidal freshwater,tidal freshwater,environmental-water,2016.0,"[0.888, 0.046, 0.066]","[76, 156, 212, 540, 635, 787, 801, 803, 803, 803, 803]","[0, 0, 0, 2, 0, 0, 0, 1, 0, 2, 2]",wild animal,env_water,USA:MD,water_northeast
Water_Delmarva,76,76,803,540,1.0,0.0,SAMN06848366,"serotype=Bareilly,""antigen_formula=7:y:1,5""",70498.0,70498.0,70498.0,USA:MD,environmental-water; tidal freshwater,tidal freshwater,environmental-water,2016.0,"[0.888, 0.046, 0.066]","[76, 156, 212, 540, 635, 787, 801, 803, 803, 803, 803]","[0, 0, 0, 2, 0, 0, 0, 1, 0, 2, 2]",wild animal,env_water,USA:MD,water_northeast
Water_Delmarva,73,73,806,542,1.0,0.0,SAMN06848365,"serotype=Bareilly,""antigen_formula=7:y:1,5""",70521.0,70521.0,28826.0,USA:MD,environmental-water; tidal freshwater,tidal freshwater,environmental-water,2016.0,"[0.889, 0.046, 0.065]","[73, 152, 208, 542, 631, 790, 804, 806, 806, 806, 806]","[0, 0, 0, 2, 0, 0, 0, 2, 0, 2, 1]",wild animal,env_water,USA:MD,water_northeast
Water_Delmarva,76,76,803,540,1.0,0.0,SAMN06848368,"serotype=Bareilly,""antigen_formula=7:y:1,5""",70498.0,70498.0,70498.0,USA:MD,environmental-water; tidal freshwater,tidal freshwater,environmental-water,2016.0,"[0.888, 0.046, 0.066]","[76, 156, 212, 540, 635, 787, 801, 803, 803, 803, 803]","[0, 0, 0, 2, 0, 0, 0, 1, 0, 2, 2]",wild animal,env_water,USA:MD,water_northeast
Water_Delmarva,73,73,806,542,1.0,0.0,SAMN06848369,"serotype=Bareilly,""antigen_formula=7:y:1,5""",70521.0,70521.0,28826.0,USA:MD,environmental-water; tidal freshwater,tidal freshwater,environmental-water,2016.0,"[0.889, 0.046, 0.065]","[73, 152, 208, 542, 631, 790, 804, 806, 806, 806, 806]","[0, 0, 0, 2, 0, 0, 0, 2, 0, 2, 1]",wild animal,env_water,USA:MD,water_northeast
Water_Delmarva,1,6,1,20,1.0,1.0,SAMN06115659,"serotype=Thompson,""antigen_formula=7:k:1,5""",56027.0,119.0,119.0,USA:DE,water,water,environmental-water,2016.0,"[0.07, 0.86, 0.07]","[1, 2, 3, 4, 4, 5, 5, 5, 5, 6, 6]","[1, 1, 1, 1, 1, 1, 1, 1, 1, 0, 1]",poultry,env_water,USA:DE,water_northeast
Water_Delmarva,2,7,2,21,1.0,1.0,SAMN06115658,"serotype=Thompson,""antigen_formula=7:k:1,5""",56027.0,119.0,119.0,USA:DE,water,water,environmental-water,2016.0,"[0.07, 0.86, 0.07]","[2, 3, 4, 5, 5, 6, 6, 6, 6, 7, 7]","[1, 1, 1, 1, 1, 1, 1, 1, 1, 0, 1]",poultry,env_water,USA:DE,water_northeast
Water_Delmarva,1,6,1,20,1.0,1.0,SAMN06115657,"serotype=Thompson,""antigen_formula=7:k:1,5""",56027.0,119.0,119.0,USA:DE,water,water,environmental-water,2016.0,"[0.07, 0.86, 0.07]","[1, 2, 3, 4, 4, 5, 5, 5, 5, 6, 6]","[1, 1, 1, 1, 1, 1, 1, 1, 1, 0, 1]",poultry,env_water,USA:DE,water_northeast
Water_Delmarva,1,6,1,20,1.0,1.0,SAMN06115668,"serotype=Thompson,""antigen_formula=7:k:1,5""",56027.0,119.0,119.0,USA:DE,water,water,environmental-water,2016.0,"[0.07, 0.86, 0.07]","[1, 2, 3, 4, 4, 5, 5, 5, 5, 6, 6]","[1, 1, 1, 1, 1, 1, 1, 1, 1, 0, 1]",poultry,env_water,USA:DE,water_northeast
Water_Delmarva,33,37,33,44,0.54,0.0,SAMN06115664,"serotype=Newport,""antigen_formula=8:e,h:1,2""",9349.0,9349.0,9349.0,USA:DE,water,water,environmental-water,2016.0,"[0.688, 0.209, 0.103]","[33, 37, 40, 40, 41, 41, 43, 44, 44, 44, 44]","[1, 0, 0, 0, 0, 0, 1, 1, 0, 2, 1]",bovine,env_water,USA:DE,water_northeast
Water_Delmarva,33,37,33,44,0.54,0.0,SAMN06115662,"serotype=Newport,""antigen_formula=8:e,h:1,2""",9349.0,9349.0,9349.0,USA:DE,water,water,environmental-water,2016.0,"[0.688, 0.209, 0.103]","[33, 37, 40, 40, 41, 41, 43, 44, 44, 44, 44]","[1, 0, 0, 0, 0, 0, 1, 1, 0, 2, 1]",bovine,env_water,USA:DE,water_northeast
Water_Delmarva,20,32,20,36,0.34,0.0,SAMN06115669,"serotype=Newport,""antigen_formula=8:e,h:1,2""",8571.0,8571.0,120.0,USA:DE,water,water,environmental-water,2016.0,"[0.498, 0.413, 0.09]","[20, 21, 27, 32, 32, 32, 33, 33, 33, 36, 38]","[1, 1, 1, 0, 0, 0, 0, 0, 0, 2, 0]",generalist,env_water,USA:DE,water_northeast
Water_Delmarva,33,37,33,44,0.54,0.0,SAMN06115661,"serotype=Newport,""antigen_formula=8:e,h:1,2""",9349.0,9349.0,9349.0,USA:DE,water,water,environmental-water,2016.0,"[0.688, 0.209, 0.103]","[33, 37, 40, 40, 41, 41, 43, 44, 44, 44, 44]","[1, 0, 0, 0, 0, 0, 1, 1, 0, 2, 1]",bovine,env_water,USA:DE,water_northeast
Water_Delmarva,33,37,33,44,0.54,0.0,SAMN06115663,"serotype=Newport,""antigen_formula=8:e,h:1,2""",9349.0,9349.0,9349.0,USA:DE,water,water,environmental-water,2016.0,"[0.688, 0.209, 0.103]","[33, 37, 40, 40, 41, 41, 43, 44, 44, 44, 44]","[1, 0, 0, 0, 0, 0, 1, 1, 0, 2, 1]",bovine,env_water,USA:DE,water_northeast
Water_Delmarva,21,33,21,37,0.34,0.0,SAMN06115696,"serotype=Newport,""antigen_formula=8:e,h:1,2""",8571.0,8571.0,120.0,USA:DE,water,water,environmental-water,2016.0,"[0.498, 0.413, 0.089]","[21, 22, 28, 33, 33, 33, 34, 34, 34, 37, 39]","[1, 1, 1, 0, 0, 0, 0, 0, 0, 2, 0]",generalist,env_water,USA:DE,water_northeast
Water_Delmarva,33,37,33,44,0.54,0.0,SAMN06115671,"serotype=Newport,""antigen_formula=8:e,h:1,2""",9349.0,9349.0,9349.0,USA:DE,water,water,environmental-water,2016.0,"[0.688, 0.209, 0.103]","[33, 37, 40, 40, 41, 41, 43, 44, 44, 44, 44]","[1, 0, 0, 0, 0, 0, 1, 1, 0, 2, 1]",bovine,env_water,USA:DE,water_northeast
Water_Delmarva,33,37,33,44,0.54,0.0,SAMN06115665,"serotype=Newport,""antigen_formula=8:e,h:1,2""",9349.0,9349.0,9349.0,USA:DE,water,water,environmental-water,2016.0,"[0.688, 0.209, 0.103]","[33, 37, 40, 40, 41, 41, 43, 44, 44, 44, 44]","[1, 0, 0, 0, 0, 0, 1, 1, 0, 2, 1]",bovine,env_water,USA:DE,water_northeast
Water_Delmarva,33,37,33,44,0.54,0.0,SAMN06115670,"serotype=Newport,""antigen_formula=8:e,h:1,2""",9349.0,9349.0,9349.0,USA:DE,water,water,environmental-water,2016.0,"[0.688, 0.209, 0.103]","[33, 37, 40, 40, 41, 41, 43, 44, 44, 44, 44]","[1, 0, 0, 0, 0, 0, 1, 1, 0, 2, 1]",bovine,env_water,USA:DE,water_northeast
Water_Delmarva,25,25,51,143,0.99,0.0,SAMN06115693,"serotype=Typhimurium,""antigen_formula=4:i:1,2""",63624.0,63624.0,39471.0,USA:DE,water,water,environmental-water,2016.0,"[0.974, 0.016, 0.01]","[25, 31, 51, 54, 62, 110, 111, 121, 143, 337, 338]","[0, 0, 1, 0, 0, 1, 0, 0, 2, 1, 1]",bovine,env_water,USA:DE,water_northeast
Water_Delmarva,25,25,51,143,0.99,0.0,SAMN06115694,"serotype=Typhimurium,""antigen_formula=4:i:1,2""",63624.0,63624.0,39471.0,USA:DE,water,water,environmental-water,2016.0,"[0.974, 0.016, 0.01]","[25, 31, 51, 54, 62, 110, 111, 121, 143, 337, 338]","[0, 0, 1, 0, 0, 1, 0, 0, 2, 1, 1]",bovine,env_water,USA:DE,water_northeast
Water_Delmarva,10,10,16,393,0.62,1.0,SAMN06115691,"serotype=Newport,""antigen_formula=8:e,h:1,2""",63586.0,122.0,122.0,USA:DE,water,water,environmental-water,2016.0,"[0.123, 0.852, 0.026]","[10, 16, 16, 16, 17, 17, 18, 18, 20, 20, 33]","[0, 1, 1, 1, 1, 1, 1, 1, 0, 1, 0]",poultry,env_water,USA:DE,water_northeast
Water_Delmarva,25,25,51,143,0.99,0.0,SAMN06115692,"serotype=Typhimurium,""antigen_formula=4:i:1,2""",63624.0,63624.0,39471.0,USA:DE,water,water,environmental-water,2016.0,"[0.974, 0.016, 0.01]","[25, 31, 51, 54, 62, 110, 111, 121, 143, 337, 338]","[0, 0, 1, 0, 0, 1, 0, 0, 2, 1, 1]",bovine,env_water,USA:DE,water_northeast
Water_Delmarva,25,25,51,143,0.99,0.0,SAMN06115695,"serotype=Typhimurium,""antigen_formula=4:i:1,2""",63624.0,63624.0,39471.0,USA:DE,water,water,environmental-water,2016.0,"[0.974, 0.016, 0.01]","[25, 31, 51, 54, 62, 110, 111, 121, 143, 337, 338]","[0, 0, 1, 0, 0, 1, 0, 0, 2, 1, 1]",bovine,env_water,USA:DE,water_northeast
Water_Delmarva,10,10,13,21,0.64,0.0,SAMN06115684,"serotype=Thompson,""antigen_formula=7:k:1,5""",72571.0,119.0,119.0,USA:DE,water,water,environmental-water,2016.0,"[0.869, 0.065, 0.065]","[10, 10, 11, 13, 13, 13, 13, 13, 13, 13, 13]","[0, 0, 0, 1, 1, 1, 1, 1, 1, 1, 1]",bovine,env_water,USA:DE,water_northeast
Water_Delmarva,2151,2151,2176,2176,0.51,0.0,SAMN06115685,"serotype=IV 44:z36,[z38]:-,""antigen_formula=44:z36,z38:-""",63796.0,63796.0,63796.0,USA:DE,water,water,environmental-water,2016.0,"[0.714, 0.19, 0.096]","[2151, 2151, 2176, 2176, 2176, 2178, 2447, 2955, 2959, 2961, 2963]","[0, 0, 2, 0, 1, 1, 1, 0, 1, 0, 1]",wild animal,env_water,USA:DE,water_northeast
Water_Delmarva,10,10,13,21,0.64,0.0,SAMN06115686,"serotype=Thompson,""antigen_formula=7:k:1,5""",72571.0,119.0,119.0,USA:DE,water,water,environmental-water,2016.0,"[0.869, 0.065, 0.065]","[10, 10, 11, 13, 13, 13, 13, 13, 13, 13, 13]","[0, 0, 0, 1, 1, 1, 1, 1, 1, 1, 1]",bovine,env_water,USA:DE,water_northeast
Water_Delmarva,10,10,16,393,0.62,1.0,SAMN06115688,"serotype=Newport,""antigen_formula=8:e,h:1,2""",63586.0,122.0,122.0,USA:DE,water,water,environmental-water,2016.0,"[0.123, 0.852, 0.026]","[10, 16, 16, 16, 17, 17, 18, 18, 20, 20, 33]","[0, 1, 1, 1, 1, 1, 1, 1, 0, 1, 0]",poultry,env_water,USA:DE,water_northeast
Water_Delmarva,10,10,16,393,0.62,1.0,SAMN06115687,"serotype=Newport,""antigen_formula=8:e,h:1,2""",63586.0,122.0,122.0,USA:DE,water,water,environmental-water,2016.0,"[0.123, 0.852, 0.026]","[10, 16, 16, 16, 17, 17, 18, 18, 20, 20, 33]","[0, 1, 1, 1, 1, 1, 1, 1, 0, 1, 0]",poultry,env_water,USA:DE,water_northeast
Water_Delmarva,10,10,16,393,0.62,1.0,SAMN06115689,"serotype=Newport,""antigen_formula=8:e,h:1,2""",63586.0,122.0,122.0,USA:DE,water,water,environmental-water,2016.0,"[0.123, 0.852, 0.026]","[10, 16, 16, 16, 17, 17, 18, 18, 20, 20, 33]","[0, 1, 1, 1, 1, 1, 1, 1, 0, 1, 0]",poultry,env_water,USA:DE,water_northeast
Water_Delmarva,10,10,16,393,0.62,1.0,SAMN06115690,"serotype=Newport,""antigen_formula=8:e,h:1,2""",63586.0,122.0,122.0,USA:DE,water,water,environmental-water,2016.0,"[0.123, 0.852, 0.026]","[10, 16, 16, 16, 17, 17, 18, 18, 20, 20, 33]","[0, 1, 1, 1, 1, 1, 1, 1, 0, 1, 0]",poultry,env_water,USA:DE,water_northeast
Water_Delmarva,2151,2151,2176,2176,0.51,0.0,SAMN06115683,"serotype=IV 44:z36,[z38]:-,""antigen_formula=44:z36,z38:-""",63796.0,63796.0,63796.0,USA:DE,water,water,environmental-water,2016.0,"[0.714, 0.19, 0.096]","[2151, 2151, 2176, 2176, 2176, 2178, 2447, 2955, 2959, 2961, 2963]","[0, 0, 2, 0, 1, 1, 1, 0, 1, 0, 1]",wild animal,env_water,USA:DE,water_northeast
Water_Delmarva,53,53,68,64,0.6,0.0,SAMN06115681,"serotype=Typhimurium,""antigen_formula=4:i:1,2""",63896.0,63896.0,63896.0,USA:MD,water,water,environmental-water,2016.0,"[0.608, 0.293, 0.099]","[53, 61, 64, 68, 74, 74, 79, 86, 104, 107, 121]","[0, 0, 2, 1, 1, 1, 1, 0, 0, 1, 0]",wild animal,env_water,USA:MD,water_northeast
Water_Delmarva,2314,2314,2313,2314,0.5,0.0,SAMN06115680,"serotype=IV [1],40:z4,z32:-,""antigen_formula=40:z4,z32:-""",63856.0,63856.0,63856.0,USA:MD,water,water,environmental-water,2016.0,"[0.673, 0.232, 0.095]","[2314, 2313, 2315, 2314, 2329, 2329, 2345, 2954, 2956, 2957, 2958]","[2, 1, 1, 0, 0, 0, 1, 0, 0, 0, 0]",wild animal,env_water,USA:MD,water_northeast
Water_Delmarva,53,53,68,64,0.6,0.0,SAMN06115679,"serotype=Typhimurium,""antigen_formula=4:i:1,2""",63896.0,63896.0,63896.0,USA:MD,water,water,environmental-water,2016.0,"[0.608, 0.293, 0.099]","[53, 61, 64, 68, 74, 74, 79, 86, 104, 107, 121]","[0, 0, 2, 1, 1, 1, 1, 0, 0, 1, 0]",wild animal,env_water,USA:MD,water_northeast
Water_Delmarva,2151,2151,2176,2175,0.51,0.0,SAMN06115682,"serotype=IV 44:z36,[z38]:-,""antigen_formula=44:z36,z38:-""",63796.0,63796.0,63796.0,USA:DE,water,water,environmental-water,2016.0,"[0.714, 0.19, 0.096]","[2151, 2151, 2175, 2175, 2176, 2177, 2447, 2954, 2958, 2960, 2962]","[0, 0, 2, 0, 1, 1, 1, 0, 1, 0, 1]",wild animal,env_water,USA:DE,water_northeast
Water_Delmarva,68,110,68,460,1.0,1.0,SAMN06848201,"serotype=Javiana,""antigen_formula=9:l,z28:1,5""",73928.0,73928.0,42654.0,USA:MD,environmental-water; non tidal freshwater,non tidal freshwater,environmental-water,2016.0,"[0.014, 0.98, 0.006]","[68, 69, 69, 69, 69, 69, 69, 70, 110, 443, 444]","[1, 1, 1, 1, 1, 1, 1, 1, 0, 1, 1]",wild animal,env_water,USA:MD,water_northeast
Water_Delmarva,69,111,69,460,1.0,1.0,SAMN06848331,"serotype=Javiana,""antigen_formula=9:l,z28:1,5""",73928.0,73928.0,42654.0,USA:MD,environmental-water; non tidal freshwater,non tidal freshwater,environmental-water,2016.0,"[0.014, 0.98, 0.006]","[69, 70, 70, 70, 70, 70, 70, 71, 111, 444, 445]","[1, 1, 1, 1, 1, 1, 1, 1, 0, 1, 1]",wild animal,env_water,USA:MD,water_northeast
Water_Delmarva,68,110,68,462,1.0,1.0,SAMN06848218,"serotype=Javiana,""antigen_formula=9:l,z28:1,5""",73928.0,73928.0,42654.0,USA:MD,environmental-water; non tidal freshwater,non tidal freshwater,environmental-water,2016.0,"[0.014, 0.98, 0.006]","[68, 69, 69, 69, 69, 69, 69, 70, 110, 445, 446]","[1, 1, 1, 1, 1, 1, 1, 1, 0, 1, 1]",wild animal,env_water,USA:MD,water_northeast
Water_Delmarva,68,110,68,460,1.0,1.0,SAMN06848204,"serotype=Javiana,""antigen_formula=9:l,z28:1,5""",73928.0,73928.0,42654.0,USA:MD,environmental-water; non tidal freshwater,non tidal freshwater,environmental-water,2016.0,"[0.014, 0.98, 0.006]","[68, 69, 69, 69, 69, 69, 69, 70, 110, 443, 444]","[1, 1, 1, 1, 1, 1, 1, 1, 0, 1, 1]",wild animal,env_water,USA:MD,water_northeast
Water_Delmarva,68,110,68,460,1.0,1.0,SAMN06848202,"serotype=Javiana,""antigen_formula=9:l,z28:1,5""",73928.0,73928.0,42654.0,USA:MD,environmental-water; non tidal freshwater,non tidal freshwater,environmental-water,2016.0,"[0.014, 0.98, 0.006]","[68, 69, 69, 69, 69, 69, 69, 70, 110, 443, 444]","[1, 1, 1, 1, 1, 1, 1, 1, 0, 1, 1]",wild animal,env_water,USA:MD,water_northeast
Water_Delmarva,69,111,69,461,1.0,1.0,SAMN06848203,"serotype=Javiana,""antigen_formula=9:l,z28:1,5""",73928.0,73928.0,42654.0,USA:MD,environmental-water; non tidal freshwater,non tidal freshwater,environmental-water,2016.0,"[0.014, 0.98, 0.006]","[69, 70, 70, 70, 70, 70, 70, 71, 111, 444, 445]","[1, 1, 1, 1, 1, 1, 1, 1, 0, 1, 1]",wild animal,env_water,USA:MD,water_northeast
Water_Delmarva,68,110,68,462,1.0,1.0,SAMN06848216,"serotype=Javiana,""antigen_formula=9:l,z28:1,5""",73928.0,73928.0,42654.0,USA:MD,environmental-water; non tidal freshwater,non tidal freshwater,environmental-water,2016.0,"[0.014, 0.98, 0.006]","[68, 69, 69, 69, 69, 69, 69, 70, 110, 445, 446]","[1, 1, 1, 1, 1, 1, 1, 1, 0, 1, 1]",wild animal,env_water,USA:MD,water_northeast
Water_Delmarva,112,112,113,114,0.51,0.0,SAMN06848215,"serotype=Typhimurium,""antigen_formula=4:i:1,2""",73954.0,73954.0,73954.0,USA:MD,environmental-water; non tidal freshwater,non tidal freshwater,environmental-water,2016.0,"[0.871, 0.084, 0.044]","[112, 113, 113, 114, 115, 116, 116, 117, 118, 120, 123]","[0, 0, 1, 2, 1, 1, 0, 0, 0, 0, 0]",wild animal,env_water,USA:MD,water_northeast
Water_Delmarva,72,72,86,83,0.56,0.0,SAMN06848220,"serotype=Typhimurium,""antigen_formula=4:i:1,2""",74014.0,74014.0,49776.0,USA:MD,environmental-water; non tidal freshwater,non tidal freshwater,environmental-water,2016.0,"[0.605, 0.293, 0.102]","[72, 80, 83, 86, 90, 90, 95, 103, 107, 109, 123]","[0, 0, 2, 1, 1, 1, 1, 0, 0, 1, 0]",wild animal,env_water,USA:MD,water_northeast
Water_Delmarva,220,220,970,979,0.54,0.0,SAMN06848214,"serotype=Norwich,""antigen_formula=7:e,h:1,6""",69765.0,69765.0,69765.0,USA:MD,environmental-water; non tidal freshwater,non tidal freshwater,environmental-water,2016.0,"[0.615, 0.193, 0.192]","[220, 901, 968, 970, 970, 970, 970, 970, 978, 979, 979]","[0, 0, 0, 0, 0, 0, 0, 1, 0, 1, 0]",wild animal,env_water,USA:MD,water_northeast
Water_Delmarva,7,7,10,18,0.7,0.0,SAMN06848274,"serotype=Thompson,""antigen_formula=7:k:1,5""",70563.0,119.0,119.0,USA:MD,Non-Tidal Freshwater River,non tidal fresh water river,environmental-water,2016.0,"[0.869, 0.065, 0.065]","[7, 7, 8, 10, 10, 10, 10, 10, 10, 10, 10]","[0, 0, 0, 1, 1, 1, 1, 1, 1, 1, 1]",bovine,env_water,USA:MD,water_northeast
Water_Delmarva,8,8,11,19,0.68,0.0,SAMN06848284,"serotype=Thompson,""antigen_formula=7:k:1,5""",70563.0,119.0,119.0,USA:MD,Non-Tidal Freshwater River,non tidal fresh water river,environmental-water,2016.0,"[0.869, 0.065, 0.065]","[8, 8, 9, 11, 11, 11, 11, 11, 11, 11, 11]","[0, 0, 0, 1, 1, 1, 1, 1, 1, 1, 1]",bovine,env_water,USA:MD,water_northeast
Water_Delmarva,7,7,10,18,0.7,0.0,SAMN06848282,"serotype=Thompson,""antigen_formula=7:k:1,5""",70563.0,119.0,119.0,USA:MD,Non-Tidal Freshwater River,non tidal fresh water river,environmental-water,2016.0,"[0.869, 0.065, 0.065]","[7, 7, 8, 10, 10, 10, 10, 10, 10, 10, 10]","[0, 0, 0, 1, 1, 1, 1, 1, 1, 1, 1]",bovine,env_water,USA:MD,water_northeast
Water_Delmarva,7,7,10,18,0.7,0.0,SAMN06848275,"serotype=Thompson,""antigen_formula=7:k:1,5""",70563.0,119.0,119.0,USA:MD,Non-Tidal Freshwater River,non tidal fresh water river,environmental-water,2016.0,"[0.869, 0.065, 0.065]","[7, 7, 8, 10, 10, 10, 10, 10, 10, 10, 10]","[0, 0, 0, 1, 1, 1, 1, 1, 1, 1, 1]",bovine,env_water,USA:MD,water_northeast
Water_Delmarva,7,7,10,18,0.7,0.0,SAMN06848285,"serotype=Thompson,""antigen_formula=7:k:1,5""",70563.0,119.0,119.0,USA:MD,Non-Tidal Freshwater River,non tidal fresh water river,environmental-water,2016.0,"[0.869, 0.065, 0.065]","[7, 7, 8, 10, 10, 10, 10, 10, 10, 10, 10]","[0, 0, 0, 1, 1, 1, 1, 1, 1, 1, 1]",bovine,env_water,USA:MD,water_northeast
Water_Delmarva,7,7,10,18,0.7,0.0,SAMN06848283,"serotype=Thompson,""antigen_formula=7:k:1,5""",70563.0,119.0,119.0,USA:MD,Non-Tidal Freshwater River,non tidal fresh water river,environmental-water,2016.0,"[0.869, 0.065, 0.065]","[7, 7, 8, 10, 10, 10, 10, 10, 10, 10, 10]","[0, 0, 0, 1, 1, 1, 1, 1, 1, 1, 1]",bovine,env_water,USA:MD,water_northeast
Water_Delmarva,10,10,12,20,0.5,0.0,SAMN06848260,"serotype=Thompson,""antigen_formula=7:k:1,5""",74233.0,119.0,119.0,USA:MD,Non-Tidal Freshwater River,non tidal fresh water river,environmental-water,2016.0,"[0.599, 0.241, 0.16]","[10, 12, 12, 12, 13, 13, 13, 13, 13, 13, 13]","[0, 0, 1, 1, 1, 1, 1, 1, 1, 1, 0]",generalist,env_water,USA:MD,water_northeast
Water_Delmarva,8,8,11,19,0.68,0.0,SAMN06848259,"serotype=Thompson,""antigen_formula=7:k:1,5""",70563.0,119.0,119.0,USA:MD,Non-Tidal Freshwater River,non tidal fresh water river,environmental-water,2016.0,"[0.869, 0.065, 0.065]","[8, 8, 9, 11, 11, 11, 11, 11, 11, 11, 11]","[0, 0, 0, 1, 1, 1, 1, 1, 1, 1, 1]",bovine,env_water,USA:MD,water_northeast
Water_Delmarva,220,220,970,979,0.54,0.0,SAMN06848212,"serotype=Norwich,""antigen_formula=7:e,h:1,6""",69765.0,69765.0,69765.0,USA:MD,environmental-water; non tidal freshwater,non tidal freshwater,environmental-water,2016.0,"[0.615, 0.193, 0.192]","[220, 901, 968, 970, 970, 970, 970, 970, 978, 979, 979]","[0, 0, 0, 0, 0, 0, 0, 1, 0, 1, 0]",wild animal,env_water,USA:MD,water_northeast
Water_Delmarva,220,220,970,979,0.54,0.0,SAMN06848210,"serotype=Norwich,""antigen_formula=7:e,h:1,6""",69765.0,69765.0,69765.0,USA:MD,environmental-water; non tidal freshwater,non tidal freshwater,environmental-water,2016.0,"[0.615, 0.193, 0.192]","[220, 901, 968, 970, 970, 970, 970, 970, 978, 979, 979]","[0, 0, 0, 0, 0, 0, 0, 1, 0, 1, 0]",wild animal,env_water,USA:MD,water_northeast
Water_Delmarva,606,606,881,626,0.69,0.0,SAMN06848228,"serotype=Bareilly,""antigen_formula=7:y:1,5""",69767.0,69767.0,69767.0,USA:MD,environmental-water; water pond,water pond,environmental-water,2016.0,"[0.902, 0.028, 0.07]","[606, 626, 627, 630, 717, 870, 879, 881, 881, 881, 881]","[0, 2, 0, 0, 0, 0, 0, 1, 0, 2, 1]",wild animal,env_water,USA:MD,water_northeast
Water_Delmarva,220,220,970,979,0.54,0.0,SAMN06848209,"serotype=Norwich,""antigen_formula=7:e,h:1,6""",69765.0,69765.0,69765.0,USA:MD,environmental-water; non tidal freshwater,non tidal freshwater,environmental-water,2016.0,"[0.615, 0.193, 0.192]","[220, 901, 968, 970, 970, 970, 970, 970, 978, 979, 979]","[0, 0, 0, 0, 0, 0, 0, 1, 0, 1, 0]",wild animal,env_water,USA:MD,water_northeast
Water_Delmarva,607,607,881,627,0.69,0.0,SAMN06848262,"serotype=Bareilly,""antigen_formula=7:y:1,5""",69767.0,69767.0,69767.0,USA:MD,environmental-water; water pond,water pond,environmental-water,2016.0,"[0.902, 0.028, 0.07]","[607, 627, 628, 631, 718, 870, 879, 881, 881, 881, 881]","[0, 2, 0, 0, 0, 0, 0, 1, 0, 2, 1]",wild animal,env_water,USA:MD,water_northeast
Water_Delmarva,7,7,10,18,0.7,0.0,SAMN06848344,"serotype=Thompson,""antigen_formula=7:k:1,5""",70563.0,119.0,119.0,USA:MD,Non-Tidal Freshwater River,non tidal fresh water river,environmental-water,2016.0,"[0.869, 0.065, 0.065]","[7, 7, 8, 10, 10, 10, 10, 10, 10, 10, 10]","[0, 0, 0, 1, 1, 1, 1, 1, 1, 1, 1]",bovine,env_water,USA:MD,water_northeast
Water_Delmarva,8,8,10,19,0.68,0.0,SAMN06848343,"serotype=Thompson,""antigen_formula=7:k:1,5""",70563.0,119.0,119.0,USA:MD,Non-Tidal Freshwater River,non tidal fresh water river,environmental-water,2016.0,"[0.856, 0.079, 0.064]","[8, 8, 9, 10, 11, 11, 11, 11, 11, 11, 11]","[0, 0, 0, 1, 1, 1, 1, 1, 1, 1, 1]",bovine,env_water,USA:MD,water_northeast
Water_Delmarva,68,110,68,460,1.0,1.0,SAMN06848332,"serotype=Javiana,""antigen_formula=9:l,z28:1,5""",73928.0,73928.0,42654.0,USA:MD,environmental-water; non tidal freshwater,non tidal freshwater,environmental-water,2016.0,"[0.014, 0.98, 0.006]","[68, 69, 69, 69, 69, 69, 69, 70, 110, 443, 444]","[1, 1, 1, 1, 1, 1, 1, 1, 0, 1, 1]",wild animal,env_water,USA:MD,water_northeast
Water_Delmarva,7,7,10,18,0.7,0.0,SAMN06848342,"serotype=Thompson,""antigen_formula=7:k:1,5""",70563.0,119.0,119.0,USA:MD,Non-Tidal Freshwater River,non tidal fresh water river,environmental-water,2016.0,"[0.869, 0.065, 0.065]","[7, 7, 8, 10, 10, 10, 10, 10, 10, 10, 10]","[0, 0, 0, 1, 1, 1, 1, 1, 1, 1, 1]",bovine,env_water,USA:MD,water_northeast
Water_Delmarva,7,7,10,18,0.7,0.0,SAMN06848272,"serotype=Thompson,""antigen_formula=7:k:1,5""",70563.0,119.0,119.0,USA:MD,Non-Tidal Freshwater River,non tidal fresh water river,environmental-water,2016.0,"[0.869, 0.065, 0.065]","[7, 7, 8, 10, 10, 10, 10, 10, 10, 10, 10]","[0, 0, 0, 1, 1, 1, 1, 1, 1, 1, 1]",bovine,env_water,USA:MD,water_northeast
Water_Delmarva,7,7,10,18,0.7,0.0,SAMN06848339,"serotype=Thompson,""antigen_formula=7:k:1,5""",70563.0,119.0,119.0,USA:MD,Non-Tidal Freshwater River,non tidal fresh water river,environmental-water,2016.0,"[0.869, 0.065, 0.065]","[7, 7, 8, 10, 10, 10, 10, 10, 10, 10, 10]","[0, 0, 0, 1, 1, 1, 1, 1, 1, 1, 1]",bovine,env_water,USA:MD,water_northeast
Water_Delmarva,7,7,10,18,0.7,0.0,SAMN06848340,"serotype=Thompson,""antigen_formula=7:k:1,5""",70563.0,119.0,119.0,USA:MD,Non-Tidal Freshwater River,non tidal fresh water river,environmental-water,2016.0,"[0.869, 0.065, 0.065]","[7, 7, 8, 10, 10, 10, 10, 10, 10, 10, 10]","[0, 0, 0, 1, 1, 1, 1, 1, 1, 1, 1]",bovine,env_water,USA:MD,water_northeast
Water_Delmarva,221,221,971,980,0.54,0.0,SAMN06848213,"serotype=Norwich,""antigen_formula=7:e,h:1,6""",69765.0,69765.0,69765.0,USA:MD,environmental-water; non tidal freshwater,non tidal freshwater,environmental-water,2016.0,"[0.615, 0.193, 0.192]","[221, 902, 969, 971, 971, 971, 971, 971, 979, 980, 980]","[0, 0, 0, 0, 0, 0, 0, 1, 0, 0, 2]",wild animal,env_water,USA:MD,water_northeast
Water_Delmarva,7,7,10,18,0.7,0.0,SAMN06848271,"serotype=Thompson,""antigen_formula=7:k:1,5""",70563.0,119.0,119.0,USA:MD,Non-Tidal Freshwater River,non tidal fresh water river,environmental-water,2016.0,"[0.869, 0.065, 0.065]","[7, 7, 8, 10, 10, 10, 10, 10, 10, 10, 10]","[0, 0, 0, 1, 1, 1, 1, 1, 1, 1, 1]",bovine,env_water,USA:MD,water_northeast
Water_Delmarva,7,7,10,18,0.7,0.0,SAMN06848273,"serotype=Thompson,""antigen_formula=7:k:1,5""",70563.0,119.0,119.0,USA:MD,Non-Tidal Freshwater River,non tidal fresh water river,environmental-water,2016.0,"[0.869, 0.065, 0.065]","[7, 7, 8, 10, 10, 10, 10, 10, 10, 10, 10]","[0, 0, 0, 1, 1, 1, 1, 1, 1, 1, 1]",bovine,env_water,USA:MD,water_northeast
Water_Delmarva,606,606,881,626,0.69,0.0,SAMN06848229,"serotype=Bareilly,""antigen_formula=7:y:1,5""",69767.0,69767.0,69767.0,USA:MD,environmental-water; water pond,water pond,environmental-water,2016.0,"[0.902, 0.028, 0.07]","[606, 626, 627, 630, 717, 870, 879, 881, 881, 881, 881]","[0, 2, 0, 0, 0, 0, 0, 1, 0, 2, 1]",wild animal,env_water,USA:MD,water_northeast
Water_Delmarva,7,7,10,18,0.7,0.0,SAMN06848341,"serotype=Thompson,""antigen_formula=7:k:1,5""",70563.0,119.0,119.0,USA:MD,Non-Tidal Freshwater River,non tidal fresh water river,environmental-water,2016.0,"[0.869, 0.065, 0.065]","[7, 7, 8, 10, 10, 10, 10, 10, 10, 10, 10]","[0, 0, 0, 1, 1, 1, 1, 1, 1, 1, 1]",bovine,env_water,USA:MD,water_northeast
Water_Delmarva,220,220,970,979,0.54,0.0,SAMN06848211,"serotype=Norwich,""antigen_formula=7:e,h:1,6""",69765.0,69765.0,69765.0,USA:MD,environmental-water; non tidal freshwater,non tidal freshwater,environmental-water,2016.0,"[0.615, 0.193, 0.192]","[220, 901, 968, 970, 970, 970, 970, 970, 978, 979, 979]","[0, 0, 0, 0, 0, 0, 0, 1, 0, 1, 0]",wild animal,env_water,USA:MD,water_northeast
Water_Delmarva,9,9,11,19,0.5,0.0,SAMN06848261,"serotype=Thompson,""antigen_formula=7:k:1,5""",74233.0,119.0,119.0,USA:MD,Non-Tidal Freshwater River,non tidal fresh water river,environmental-water,2016.0,"[0.599, 0.241, 0.16]","[9, 11, 11, 11, 12, 12, 12, 12, 12, 12, 12]","[0, 0, 1, 1, 1, 1, 1, 1, 1, 1, 0]",generalist,env_water,USA:MD,water_northeast
Water_Delmarva,17,17,17,18,0.62,0.0,SAMN06705145,"serotype=Typhimurium,""antigen_formula=4:i:1,2""",77733.0,77733.0,92.0,USA:MD,environmental-water; non tidal freshwater,non tidal freshwater,environmental-water,2016.0,"[0.901, 0.061, 0.038]","[17, 17, 17, 18, 20, 20, 21, 22, 22, 25, 27]","[1, 0, 0, 2, 0, 0, 1, 1, 0, 0, 1]",bovine,env_water,USA:MD,water_northeast
Water_Delmarva,10,10,11,137,1.0,0.0,SAMN06848235,"serotype=Typhimurium,""antigen_formula=4:i:1,2""",45995.0,16329.0,16329.0,USA:MD,Non-Tidal Freshwater River,non tidal fresh water river,environmental-water,2016.0,"[0.973, 0.017, 0.01]","[10, 11, 23, 23, 52, 104, 107, 115, 137, 331, 333]","[0, 1, 0, 0, 0, 1, 0, 0, 2, 1, 1]",bovine,env_water,USA:MD,water_northeast
Water_Delmarva,17,17,17,18,0.62,0.0,SAMN06705144,"serotype=Typhimurium,""antigen_formula=4:i:1,2""",77733.0,77733.0,92.0,USA:MD,environmental-water; non tidal freshwater,non tidal freshwater,environmental-water,2016.0,"[0.901, 0.061, 0.038]","[17, 17, 17, 18, 20, 20, 21, 22, 22, 25, 27]","[1, 0, 0, 2, 0, 0, 1, 1, 0, 0, 1]",bovine,env_water,USA:MD,water_northeast
Water_Delmarva,17,17,17,18,0.62,0.0,SAMN06705146,"serotype=Typhimurium,""antigen_formula=4:i:1,2""",77733.0,77733.0,92.0,USA:MD,environmental-water; non tidal freshwater,non tidal freshwater,environmental-water,2016.0,"[0.901, 0.061, 0.038]","[17, 17, 17, 18, 20, 20, 21, 22, 22, 25, 27]","[1, 0, 0, 2, 0, 0, 1, 1, 0, 0, 1]",bovine,env_water,USA:MD,water_northeast
Water_Delmarva,7,7,10,18,0.7,0.0,SAMN06848238,"serotype=Thompson,""antigen_formula=7:k:1,5""",70563.0,119.0,119.0,USA:MD,Non-Tidal Freshwater River,non tidal fresh water river,environmental-water,2016.0,"[0.869, 0.065, 0.065]","[7, 7, 8, 10, 10, 10, 10, 10, 10, 10, 10]","[0, 0, 0, 1, 1, 1, 1, 1, 1, 1, 1]",bovine,env_water,USA:MD,water_northeast
Water_Delmarva,14,16,15,14,0.5,2.0,SAMN06848240,"serotype=Anatum,""antigen_formula=3,10:e,h:1,6""",69768.0,12032.0,694.0,USA:MD,Non-Tidal Freshwater River,non tidal fresh water river,environmental-water,2016.0,"[0.091, 0.276, 0.633]","[14, 15, 15, 15, 16, 16, 16, 16, 16, 16, 17]","[2, 1, 1, 2, 1, 0, 2, 1, 1, 2, 1]",generalist,env_water,USA:MD,water_northeast
Water_Delmarva,10,10,11,137,1.0,0.0,SAMN06848236,"serotype=Typhimurium,""antigen_formula=4:i:1,2""",45995.0,16329.0,16329.0,USA:MD,Non-Tidal Freshwater River,non tidal fresh water river,environmental-water,2016.0,"[0.973, 0.017, 0.01]","[10, 11, 23, 23, 52, 104, 107, 115, 137, 331, 333]","[0, 1, 0, 0, 0, 1, 0, 0, 2, 1, 1]",bovine,env_water,USA:MD,water_northeast
Water_Delmarva,10,10,11,137,1.0,0.0,SAMN06848237,"serotype=Typhimurium,""antigen_formula=4:i:1,2""",45995.0,16329.0,16329.0,USA:MD,Non-Tidal Freshwater River,non tidal fresh water river,environmental-water,2016.0,"[0.973, 0.017, 0.01]","[10, 11, 23, 23, 52, 104, 107, 115, 137, 331, 333]","[0, 1, 0, 0, 0, 1, 0, 0, 2, 1, 1]",bovine,env_water,USA:MD,water_northeast
Water_Delmarva,18,18,18,19,0.61,0.0,SAMN06705147,"serotype=Typhimurium,""antigen_formula=4:i:1,2""",77733.0,77733.0,92.0,USA:MD,environmental-water; non tidal freshwater,non tidal freshwater,environmental-water,2016.0,"[0.901, 0.061, 0.038]","[18, 18, 18, 19, 21, 21, 22, 23, 23, 26, 28]","[1, 0, 0, 2, 0, 0, 1, 1, 0, 0, 1]",bovine,env_water,USA:MD,water_northeast
Water_Delmarva,10,10,11,137,1.0,0.0,SAMN06848233,"serotype=Typhimurium,""antigen_formula=4:i:1,2""",45995.0,16329.0,16329.0,USA:MD,Non-Tidal Freshwater River,non tidal fresh water river,environmental-water,2016.0,"[0.973, 0.017, 0.01]","[10, 11, 23, 23, 52, 104, 107, 115, 137, 331, 333]","[0, 1, 0, 0, 0, 1, 0, 0, 2, 1, 1]",bovine,env_water,USA:MD,water_northeast
Water_Delmarva,17,17,17,18,0.62,0.0,SAMN06705149,"serotype=Typhimurium,""antigen_formula=4:i:1,2""",77733.0,77733.0,92.0,USA:MD,environmental-water; non tidal freshwater,non tidal freshwater,environmental-water,2016.0,"[0.901, 0.061, 0.038]","[17, 17, 17, 18, 20, 20, 21, 22, 22, 25, 27]","[1, 0, 0, 2, 0, 0, 1, 1, 0, 0, 1]",bovine,env_water,USA:MD,water_northeast
Water_Delmarva,17,17,17,18,0.62,0.0,SAMN06705148,"serotype=Typhimurium,""antigen_formula=4:i:1,2""",77733.0,77733.0,92.0,USA:MD,environmental-water; non tidal freshwater,non tidal freshwater,environmental-water,2016.0,"[0.901, 0.061, 0.038]","[17, 17, 17, 18, 20, 20, 21, 22, 22, 25, 27]","[1, 0, 0, 2, 0, 0, 1, 1, 0, 0, 1]",bovine,env_water,USA:MD,water_northeast
Water_Delmarva,11,11,12,137,1.0,0.0,SAMN06848234,"serotype=Typhimurium,""antigen_formula=4:i:1,2""",45995.0,16329.0,16329.0,USA:MD,Non-Tidal Freshwater River,non tidal fresh water river,environmental-water,2016.0,"[0.973, 0.017, 0.01]","[11, 12, 24, 24, 53, 105, 108, 116, 137, 332, 334]","[0, 1, 0, 0, 0, 1, 0, 0, 2, 1, 1]",bovine,env_water,USA:MD,water_northeast
Water_Delmarva,0,50,0,16,1.0,1.0,SAMN06705150,"serotype=Johannesburg,""antigen_formula=40:b:e,n,x""",62606.0,62606.0,62606.0,USA:MD,Non-Tidal Freshwater River,non tidal fresh water river,environmental-water,2016.0,"[0.189, 0.621, 0.189]","[0, 0, 1, 1, 1, 1, 1, 1, 1, 1, 1]","[1, 1, 1, 1, 1, 1, 1, 1, 1, 1, 1]",poultry,env_water,USA:MD,water_northeast
Water_Delmarva,12,12,13,139,1.0,0.0,SAMN06848244,"serotype=Typhimurium,""antigen_formula=4:i:1,2""",45995.0,16329.0,16329.0,USA:MD,Non-Tidal Freshwater River,non tidal fresh water river,environmental-water,2016.0,"[0.973, 0.017, 0.01]","[12, 13, 25, 25, 54, 106, 109, 117, 139, 332, 334]","[0, 1, 0, 0, 0, 1, 0, 0, 2, 1, 1]",bovine,env_water,USA:MD,water_northeast
Water_Delmarva,7,7,10,18,0.7,0.0,SAMN06848249,"serotype=Thompson,""antigen_formula=7:k:1,5""",70563.0,119.0,119.0,USA:MD,Non-Tidal Freshwater River,non tidal fresh water river,environmental-water,2016.0,"[0.869, 0.065, 0.065]","[7, 7, 8, 10, 10, 10, 10, 10, 10, 10, 10]","[0, 0, 0, 1, 1, 1, 1, 1, 1, 1, 1]",bovine,env_water,USA:MD,water_northeast
Water_Delmarva,11,11,12,138,1.0,0.0,SAMN06848245,"serotype=Typhimurium,""antigen_formula=4:i:1,2""",45995.0,16329.0,16329.0,USA:MD,Non-Tidal Freshwater River,non tidal fresh water river,environmental-water,2016.0,"[0.973, 0.017, 0.01]","[11, 12, 24, 24, 53, 105, 108, 116, 138, 332, 334]","[0, 1, 0, 0, 0, 1, 0, 0, 2, 1, 1]",bovine,env_water,USA:MD,water_northeast
Water_Delmarva,14,16,15,14,0.5,2.0,SAMN06848247,"serotype=Anatum,""antigen_formula=3,10:e,h:1,6""",69768.0,12032.0,694.0,USA:MD,Non-Tidal Freshwater River,non tidal fresh water river,environmental-water,2016.0,"[0.091, 0.276, 0.633]","[14, 15, 15, 15, 16, 16, 16, 16, 16, 16, 17]","[2, 1, 1, 2, 1, 0, 2, 1, 1, 2, 1]",generalist,env_water,USA:MD,water_northeast
Water_Delmarva,10,10,11,137,1.0,0.0,SAMN06848246,"serotype=Typhimurium,""antigen_formula=4:i:1,2""",45995.0,16329.0,16329.0,USA:MD,Non-Tidal Freshwater River,non tidal fresh water river,environmental-water,2016.0,"[0.973, 0.017, 0.01]","[10, 11, 23, 23, 52, 104, 107, 115, 137, 330, 333]","[0, 1, 0, 0, 0, 1, 0, 0, 2, 1, 1]",bovine,env_water,USA:MD,water_northeast
Water_Delmarva,14,16,15,14,0.5,2.0,SAMN06848248,"serotype=Anatum,""antigen_formula=3,10:e,h:1,6""",69768.0,12032.0,694.0,USA:MD,Non-Tidal Freshwater River,non tidal fresh water river,environmental-water,2016.0,"[0.091, 0.276, 0.633]","[14, 15, 15, 15, 16, 16, 16, 16, 16, 16, 17]","[2, 1, 1, 2, 1, 0, 2, 1, 1, 2, 1]",generalist,env_water,USA:MD,water_northeast
Water_Delmarva,7,7,10,18,0.7,0.0,SAMN06848256,"serotype=Thompson,""antigen_formula=7:k:1,5""",70563.0,119.0,119.0,USA:MD,Non-Tidal Freshwater River,non tidal fresh water river,environmental-water,2016.0,"[0.869, 0.065, 0.065]","[7, 7, 8, 10, 10, 10, 10, 10, 10, 10, 10]","[0, 0, 0, 1, 1, 1, 1, 1, 1, 1, 1]",bovine,env_water,USA:MD,water_northeast
Water_Delmarva,7,7,10,18,0.7,0.0,SAMN06848254,"serotype=Thompson,""antigen_formula=7:k:1,5""",70563.0,119.0,119.0,USA:MD,Non-Tidal Freshwater River,non tidal fresh water river,environmental-water,2016.0,"[0.869, 0.065, 0.065]","[7, 7, 8, 10, 10, 10, 10, 10, 10, 10, 10]","[0, 0, 0, 1, 1, 1, 1, 1, 1, 1, 1]",bovine,env_water,USA:MD,water_northeast
Water_Delmarva,10,10,11,137,1.0,0.0,SAMN06848243,"serotype=Typhimurium,""antigen_formula=4:i:1,2""",45995.0,16329.0,16329.0,USA:MD,Non-Tidal Freshwater River,non tidal fresh water river,environmental-water,2016.0,"[0.973, 0.017, 0.01]","[10, 11, 23, 23, 52, 104, 107, 115, 137, 331, 333]","[0, 1, 0, 0, 0, 1, 0, 0, 2, 1, 1]",bovine,env_water,USA:MD,water_northeast
Water_Delmarva,1,51,1,17,1.0,1.0,SAMN06848241,"serotype=Johannesburg,""antigen_formula=40:b:e,n,x""",62606.0,62606.0,62606.0,USA:MD,Non-Tidal Freshwater River,non tidal fresh water river,environmental-water,2016.0,"[0.188, 0.624, 0.188]","[1, 1, 2, 2, 2, 2, 2, 2, 2, 2, 2]","[1, 1, 1, 1, 1, 1, 1, 1, 1, 1, 1]",poultry,env_water,USA:MD,water_northeast
Water_Delmarva,0,50,0,16,1.0,1.0,SAMN06848242,"serotype=Johannesburg,""antigen_formula=40:b:e,n,x""",62606.0,62606.0,62606.0,USA:MD,Non-Tidal Freshwater River,non tidal fresh water river,environmental-water,2016.0,"[0.189, 0.621, 0.189]","[0, 0, 1, 1, 1, 1, 1, 1, 1, 1, 1]","[1, 1, 1, 1, 1, 1, 1, 1, 1, 1, 1]",poultry,env_water,USA:MD,water_northeast
Water_Delmarva,7,7,10,18,0.7,0.0,SAMN06848252,"serotype=Thompson,""antigen_formula=7:k:1,5""",70563.0,119.0,119.0,USA:MD,Non-Tidal Freshwater River,non tidal fresh water river,environmental-water,2016.0,"[0.869, 0.065, 0.065]","[7, 7, 8, 10, 10, 10, 10, 10, 10, 10, 10]","[0, 0, 0, 1, 1, 1, 1, 1, 1, 1, 1]",bovine,env_water,USA:MD,water_northeast
Water_Delmarva,9,9,11,19,0.5,0.0,SAMN06848255,"serotype=Thompson,""antigen_formula=7:k:1,5""",74233.0,119.0,119.0,USA:MD,Non-Tidal Freshwater River,non tidal fresh water river,environmental-water,2016.0,"[0.599, 0.241, 0.16]","[9, 11, 11, 11, 12, 12, 12, 12, 12, 12, 12]","[0, 0, 1, 1, 1, 1, 1, 1, 1, 1, 0]",generalist,env_water,USA:MD,water_northeast
Water_Delmarva,7,7,10,18,0.7,0.0,SAMN06848253,"serotype=Thompson,""antigen_formula=7:k:1,5""",70563.0,119.0,119.0,USA:MD,Non-Tidal Freshwater River,non tidal fresh water river,environmental-water,2016.0,"[0.869, 0.065, 0.065]","[7, 7, 8, 10, 10, 10, 10, 10, 10, 10, 10]","[0, 0, 0, 1, 1, 1, 1, 1, 1, 1, 1]",bovine,env_water,USA:MD,water_northeast
Water_Delmarva,7,7,10,18,0.7,0.0,SAMN06848250,"serotype=Thompson,""antigen_formula=7:k:1,5""",70563.0,119.0,119.0,USA:MD,Non-Tidal Freshwater River,non tidal fresh water river,environmental-water,2016.0,"[0.869, 0.065, 0.065]","[7, 7, 8, 10, 10, 10, 10, 10, 10, 10, 10]","[0, 0, 0, 1, 1, 1, 1, 1, 1, 1, 1]",bovine,env_water,USA:MD,water_northeast
Water_Delmarva,7,7,10,18,0.7,0.0,SAMN06848251,"serotype=Thompson,""antigen_formula=7:k:1,5""",70563.0,119.0,119.0,USA:MD,Non-Tidal Freshwater River,non tidal fresh water river,environmental-water,2016.0,"[0.869, 0.065, 0.065]","[7, 7, 8, 10, 10, 10, 10, 10, 10, 10, 10]","[0, 0, 0, 1, 1, 1, 1, 1, 1, 1, 1]",bovine,env_water,USA:MD,water_northeast
Water_Delmarva,7,7,10,18,0.7,0.0,SAMN06848334,"serotype=Thompson,""antigen_formula=7:k:1,5""",70563.0,119.0,119.0,USA:MD,Non-Tidal Freshwater River,non tidal fresh water river,environmental-water,2016.0,"[0.869, 0.065, 0.065]","[7, 7, 8, 10, 10, 10, 10, 10, 10, 10, 10]","[0, 0, 0, 1, 1, 1, 1, 1, 1, 1, 1]",bovine,env_water,USA:MD,water_northeast
Water_Delmarva,3,3,5,9,0.77,1.0,SAMN06848205,"serotype=I 4,[5],12:i:-,""antigen_formula=4:i:-""",77821.0,36541.0,48.0,USA:MD,environmental-water; non tidal freshwater,non tidal freshwater,environmental-water,2016.0,"[0.269, 0.632, 0.099]","[3, 5, 5, 5, 5, 6, 6, 6, 6, 7, 7]","[0, 1, 1, 1, 1, 1, 1, 1, 1, 1, 1]",poultry,env_water,USA:MD,water_northeast
Water_Delmarva,7,7,10,18,0.7,0.0,SAMN06848335,"serotype=Thompson,""antigen_formula=7:k:1,5""",70563.0,119.0,119.0,USA:MD,Non-Tidal Freshwater River,non tidal fresh water river,environmental-water,2016.0,"[0.869, 0.065, 0.065]","[7, 7, 8, 10, 10, 10, 10, 10, 10, 10, 10]","[0, 0, 0, 1, 1, 1, 1, 1, 1, 1, 1]",bovine,env_water,USA:MD,water_northeast
Water_Delmarva,5,5,7,11,0.7,1.0,SAMN06848208,"serotype=I 4,[5],12:i:-,""antigen_formula=4:i:-""",77821.0,36541.0,48.0,USA:MD,environmental-water; non tidal freshwater,non tidal freshwater,environmental-water,2016.0,"[0.269, 0.632, 0.099]","[5, 7, 7, 7, 7, 8, 8, 8, 8, 9, 9]","[0, 1, 1, 1, 1, 1, 1, 1, 1, 1, 1]",poultry,env_water,USA:MD,water_northeast
Water_Delmarva,7,7,10,18,0.7,0.0,SAMN06848337,"serotype=Thompson,""antigen_formula=7:k:1,5""",70563.0,119.0,119.0,USA:MD,Non-Tidal Freshwater River,non tidal fresh water river,environmental-water,2016.0,"[0.869, 0.065, 0.065]","[7, 7, 8, 10, 10, 10, 10, 10, 10, 10, 10]","[0, 0, 0, 1, 1, 1, 1, 1, 1, 1, 1]",bovine,env_water,USA:MD,water_northeast
Water_Delmarva,7,7,10,18,0.7,0.0,SAMN06848333,"serotype=Thompson,""antigen_formula=7:k:1,5""",70563.0,119.0,119.0,USA:MD,Non-Tidal Freshwater River,non tidal fresh water river,environmental-water,2016.0,"[0.869, 0.065, 0.065]","[7, 7, 8, 10, 10, 10, 10, 10, 10, 10, 10]","[0, 0, 0, 1, 1, 1, 1, 1, 1, 1, 1]",bovine,env_water,USA:MD,water_northeast
Water_Delmarva,3,3,5,9,0.77,1.0,SAMN06848207,"serotype=I 4,[5],12:i:-,""antigen_formula=4:i:-""",77821.0,36541.0,48.0,USA:MD,environmental-water; non tidal freshwater,non tidal freshwater,environmental-water,2016.0,"[0.269, 0.632, 0.099]","[3, 5, 5, 5, 5, 6, 6, 6, 6, 7, 7]","[0, 1, 1, 1, 1, 1, 1, 1, 1, 1, 1]",poultry,env_water,USA:MD,water_northeast
Water_Delmarva,3,3,5,9,0.77,1.0,SAMN06848206,"serotype=I 4,[5],12:i:-,""antigen_formula=4:i:-""",77821.0,36541.0,48.0,USA:MD,environmental-water; non tidal freshwater,non tidal freshwater,environmental-water,2016.0,"[0.269, 0.632, 0.099]","[3, 5, 5, 5, 5, 6, 6, 6, 6, 7, 7]","[0, 1, 1, 1, 1, 1, 1, 1, 1, 1, 1]",poultry,env_water,USA:MD,water_northeast
Water_Delmarva,7,7,10,18,0.7,0.0,SAMN06848338,"serotype=Thompson,""antigen_formula=7:k:1,5""",70563.0,119.0,119.0,USA:MD,Non-Tidal Freshwater River,non tidal fresh water river,environmental-water,2016.0,"[0.901, 0.049, 0.049]","[7, 7, 7, 10, 10, 10, 10, 10, 10, 10, 10]","[0, 0, 0, 1, 1, 1, 1, 1, 1, 1, 1]",bovine,env_water,USA:MD,water_northeast
Water_Delmarva,8,8,11,19,0.68,0.0,SAMN06848258,"serotype=Thompson,""antigen_formula=7:k:1,5""",70563.0,119.0,119.0,USA:MD,Non-Tidal Freshwater River,non tidal fresh water river,environmental-water,2016.0,"[0.869, 0.065, 0.065]","[8, 8, 9, 11, 11, 11, 11, 11, 11, 11, 11]","[0, 0, 0, 1, 1, 1, 1, 1, 1, 1, 1]",bovine,env_water,USA:MD,water_northeast
Water_Delmarva,7,7,10,18,0.7,0.0,SAMN06848277,"serotype=Thompson,""antigen_formula=7:k:1,5""",70563.0,119.0,119.0,USA:MD,Non-Tidal Freshwater River,non tidal fresh water river,environmental-water,2016.0,"[0.869, 0.065, 0.065]","[7, 7, 8, 10, 10, 10, 10, 10, 10, 10, 10]","[0, 0, 0, 1, 1, 1, 1, 1, 1, 1, 1]",bovine,env_water,USA:MD,water_northeast
Water_Delmarva,7,7,10,18,0.7,0.0,SAMN06848276,"serotype=Thompson,""antigen_formula=7:k:1,5""",70563.0,119.0,119.0,USA:MD,Non-Tidal Freshwater River,non tidal fresh water river,environmental-water,2016.0,"[0.869, 0.065, 0.065]","[7, 7, 8, 10, 10, 10, 10, 10, 10, 10, 10]","[0, 0, 0, 1, 1, 1, 1, 1, 1, 1, 1]",bovine,env_water,USA:MD,water_northeast
Water_Delmarva,7,7,10,18,0.7,0.0,SAMN06848278,"serotype=Thompson,""antigen_formula=7:k:1,5""",70563.0,119.0,119.0,USA:MD,Non-Tidal Freshwater River,non tidal fresh water river,environmental-water,2016.0,"[0.869, 0.065, 0.065]","[7, 7, 8, 10, 10, 10, 10, 10, 10, 10, 10]","[0, 0, 0, 1, 1, 1, 1, 1, 1, 1, 1]",bovine,env_water,USA:MD,water_northeast
Water_Delmarva,7,7,10,18,0.7,0.0,SAMN06848279,"serotype=Thompson,""antigen_formula=7:k:1,5""",70563.0,119.0,119.0,USA:MD,Non-Tidal Freshwater River,non tidal fresh water river,environmental-water,2016.0,"[0.869, 0.065, 0.065]","[7, 7, 8, 10, 10, 10, 10, 10, 10, 10, 10]","[0, 0, 0, 1, 1, 1, 1, 1, 1, 1, 1]",bovine,env_water,USA:MD,water_northeast
Water_Delmarva,3,3,5,9,0.77,1.0,SAMN06848224,"serotype=I 4,[5],12:i:-,""antigen_formula=4:i:-""",77821.0,36541.0,48.0,USA:MD,environmental-water; non tidal freshwater,non tidal freshwater,environmental-water,2016.0,"[0.269, 0.632, 0.099]","[3, 5, 5, 5, 5, 6, 6, 6, 6, 7, 7]","[0, 1, 1, 1, 1, 1, 1, 1, 1, 1, 1]",poultry,env_water,USA:MD,water_northeast
Water_Delmarva,3,3,5,9,0.77,1.0,SAMN06848222,"serotype=I 4,[5],12:i:-,""antigen_formula=4:i:-""",77821.0,36541.0,48.0,USA:MD,environmental-water; non tidal freshwater,non tidal freshwater,environmental-water,2016.0,"[0.269, 0.632, 0.099]","[3, 5, 5, 5, 5, 6, 6, 6, 6, 7, 7]","[0, 1, 1, 1, 1, 1, 1, 1, 1, 1, 1]",poultry,env_water,USA:MD,water_northeast
Water_Delmarva,3,3,5,9,0.77,1.0,SAMN06848223,"serotype=I 4,[5],12:i:-,""antigen_formula=4:i:-""",77821.0,36541.0,48.0,USA:MD,environmental-water; non tidal freshwater,non tidal freshwater,environmental-water,2016.0,"[0.269, 0.632, 0.099]","[3, 5, 5, 5, 5, 6, 6, 6, 6, 7, 7]","[0, 1, 1, 1, 1, 1, 1, 1, 1, 1, 1]",poultry,env_water,USA:MD,water_northeast
Water_Delmarva,3,3,5,9,0.77,1.0,SAMN06848232,"serotype=I 4,[5],12:i:-,""antigen_formula=4:i:-""",77821.0,36541.0,48.0,USA:MD,environmental-water; non tidal freshwater,non tidal freshwater,environmental-water,2016.0,"[0.269, 0.632, 0.099]","[3, 5, 5, 5, 5, 6, 6, 6, 6, 7, 7]","[0, 1, 1, 1, 1, 1, 1, 1, 1, 1, 1]",poultry,env_water,USA:MD,water_northeast
Water_Delmarva,3,3,5,9,0.77,1.0,SAMN06848226,"serotype=I 4,[5],12:i:-,""antigen_formula=4:i:-""",77821.0,36541.0,48.0,USA:MD,environmental-water; non tidal freshwater,non tidal freshwater,environmental-water,2016.0,"[0.269, 0.632, 0.099]","[3, 5, 5, 5, 5, 6, 6, 6, 6, 7, 7]","[0, 1, 1, 1, 1, 1, 1, 1, 1, 1, 1]",poultry,env_water,USA:MD,water_northeast
Water_Delmarva,7,7,10,18,0.7,0.0,SAMN06848280,"serotype=Thompson,""antigen_formula=7:k:1,5""",70563.0,119.0,119.0,USA:MD,Non-Tidal Freshwater River,non tidal fresh water river,environmental-water,2016.0,"[0.869, 0.065, 0.065]","[7, 7, 8, 10, 10, 10, 10, 10, 10, 10, 10]","[0, 0, 0, 1, 1, 1, 1, 1, 1, 1, 1]",bovine,env_water,USA:MD,water_northeast
Water_Delmarva,172,172,794,528,1.0,0.0,SAMN06115710,"serotype=Bareilly,""antigen_formula=7:y:1,5""",64722.0,64722.0,64722.0,USA:MD,water,water,environmental-water,2016.0,"[0.911, 0.035, 0.054]","[172, 178, 192, 528, 625, 781, 792, 794, 794, 794, 794]","[0, 0, 0, 2, 0, 0, 0, 0, 1, 2, 2]",wild animal,env_water,USA:MD,water_northeast
Water_Delmarva,172,172,794,528,1.0,0.0,SAMN06115709,"serotype=Bareilly,""antigen_formula=7:y:1,5""",64722.0,64722.0,64722.0,USA:MD,water,water,environmental-water,2016.0,"[0.911, 0.035, 0.054]","[172, 179, 191, 528, 625, 781, 792, 794, 794, 794, 794]","[0, 0, 0, 2, 0, 0, 0, 0, 1, 2, 2]",wild animal,env_water,USA:MD,water_northeast
Water_Delmarva,172,172,794,528,1.0,0.0,SAMN06115708,"serotype=Bareilly,""antigen_formula=7:y:1,5""",64722.0,64722.0,64722.0,USA:MD,water,water,environmental-water,2016.0,"[0.911, 0.035, 0.054]","[172, 179, 191, 528, 625, 781, 792, 794, 794, 794, 794]","[0, 0, 0, 2, 0, 0, 0, 0, 1, 2, 2]",wild animal,env_water,USA:MD,water_northeast
Water_Delmarva,172,172,794,528,1.0,0.0,SAMN06115707,"serotype=Bareilly,""antigen_formula=7:y:1,5""",64722.0,64722.0,64722.0,USA:MD,water,water,environmental-water,2016.0,"[0.911, 0.035, 0.054]","[172, 178, 192, 528, 625, 781, 792, 794, 794, 794, 794]","[0, 0, 0, 2, 0, 0, 0, 0, 1, 2, 2]",wild animal,env_water,USA:MD,water_northeast
Water_Delmarva,16,457,16,26,1.0,1.0,SAMN06115705,"serotype=Javiana,""antigen_formula=9:l,z28:1,5""",45671.0,45671.0,19202.0,USA:MD,water,water,environmental-water,2016.0,"[0.023, 0.917, 0.06]","[16, 16, 16, 17, 26, 52, 54, 300, 302, 303, 303]","[1, 1, 1, 1, 2, 1, 1, 1, 2, 2, 2]",poultry,env_water,USA:MD,water_northeast
Water_Delmarva,16,457,16,26,1.0,1.0,SAMN06115706,"serotype=Javiana,""antigen_formula=9:l,z28:1,5""",45671.0,45671.0,19202.0,USA:MD,water,water,environmental-water,2016.0,"[0.023, 0.917, 0.06]","[16, 16, 16, 17, 26, 52, 54, 300, 302, 303, 303]","[1, 1, 1, 1, 2, 1, 1, 1, 2, 2, 2]",poultry,env_water,USA:MD,water_northeast
Water_Delmarva,551,551,2143,663,0.99,0.0,SAMN06115700,"serotype=IIIb 16:z10:e,n,x,z15,""antigen_formula=16:z10:e,n,x,z15""",64705.0,64705.0,64705.0,USA:MD,water,water,environmental-water,2016.0,"[0.998, 0.001, 0.001]","[551, 663, 668, 669, 669, 671, 673, 691, 697, 2060, 2079]","[0, 2, 0, 0, 0, 0, 0, 0, 0, 0, 0]",wild animal,env_water,USA:MD,water_northeast
Water_Delmarva,27,462,35,27,1.0,1.0,SAMN06115699,"serotype=I 2:l,z28:1,5,""antigen_formula=2:l,z28:1,5""",63797.0,54342.0,49867.0,USA:MD,water,water,environmental-water,2016.0,"[0.024, 0.913, 0.064]","[27, 35, 35, 35, 36, 54, 56, 301, 305, 306, 306]","[2, 1, 1, 1, 1, 1, 1, 1, 2, 2, 2]",poultry,env_water,USA:MD,water_northeast
Water_Delmarva,179,179,806,539,1.0,0.0,SAMN06115738,"serotype=Bareilly,""antigen_formula=7:y:1,5""",63787.0,63787.0,63787.0,USA:MD,water,water,environmental-water,2016.0,"[0.912, 0.035, 0.053]","[179, 181, 199, 539, 632, 793, 804, 806, 806, 806, 806]","[0, 0, 0, 2, 0, 0, 0, 1, 1, 2, 2]",wild animal,env_water,USA:MD,water_northeast
Water_Delmarva,27,462,35,27,1.0,1.0,SAMN06115744,"serotype=Javiana,""antigen_formula=9:l,z28:1,5""",63797.0,54342.0,49867.0,USA:MD,water,water,environmental-water,2016.0,"[0.024, 0.913, 0.064]","[27, 35, 35, 35, 36, 54, 56, 301, 305, 306, 306]","[2, 1, 1, 1, 1, 1, 1, 1, 2, 2, 2]",poultry,env_water,USA:MD,water_northeast
Water_Delmarva,27,462,35,27,1.0,1.0,SAMN06115745,"serotype=Javiana,""antigen_formula=9:l,z28:1,5""",63797.0,54342.0,49867.0,USA:MD,water,water,environmental-water,2016.0,"[0.024, 0.913, 0.064]","[27, 35, 35, 35, 36, 54, 56, 301, 305, 306, 306]","[2, 1, 1, 1, 1, 1, 1, 1, 2, 2, 2]",poultry,env_water,USA:MD,water_northeast
Water_Delmarva,179,179,806,539,1.0,0.0,SAMN06115739,"serotype=Bareilly,""antigen_formula=7:y:1,5""",63787.0,63787.0,63787.0,USA:MD,water,water,environmental-water,2016.0,"[0.912, 0.035, 0.053]","[179, 182, 198, 539, 632, 793, 804, 806, 806, 806, 806]","[0, 0, 0, 2, 0, 0, 0, 1, 1, 2, 2]",wild animal,env_water,USA:MD,water_northeast
Water_Delmarva,27,462,35,27,1.0,1.0,SAMN06115743,"serotype=I 2:l,z28:1,5,""antigen_formula=2:l,z28:1,5""",63797.0,54342.0,49867.0,USA:MD,water,water,environmental-water,2016.0,"[0.024, 0.913, 0.064]","[27, 35, 35, 35, 36, 54, 56, 301, 305, 306, 306]","[2, 1, 1, 1, 1, 1, 1, 1, 2, 2, 2]",poultry,env_water,USA:MD,water_northeast
Water_Delmarva,27,462,35,27,1.0,1.0,SAMN06115742,"serotype=I 2:l,z28:1,5,""antigen_formula=2:l,z28:1,5""",63797.0,54342.0,49867.0,USA:MD,water,water,environmental-water,2016.0,"[0.024, 0.913, 0.064]","[27, 35, 35, 35, 36, 54, 56, 301, 305, 306, 306]","[2, 1, 1, 1, 1, 1, 1, 1, 2, 2, 2]",poultry,env_water,USA:MD,water_northeast
Water_Delmarva,179,179,806,539,1.0,0.0,SAMN06115740,"serotype=Bareilly,""antigen_formula=7:y:1,5""",63787.0,63787.0,63787.0,USA:MD,water,water,environmental-water,2016.0,"[0.912, 0.035, 0.053]","[179, 181, 199, 539, 632, 793, 804, 806, 806, 806, 806]","[0, 0, 0, 2, 0, 0, 0, 1, 1, 2, 2]",wild animal,env_water,USA:MD,water_northeast
Water_Delmarva,179,179,806,539,1.0,0.0,SAMN06115741,"serotype=Bareilly,""antigen_formula=7:y:1,5""",63787.0,63787.0,63787.0,USA:MD,water,water,environmental-water,2016.0,"[0.912, 0.035, 0.053]","[179, 182, 198, 539, 632, 793, 804, 806, 806, 806, 806]","[0, 0, 0, 2, 0, 0, 0, 1, 1, 2, 2]",wild animal,env_water,USA:MD,water_northeast
Water_Delmarva,179,179,806,539,1.0,0.0,SAMN06115737,"serotype=Bareilly,""antigen_formula=7:y:1,5""",63787.0,63787.0,63787.0,USA:MD,water,water,environmental-water,2016.0,"[0.912, 0.035, 0.053]","[179, 181, 199, 539, 632, 793, 804, 806, 806, 806, 806]","[0, 0, 0, 2, 0, 0, 0, 1, 1, 2, 2]",wild animal,env_water,USA:MD,water_northeast
Water_Delmarva,179,179,806,539,1.0,0.0,SAMN06115736,"serotype=Bareilly,""antigen_formula=7:y:1,5""",63787.0,63787.0,63787.0,USA:MD,water,water,environmental-water,2016.0,"[0.912, 0.035, 0.053]","[179, 181, 199, 539, 632, 793, 804, 806, 806, 806, 806]","[0, 0, 0, 2, 0, 0, 0, 1, 1, 2, 2]",wild animal,env_water,USA:MD,water_northeast
Water_Delmarva,179,179,806,539,1.0,0.0,SAMN06115732,"serotype=Bareilly,""antigen_formula=7:y:1,5""",63787.0,63787.0,63787.0,USA:MD,water,water,environmental-water,2016.0,"[0.912, 0.035, 0.053]","[179, 181, 199, 539, 632, 793, 804, 806, 806, 806, 806]","[0, 0, 0, 2, 0, 0, 0, 1, 1, 2, 2]",wild animal,env_water,USA:MD,water_northeast
Water_Delmarva,179,179,806,539,1.0,0.0,SAMN06115733,"serotype=Bareilly,""antigen_formula=7:y:1,5""",63787.0,63787.0,63787.0,USA:MD,water,water,environmental-water,2016.0,"[0.912, 0.035, 0.053]","[179, 181, 199, 539, 632, 793, 804, 806, 806, 806, 806]","[0, 0, 0, 2, 0, 0, 0, 1, 1, 2, 2]",wild animal,env_water,USA:MD,water_northeast
Water_Delmarva,179,179,806,539,1.0,0.0,SAMN06115731,"serotype=Bareilly,""antigen_formula=7:y:1,5""",63787.0,63787.0,63787.0,USA:MD,water,water,environmental-water,2016.0,"[0.912, 0.035, 0.053]","[179, 181, 199, 539, 632, 793, 804, 806, 806, 806, 806]","[0, 0, 0, 2, 0, 0, 0, 1, 1, 2, 2]",wild animal,env_water,USA:MD,water_northeast
Water_Delmarva,180,180,807,540,1.0,0.0,SAMN06115735,"serotype=Bareilly,""antigen_formula=7:y:1,5""",63787.0,63787.0,63787.0,USA:MD,water,water,environmental-water,2016.0,"[0.912, 0.035, 0.053]","[180, 183, 199, 540, 633, 794, 805, 807, 807, 807, 807]","[0, 0, 0, 2, 0, 0, 0, 1, 1, 2, 2]",wild animal,env_water,USA:MD,water_northeast
Water_Delmarva,179,179,806,539,1.0,0.0,SAMN06115734,"serotype=Bareilly,""antigen_formula=7:y:1,5""",63787.0,63787.0,63787.0,USA:MD,water,water,environmental-water,2016.0,"[0.912, 0.035, 0.053]","[179, 181, 199, 539, 632, 793, 804, 806, 806, 806, 806]","[0, 0, 0, 2, 0, 0, 0, 1, 1, 2, 2]",wild animal,env_water,USA:MD,water_northeast
Water_Delmarva,17,19,18,17,0.47,2.0,SAMN06115730,"serotype=Anatum,""antigen_formula=3,10:e,h:1,6""",65806.0,12032.0,694.0,USA:DE,water,water,environmental-water,2016.0,"[0.129, 0.394, 0.477]","[17, 18, 18, 19, 19, 19, 19, 19, 19, 20, 20]","[2, 1, 1, 1, 0, 1, 1, 2, 2, 1, 2]",generalist,env_water,USA:DE,water_northeast
Water_Delmarva,21,33,21,37,0.34,0.0,SAMN06115729,"serotype=Newport,""antigen_formula=8:e,h:1,2""",8571.0,8571.0,120.0,USA:DE,water,water,environmental-water,2016.0,"[0.498, 0.413, 0.089]","[21, 22, 28, 33, 33, 33, 34, 34, 34, 37, 39]","[1, 1, 1, 0, 0, 0, 0, 0, 0, 2, 0]",generalist,env_water,USA:DE,water_northeast
Water_Delmarva,23,35,23,39,0.35,0.0,SAMN06115728,"serotype=Newport,""antigen_formula=8:e,h:1,2""",8571.0,8571.0,120.0,USA:DE,water,water,environmental-water,2016.0,"[0.498, 0.413, 0.089]","[23, 24, 30, 35, 35, 35, 36, 36, 36, 39, 41]","[1, 1, 1, 0, 0, 0, 0, 0, 0, 2, 0]",generalist,env_water,USA:DE,water_northeast
Water_Delmarva,17,29,17,33,0.32,0.0,SAMN06115758,"serotype=Newport,""antigen_formula=8:e,h:1,2""",65796.0,8571.0,120.0,USA:DE,water,water,environmental-water,2016.0,"[0.498, 0.413, 0.09]","[17, 18, 24, 29, 29, 29, 30, 30, 30, 33, 35]","[1, 1, 1, 0, 0, 0, 0, 0, 0, 2, 0]",generalist,env_water,USA:DE,water_northeast
Water_Delmarva,21,33,21,37,0.34,0.0,SAMN06115726,"serotype=Newport,""antigen_formula=8:e,h:1,2""",8571.0,8571.0,120.0,USA:DE,water,water,environmental-water,2016.0,"[0.498, 0.413, 0.089]","[21, 22, 28, 33, 33, 33, 34, 34, 34, 37, 39]","[1, 1, 1, 0, 0, 0, 0, 0, 0, 2, 0]",generalist,env_water,USA:DE,water_northeast
Water_Delmarva,18,18,27,22,0.71,0.0,SAMN06115727,"serotype=Newport,""antigen_formula=8:e,h:1,2""",6304.0,6304.0,3108.0,USA:DE,water,water,environmental-water,2016.0,"[0.992, 0.003, 0.005]","[18, 18, 18, 19, 19, 19, 22, 24, 26, 27, 27]","[0, 0, 0, 0, 0, 0, 2, 0, 2, 1, 0]",bovine,env_water,USA:DE,water_northeast
Water_Delmarva,18,30,18,34,0.32,0.0,SAMN06115757,"serotype=Newport,""antigen_formula=8:e,h:1,2""",65796.0,8571.0,120.0,USA:DE,water,water,environmental-water,2016.0,"[0.498, 0.413, 0.09]","[18, 19, 25, 30, 30, 30, 31, 31, 31, 34, 36]","[1, 1, 1, 0, 0, 0, 0, 0, 0, 2, 0]",generalist,env_water,USA:DE,water_northeast
Water_Delmarva,13,15,14,13,0.47,2.0,SAMN06115751,"serotype=Anatum,""antigen_formula=3,10:e,h:1,6""",63827.0,12032.0,694.0,USA:DE,water,water,environmental-water,2016.0,"[0.129, 0.393, 0.478]","[13, 14, 14, 15, 15, 15, 15, 15, 15, 16, 16]","[2, 1, 1, 1, 1, 0, 1, 2, 2, 1, 1]",generalist,env_water,USA:DE,water_northeast
Water_Delmarva,24,37,24,40,0.34,0.0,SAMN06115755,"serotype=Newport,""antigen_formula=8:e,h:1,2""",65816.0,8571.0,120.0,USA:DE,water,water,environmental-water,2016.0,"[0.469, 0.434, 0.097]","[24, 25, 31, 37, 37, 37, 38, 38, 38, 40, 43]","[1, 1, 1, 0, 0, 0, 0, 0, 0, 2, 0]",generalist,env_water,USA:DE,water_northeast
Water_Delmarva,308,323,308,320,0.93,2.0,SAMN06115753,"serotype=Rubislaw,""antigen_formula=11:r:e,n,x""",65815.0,65815.0,65815.0,USA:MD,water,water,environmental-water,2016.0,"[0.24, 0.159, 0.6]","[308, 320, 323, 581, 1341, 1356, 1392, 1395, 1609, 1610, 1608]","[1, 2, 0, 2, 1, 0, 2, 2, 0, 2, 2]",wild animal,env_water,USA:MD,water_northeast
Water_Delmarva,31,31,272,253,1.0,0.0,SAMN06115754,"serotype=Hartford,""antigen_formula=7:y:e,n,x""",65814.0,65814.0,65814.0,USA:MD,water,water,environmental-water,2016.0,"[0.817, 0.088, 0.095]","[31, 35, 250, 253, 257, 260, 264, 265, 270, 270, 271]","[0, 0, 0, 2, 0, 0, 0, 0, 0, 2, 0]",bovine,env_water,USA:MD,water_northeast
Water_Delmarva,112,112,134,184,0.71,0.0,SAMN06115756,"serotype=Bareilly,""antigen_formula=7:y:1,5""",65803.0,65803.0,65803.0,USA:DE,water,water,environmental-water,2016.0,"[0.83, 0.104, 0.067]","[112, 128, 131, 134, 184, 184, 184, 184, 184, 184, 185]","[0, 0, 0, 1, 2, 1, 1, 0, 2, 0, 2]",wild animal,env_water,USA:DE,water_northeast
Water_Delmarva,309,324,309,321,0.93,2.0,SAMN06115752,"serotype=Rubislaw,""antigen_formula=11:r:e,n,x""",65815.0,65815.0,65815.0,USA:MD,water,water,environmental-water,2016.0,"[0.24, 0.159, 0.601]","[309, 321, 324, 582, 1341, 1357, 1392, 1395, 1610, 1611, 1609]","[1, 2, 0, 2, 1, 0, 2, 2, 0, 2, 2]",wild animal,env_water,USA:MD,water_northeast
Water_Delmarva,12,14,13,12,0.46,2.0,SAMN06115750,"serotype=Anatum,""antigen_formula=3,10:e,h:1,6""",63827.0,12032.0,694.0,USA:DE,water,water,environmental-water,2016.0,"[0.129, 0.393, 0.478]","[12, 13, 13, 14, 14, 14, 14, 14, 14, 15, 15]","[2, 1, 1, 0, 1, 1, 1, 2, 2, 1, 2]",generalist,env_water,USA:DE,water_northeast
Water_Delmarva,13,15,14,13,0.47,2.0,SAMN06115749,"serotype=Anatum,""antigen_formula=3,10:e,h:1,6""",63827.0,12032.0,694.0,USA:DE,water,water,environmental-water,2016.0,"[0.129, 0.393, 0.478]","[13, 14, 14, 15, 15, 15, 15, 15, 15, 16, 16]","[2, 1, 1, 1, 1, 0, 1, 2, 2, 1, 1]",generalist,env_water,USA:DE,water_northeast
Water_Delmarva,2190,2190,2269,2228,0.51,0.0,SAMN06115781,"serotype=IIIb 60:i:[e,n,x,z15],""antigen_formula=60:i:e,n,x,z15""",65811.0,65811.0,65811.0,USA:DE,water,water,environmental-water,2016.0,"[0.823, 0.086, 0.091]","[2190, 2223, 2222, 2228, 2226, 2219, 2225, 2228, 2232, 2236, 2234]","[0, 0, 0, 0, 0, 0, 0, 2, 0, 0, 0]",wild animal,env_water,USA:DE,water_northeast
Water_Delmarva,2190,2190,2269,2228,0.51,0.0,SAMN06115746,"serotype=IIIb 60:i:[e,n,x,z15],""antigen_formula=60:i:e,n,x,z15""",65811.0,65811.0,65811.0,USA:DE,water,water,environmental-water,2016.0,"[0.823, 0.086, 0.091]","[2190, 2223, 2222, 2228, 2226, 2219, 2225, 2228, 2232, 2236, 2234]","[0, 0, 0, 0, 0, 0, 0, 2, 0, 0, 0]",wild animal,env_water,USA:DE,water_northeast
Water_Delmarva,20,32,20,36,0.34,0.0,SAMN06115780,"serotype=Newport,""antigen_formula=8:e,h:1,2""",8571.0,8571.0,120.0,USA:DE,water,water,environmental-water,2016.0,"[0.498, 0.413, 0.09]","[20, 21, 27, 32, 32, 32, 33, 33, 33, 36, 38]","[1, 1, 1, 0, 0, 0, 0, 0, 0, 2, 0]",generalist,env_water,USA:DE,water_northeast
Water_Delmarva,17,490,20,17,0.52,2.0,SAMN06115748,"serotype=Javiana,""antigen_formula=9:l,z28:1,5""",58639.0,58639.0,590.0,USA:DE,water,water,environmental-water,2016.0,"[0.008, 0.044, 0.949]","[17, 20, 21, 22, 22, 23, 45, 122, 292, 293, 308]","[2, 1, 2, 1, 2, 2, 2, 1, 1, 1, 2]",generalist,env_water,USA:DE,water_northeast
Water_Delmarva,13,15,14,13,0.47,2.0,SAMN06115747,"serotype=Anatum,""antigen_formula=3,10:e,h:1,6""",63827.0,12032.0,694.0,USA:DE,water,water,environmental-water,2016.0,"[0.129, 0.393, 0.478]","[13, 14, 14, 15, 15, 15, 15, 15, 15, 16, 16]","[2, 1, 1, 1, 1, 0, 1, 2, 2, 1, 1]",generalist,env_water,USA:DE,water_northeast
Water_Delmarva,20,32,20,36,0.34,0.0,SAMN06115779,"serotype=Newport,""antigen_formula=8:e,h:1,2""",8571.0,8571.0,120.0,USA:DE,water,water,environmental-water,2016.0,"[0.498, 0.413, 0.09]","[20, 21, 27, 32, 32, 32, 33, 33, 33, 36, 38]","[1, 1, 1, 0, 0, 0, 0, 0, 0, 2, 0]",generalist,env_water,USA:DE,water_northeast
Water_Delmarva,43,43,44,44,0.55,0.0,SAMN06115778,"serotype=Typhimurium,""antigen_formula=4:i:1,2""",65795.0,65795.0,65795.0,USA:DE,water,water,environmental-water,2016.0,"[0.838, 0.089, 0.074]","[43, 44, 44, 44, 48, 48, 48, 48, 49, 51, 52]","[0, 2, 1, 0, 0, 1, 0, 0, 1, 0, 1]",wild animal,env_water,USA:DE,water_northeast
Water_Delmarva,43,43,44,44,0.55,0.0,SAMN06115777,"serotype=Typhimurium,""antigen_formula=4:i:1,2""",65795.0,65795.0,65795.0,USA:DE,water,water,environmental-water,2016.0,"[0.838, 0.089, 0.074]","[43, 44, 44, 44, 48, 48, 48, 48, 49, 51, 52]","[0, 2, 1, 0, 0, 1, 0, 0, 1, 0, 1]",wild animal,env_water,USA:DE,water_northeast
Water_Delmarva,33,37,33,44,0.54,0.0,SAMN06115774,"serotype=Newport,""antigen_formula=8:e,h:1,2""",9349.0,9349.0,9349.0,USA:DE,water,water,environmental-water,2016.0,"[0.688, 0.209, 0.103]","[33, 37, 40, 40, 41, 41, 43, 44, 44, 44, 44]","[1, 0, 0, 0, 0, 0, 1, 1, 0, 2, 1]",bovine,env_water,USA:DE,water_northeast
Water_Delmarva,32,36,32,43,0.54,0.0,SAMN06115773,"serotype=Newport,""antigen_formula=8:e,h:1,2""",9349.0,9349.0,9349.0,USA:DE,water,water,environmental-water,2016.0,"[0.688, 0.209, 0.103]","[32, 36, 39, 39, 40, 40, 42, 43, 43, 43, 43]","[1, 0, 0, 0, 0, 0, 1, 1, 0, 2, 1]",bovine,env_water,USA:DE,water_northeast
Water_Delmarva,77,77,77,77,0.49,0.0,SAMN06115770,"serotype=Norwich,""antigen_formula=7:e,h:1,6""",639.0,639.0,639.0,USA:DE,water,water,environmental-water,2016.0,"[0.479, 0.374, 0.147]","[77, 77, 77, 77, 77, 78, 118, 122, 123, 124, 124]","[1, 1, 2, 0, 1, 0, 0, 0, 0, 0, 1]",wild animal,env_water,USA:DE,water_northeast
Water_Delmarva,43,43,44,44,0.55,0.0,SAMN06115776,"serotype=Typhimurium,""antigen_formula=4:i:1,2""",65795.0,65795.0,65795.0,USA:DE,water,water,environmental-water,2016.0,"[0.838, 0.089, 0.074]","[43, 44, 44, 44, 48, 48, 48, 48, 49, 51, 52]","[0, 2, 1, 0, 0, 1, 0, 0, 1, 0, 1]",wild animal,env_water,USA:DE,water_northeast
Water_Delmarva,77,77,77,77,0.49,0.0,SAMN06115771,"serotype=Norwich,""antigen_formula=7:e,h:1,6""",639.0,639.0,639.0,USA:DE,water,water,environmental-water,2016.0,"[0.479, 0.374, 0.147]","[77, 77, 77, 77, 77, 78, 118, 122, 123, 124, 124]","[1, 1, 2, 0, 1, 0, 0, 0, 0, 0, 1]",wild animal,env_water,USA:DE,water_northeast
Water_Delmarva,33,37,33,44,0.54,0.0,SAMN06115775,"serotype=Newport,""antigen_formula=8:e,h:1,2""",9349.0,9349.0,9349.0,USA:DE,water,water,environmental-water,2016.0,"[0.688, 0.209, 0.103]","[33, 37, 40, 40, 41, 41, 43, 44, 44, 44, 44]","[1, 0, 0, 0, 0, 0, 1, 1, 0, 2, 1]",bovine,env_water,USA:DE,water_northeast
Water_Delmarva,77,77,77,77,0.49,0.0,SAMN06115767,"serotype=Norwich,""antigen_formula=7:e,h:1,6""",639.0,639.0,639.0,USA:DE,water,water,environmental-water,2016.0,"[0.479, 0.374, 0.147]","[77, 77, 77, 77, 77, 78, 118, 122, 123, 124, 124]","[1, 1, 2, 0, 1, 0, 0, 0, 0, 0, 1]",wild animal,env_water,USA:DE,water_northeast
Water_Delmarva,77,77,77,77,0.49,0.0,SAMN06115769,"serotype=Norwich,""antigen_formula=7:e,h:1,6""",639.0,639.0,639.0,USA:DE,water,water,environmental-water,2016.0,"[0.479, 0.374, 0.147]","[77, 77, 77, 77, 77, 78, 118, 122, 123, 124, 124]","[1, 1, 2, 0, 1, 0, 0, 0, 0, 0, 1]",wild animal,env_water,USA:DE,water_northeast
Water_Delmarva,112,112,134,184,0.71,0.0,SAMN06115765,"serotype=Bareilly,""antigen_formula=7:y:1,5""",65803.0,65803.0,65803.0,USA:DE,water,water,environmental-water,2016.0,"[0.83, 0.104, 0.067]","[112, 128, 131, 134, 184, 184, 184, 184, 184, 184, 185]","[0, 0, 0, 1, 2, 0, 1, 1, 2, 0, 2]",wild animal,env_water,USA:DE,water_northeast
Water_Delmarva,77,77,77,77,0.49,0.0,SAMN06115766,"serotype=Norwich,""antigen_formula=7:e,h:1,6""",639.0,639.0,639.0,USA:DE,water,water,environmental-water,2016.0,"[0.479, 0.374, 0.147]","[77, 77, 77, 77, 77, 78, 118, 122, 123, 124, 124]","[1, 1, 2, 0, 1, 0, 0, 0, 0, 0, 1]",wild animal,env_water,USA:DE,water_northeast
Water_Delmarva,77,77,77,77,0.49,0.0,SAMN06115768,"serotype=Norwich,""antigen_formula=7:e,h:1,6""",639.0,639.0,639.0,USA:DE,water,water,environmental-water,2016.0,"[0.479, 0.374, 0.147]","[77, 77, 77, 77, 77, 78, 118, 122, 123, 124, 124]","[1, 1, 2, 0, 1, 0, 0, 0, 0, 0, 1]",wild animal,env_water,USA:DE,water_northeast
Water_Delmarva,112,112,134,184,0.71,0.0,SAMN06115805,"serotype=Bareilly,""antigen_formula=7:y:1,5""",65803.0,65803.0,65803.0,USA:DE,water,water,environmental-water,2016.0,"[0.83, 0.104, 0.067]","[112, 128, 131, 134, 184, 184, 184, 184, 184, 184, 185]","[0, 0, 0, 1, 2, 0, 1, 1, 2, 0, 2]",wild animal,env_water,USA:DE,water_northeast
Water_Delmarva,112,112,134,184,0.71,0.0,SAMN06115806,"serotype=Bareilly,""antigen_formula=7:y:1,5""",65803.0,65803.0,65803.0,USA:DE,water,water,environmental-water,2016.0,"[0.83, 0.104, 0.067]","[112, 128, 131, 134, 184, 184, 184, 184, 184, 184, 185]","[0, 0, 0, 1, 2, 0, 1, 1, 2, 0, 2]",wild animal,env_water,USA:DE,water_northeast
Water_Delmarva,41,41,95,99,0.52,0.0,SAMN06115792,"serotype=Typhimurium,""antigen_formula=4:i:1,2""",65808.0,65808.0,65808.0,USA:MD,water,water,environmental-water,2016.0,"[0.617, 0.192, 0.19]","[41, 94, 94, 95, 95, 95, 95, 95, 95, 95, 96]","[0, 0, 0, 1, 0, 0, 0, 0, 0, 0, 0]",wild animal,env_water,USA:MD,water_northeast
Water_Delmarva,13,13,46,42,0.99,0.0,SAMN06115791,"serotype=Typhimurium,""antigen_formula=4:i:1,2""",60781.0,4475.0,4475.0,USA:MD,water,water,environmental-water,2016.0,"[0.983, 0.008, 0.008]","[13, 13, 13, 15, 15, 17, 20, 20, 20, 20, 20]","[0, 0, 0, 0, 0, 0, 0, 0, 0, 0, 0]",bovine,env_water,USA:MD,water_northeast
Water_Delmarva,12,12,45,41,1.0,0.0,SAMN06115788,"serotype=Typhimurium,""antigen_formula=4:i:1,2""",60781.0,4475.0,4475.0,USA:MD,water,water,environmental-water,2016.0,"[0.983, 0.008, 0.008]","[12, 12, 12, 14, 14, 16, 19, 19, 19, 19, 19]","[0, 0, 0, 0, 0, 0, 0, 0, 0, 0, 0]",bovine,env_water,USA:MD,water_northeast
Water_Delmarva,12,12,45,41,1.0,0.0,SAMN06115790,"serotype=Typhimurium,""antigen_formula=4:i:1,2""",60781.0,4475.0,4475.0,USA:MD,water,water,environmental-water,2016.0,"[0.983, 0.008, 0.008]","[12, 12, 12, 14, 14, 16, 19, 19, 19, 19, 19]","[0, 0, 0, 0, 0, 0, 0, 0, 0, 0, 0]",bovine,env_water,USA:MD,water_northeast
Water_Delmarva,12,12,45,41,1.0,0.0,SAMN06115789,"serotype=Typhimurium,""antigen_formula=4:i:1,2""",60781.0,4475.0,4475.0,USA:MD,water,water,environmental-water,2016.0,"[0.983, 0.008, 0.008]","[12, 12, 12, 14, 14, 16, 19, 19, 19, 19, 19]","[0, 0, 0, 0, 0, 0, 0, 0, 0, 0, 0]",bovine,env_water,USA:MD,water_northeast
Water_Delmarva,26,26,34,30,0.65,0.0,SAMN06115786,"serotype=Newport,""antigen_formula=8:e,h:1,2""",6304.0,6304.0,3108.0,USA:MD,water,water,environmental-water,2016.0,"[0.992, 0.003, 0.005]","[26, 26, 26, 27, 27, 27, 30, 32, 34, 34, 35]","[0, 0, 0, 0, 0, 0, 2, 0, 1, 2, 0]",bovine,env_water,USA:MD,water_northeast
Water_Delmarva,26,26,34,30,0.65,0.0,SAMN06115785,"serotype=Newport,""antigen_formula=8:e,h:1,2""",6304.0,6304.0,3108.0,USA:MD,water,water,environmental-water,2016.0,"[0.992, 0.003, 0.005]","[26, 26, 26, 27, 27, 27, 30, 32, 34, 34, 35]","[0, 0, 0, 0, 0, 0, 2, 0, 1, 2, 0]",bovine,env_water,USA:MD,water_northeast
Water_Delmarva,27,27,35,31,0.65,0.0,SAMN06115837,"serotype=Newport,""antigen_formula=8:e,h:1,2""",6304.0,6304.0,3108.0,USA:MD,water,water,environmental-water,2016.0,"[0.992, 0.003, 0.005]","[27, 27, 27, 28, 28, 28, 31, 33, 35, 35, 36]","[0, 0, 0, 0, 0, 0, 2, 0, 1, 2, 0]",bovine,env_water,USA:MD,water_northeast
Water_Delmarva,26,26,34,30,0.65,0.0,SAMN06115838,"serotype=Newport,""antigen_formula=8:e,h:1,2""",6304.0,6304.0,3108.0,USA:MD,water,water,environmental-water,2016.0,"[0.992, 0.003, 0.005]","[26, 26, 26, 27, 27, 27, 30, 32, 34, 34, 35]","[0, 0, 0, 0, 0, 0, 2, 0, 1, 2, 0]",bovine,env_water,USA:MD,water_northeast
Water_Delmarva,0,5,0,16,1.0,1.0,SAMN06115830,"serotype=Thompson,""antigen_formula=7:k:1,5""",119.0,119.0,119.0,USA:MD,water,water,environmental-water,2016.0,"[0.027, 0.945, 0.027]","[0, 0, 0, 0, 1, 3, 4, 4, 5, 5, 5]","[1, 1, 1, 1, 1, 1, 1, 1, 0, 1, 0]",poultry,env_water,USA:MD,water_northeast
Water_Delmarva,32,36,32,43,0.54,0.0,SAMN06115833,"serotype=Newport,""antigen_formula=8:e,h:1,2""",9349.0,9349.0,9349.0,USA:MD,water,water,environmental-water,2016.0,"[0.687, 0.209, 0.103]","[32, 36, 39, 39, 40, 40, 42, 43, 43, 43, 43]","[1, 0, 0, 0, 0, 0, 1, 1, 0, 1, 2]",bovine,env_water,USA:MD,water_northeast
Water_Delmarva,0,5,0,16,1.0,1.0,SAMN06115834,"serotype=Thompson,""antigen_formula=7:k:1,5""",119.0,119.0,119.0,USA:MD,water,water,environmental-water,2016.0,"[0.027, 0.945, 0.027]","[0, 0, 0, 0, 1, 3, 4, 4, 5, 5, 5]","[1, 1, 1, 1, 1, 1, 1, 1, 0, 1, 0]",poultry,env_water,USA:MD,water_northeast
Water_Delmarva,1,6,1,17,1.0,1.0,SAMN06115831,"serotype=Thompson,""antigen_formula=7:k:1,5""",119.0,119.0,119.0,USA:MD,water,water,environmental-water,2016.0,"[0.028, 0.944, 0.028]","[1, 1, 1, 1, 2, 4, 5, 5, 6, 6, 6]","[1, 1, 1, 1, 1, 1, 1, 1, 0, 0, 1]",poultry,env_water,USA:MD,water_northeast
Water_Delmarva,0,5,0,16,1.0,1.0,SAMN06115832,"serotype=Thompson,""antigen_formula=7:k:1,5""",119.0,119.0,119.0,USA:MD,water,water,environmental-water,2016.0,"[0.027, 0.945, 0.027]","[0, 0, 0, 0, 1, 3, 4, 4, 5, 5, 5]","[1, 1, 1, 1, 1, 1, 1, 1, 0, 1, 0]",poultry,env_water,USA:MD,water_northeast
Water_Delmarva,32,36,32,43,0.54,0.0,SAMN06115828,"serotype=Newport,""antigen_formula=8:e,h:1,2""",9349.0,9349.0,9349.0,USA:MD,water,water,environmental-water,2016.0,"[0.687, 0.209, 0.103]","[32, 36, 39, 39, 40, 40, 42, 43, 43, 43, 43]","[1, 0, 0, 0, 0, 0, 1, 1, 0, 1, 2]",bovine,env_water,USA:MD,water_northeast
Water_Delmarva,32,36,32,43,0.54,0.0,SAMN06115829,"serotype=Newport,""antigen_formula=8:e,h:1,2""",9349.0,9349.0,9349.0,USA:MD,water,water,environmental-water,2016.0,"[0.687, 0.209, 0.103]","[32, 36, 39, 39, 40, 40, 42, 43, 43, 43, 43]","[1, 0, 0, 0, 0, 0, 1, 1, 0, 1, 2]",bovine,env_water,USA:MD,water_northeast
Water_Delmarva,4,4,6,14,0.5,0.0,SAMN06115860,"serotype=Thompson,""antigen_formula=7:k:1,5""",890.0,119.0,119.0,USA:MD,water,water,environmental-water,2016.0,"[0.599, 0.241, 0.16]","[4, 6, 6, 6, 7, 7, 7, 7, 7, 7, 7]","[0, 1, 1, 0, 1, 1, 1, 1, 1, 1, 1]",generalist,env_water,USA:MD,water_northeast
Water_Delmarva,30,34,30,41,0.54,0.0,SAMN06115865,"serotype=Newport,""antigen_formula=8:e,h:1,2""",9349.0,9349.0,9349.0,USA:MD,water,water,environmental-water,2016.0,"[0.687, 0.21, 0.103]","[30, 34, 37, 37, 38, 38, 40, 41, 41, 41, 41]","[1, 0, 0, 0, 0, 0, 1, 0, 1, 1, 2]",bovine,env_water,USA:MD,water_northeast
Water_Delmarva,4,4,6,14,0.5,0.0,SAMN06115861,"serotype=Thompson,""antigen_formula=7:k:1,5""",890.0,119.0,119.0,USA:MD,water,water,environmental-water,2016.0,"[0.599, 0.241, 0.16]","[4, 6, 6, 6, 7, 7, 7, 7, 7, 7, 7]","[0, 1, 0, 1, 1, 1, 1, 1, 1, 1, 1]",generalist,env_water,USA:MD,water_northeast
Water_Delmarva,30,34,30,41,0.54,0.0,SAMN06115864,"serotype=Newport,""antigen_formula=8:e,h:1,2""",9349.0,9349.0,9349.0,USA:MD,water,water,environmental-water,2016.0,"[0.687, 0.21, 0.103]","[30, 34, 37, 37, 38, 38, 40, 41, 41, 41, 41]","[1, 0, 0, 0, 0, 0, 1, 0, 1, 1, 2]",bovine,env_water,USA:MD,water_northeast
Water_Delmarva,4,4,6,14,0.5,0.0,SAMN06115862,"serotype=Thompson,""antigen_formula=7:k:1,5""",890.0,119.0,119.0,USA:MD,water,water,environmental-water,2016.0,"[0.599, 0.241, 0.16]","[4, 6, 6, 6, 7, 7, 7, 7, 7, 7, 7]","[0, 1, 1, 0, 1, 1, 1, 1, 1, 1, 1]",generalist,env_water,USA:MD,water_northeast
Water_Delmarva,2162,2162,2165,2163,0.5,0.0,SAMN06115863,"serotype=IV 44:z36,[z38]:-,""antigen_formula=44:z36,z38:-""",65838.0,65838.0,65838.0,USA:MD,water,water,environmental-water,2016.0,"[0.713, 0.192, 0.096]","[2162, 2162, 2163, 2163, 2165, 2166, 2445, 2950, 2956, 2958, 2960]","[0, 0, 2, 0, 1, 1, 1, 0, 1, 0, 1]",wild animal,env_water,USA:MD,water_northeast
Water_Delmarva,30,34,30,41,0.54,0.0,SAMN06115866,"serotype=Newport,""antigen_formula=8:e,h:1,2""",9349.0,9349.0,9349.0,USA:MD,water,water,environmental-water,2016.0,"[0.687, 0.21, 0.103]","[30, 34, 37, 37, 38, 38, 40, 41, 41, 41, 41]","[1, 0, 0, 0, 0, 0, 1, 0, 1, 1, 2]",bovine,env_water,USA:MD,water_northeast
Water_Delmarva,6,6,8,16,0.5,0.0,SAMN06115882,"serotype=Thompson,""antigen_formula=7:k:1,5""",890.0,119.0,119.0,USA:MD,water,water,environmental-water,2016.0,"[0.599, 0.241, 0.16]","[6, 8, 8, 8, 9, 9, 9, 9, 9, 9, 9]","[0, 1, 1, 0, 1, 1, 1, 1, 1, 0, 1]",generalist,env_water,USA:MD,water_northeast
Water_Delmarva,6,6,8,16,0.5,0.0,SAMN06115880,"serotype=Thompson,""antigen_formula=7:k:1,5""",890.0,119.0,119.0,USA:MD,water,water,environmental-water,2016.0,"[0.599, 0.241, 0.16]","[6, 8, 8, 8, 9, 9, 9, 9, 9, 9, 9]","[0, 1, 1, 0, 1, 1, 1, 1, 1, 0, 1]",generalist,env_water,USA:MD,water_northeast
Water_Delmarva,11,11,45,40,1.0,0.0,SAMN06115892,"serotype=Typhimurium,""antigen_formula=4:i:1,2""",60781.0,4475.0,4475.0,USA:MD,water,water,environmental-water,2016.0,"[0.983, 0.008, 0.008]","[11, 11, 11, 13, 13, 15, 18, 18, 18, 18, 18]","[0, 0, 0, 0, 0, 0, 0, 0, 0, 0, 0]",bovine,env_water,USA:MD,water_northeast
Water_Delmarva,11,11,45,40,1.0,0.0,SAMN06115855,"serotype=Typhimurium,""antigen_formula=4:i:1,2""",60781.0,4475.0,4475.0,USA:MD,water,water,environmental-water,2016.0,"[0.983, 0.008, 0.008]","[11, 11, 11, 13, 13, 15, 18, 18, 18, 18, 18]","[0, 0, 0, 0, 0, 0, 0, 0, 0, 0, 0]",bovine,env_water,USA:MD,water_northeast
Water_Delmarva,6,6,8,16,0.5,0.0,SAMN06115881,"serotype=Thompson,""antigen_formula=7:k:1,5""",890.0,119.0,119.0,USA:MD,water,water,environmental-water,2016.0,"[0.599, 0.241, 0.16]","[6, 8, 8, 8, 9, 9, 9, 9, 9, 9, 9]","[0, 1, 1, 0, 1, 1, 1, 1, 1, 0, 1]",generalist,env_water,USA:MD,water_northeast
Water_Delmarva,18,18,27,22,0.71,0.0,SAMN06115857,"serotype=Newport,""antigen_formula=8:e,h:1,2""",6304.0,6304.0,3108.0,USA:MD,water,water,environmental-water,2016.0,"[0.992, 0.003, 0.005]","[18, 18, 18, 19, 19, 19, 22, 24, 26, 27, 27]","[0, 0, 0, 0, 0, 0, 2, 0, 2, 1, 0]",bovine,env_water,USA:MD,water_northeast
Water_Delmarva,6,6,8,16,0.5,0.0,SAMN06115879,"serotype=Thompson,""antigen_formula=7:k:1,5""",890.0,119.0,119.0,USA:MD,water,water,environmental-water,2016.0,"[0.599, 0.241, 0.16]","[6, 8, 8, 8, 9, 9, 9, 9, 9, 9, 9]","[0, 1, 1, 0, 1, 1, 1, 1, 1, 0, 1]",generalist,env_water,USA:MD,water_northeast
Water_Delmarva,8,17,8,69,0.62,0.0,SAMN06115887,"serotype=Typhimurium,""antigen_formula=4:i:1,2""",65836.0,4472.0,4472.0,USA:MD,water,water,environmental-water,2016.0,"[0.613, 0.258, 0.129]","[8, 17, 17, 17, 19, 19, 21, 21, 22, 22, 22]","[1, 0, 0, 0, 0, 0, 1, 0, 0, 0, 0]",bovine,env_water,USA:MD,water_northeast
Water_Delmarva,6,6,8,16,0.5,0.0,SAMN06115883,"serotype=Thompson,""antigen_formula=7:k:1,5""",890.0,119.0,119.0,USA:MD,water,water,environmental-water,2016.0,"[0.599, 0.241, 0.16]","[6, 8, 8, 8, 9, 9, 9, 9, 9, 9, 9]","[0, 1, 1, 0, 1, 1, 1, 1, 1, 0, 1]",generalist,env_water,USA:MD,water_northeast
Water_Delmarva,6,6,8,16,0.5,0.0,SAMN06115878,"serotype=Thompson,""antigen_formula=7:k:1,5""",890.0,119.0,119.0,USA:MD,water,water,environmental-water,2016.0,"[0.599, 0.241, 0.16]","[6, 8, 8, 8, 9, 9, 9, 9, 9, 9, 9]","[0, 1, 1, 0, 1, 1, 1, 1, 1, 0, 1]",generalist,env_water,USA:MD,water_northeast
Water_Delmarva,11,11,45,40,1.0,0.0,SAMN06115854,"serotype=Typhimurium,""antigen_formula=4:i:1,2""",60781.0,4475.0,4475.0,USA:MD,water,water,environmental-water,2016.0,"[0.983, 0.008, 0.008]","[11, 11, 11, 13, 13, 15, 18, 18, 18, 18, 18]","[0, 0, 0, 0, 0, 0, 0, 0, 0, 0, 0]",bovine,env_water,USA:MD,water_northeast
Water_Delmarva,2162,2162,2165,2164,0.5,0.0,SAMN06115858,"serotype=IV 44:z36,[z38]:-,""antigen_formula=44:z36,z38:-""",65838.0,65838.0,65838.0,USA:MD,water,water,environmental-water,2016.0,"[0.713, 0.192, 0.096]","[2162, 2162, 2164, 2164, 2165, 2167, 2445, 2951, 2957, 2959, 2961]","[0, 0, 2, 0, 1, 1, 1, 0, 1, 0, 1]",wild animal,env_water,USA:MD,water_northeast
Water_Delmarva,11,14,11,388,0.75,1.0,SAMN06115876,"serotype=Newport,""antigen_formula=8:e,h:1,2""",122.0,122.0,122.0,USA:MD,water,water,environmental-water,2016.0,"[0.036, 0.956, 0.008]","[11, 11, 11, 12, 12, 12, 12, 14, 16, 17, 30]","[1, 1, 1, 1, 1, 1, 1, 0, 1, 0, 0]",poultry,env_water,USA:MD,water_northeast
Water_Delmarva,11,14,11,388,0.75,1.0,SAMN06115877,"serotype=Newport,""antigen_formula=8:e,h:1,2""",122.0,122.0,122.0,USA:MD,water,water,environmental-water,2016.0,"[0.036, 0.956, 0.008]","[11, 11, 11, 12, 12, 12, 12, 14, 16, 17, 30]","[1, 1, 1, 1, 1, 1, 1, 0, 1, 0, 0]",poultry,env_water,USA:MD,water_northeast
Water_Delmarva,11,11,45,40,1.0,0.0,SAMN06115894,"serotype=Typhimurium,""antigen_formula=4:i:1,2""",60781.0,4475.0,4475.0,USA:MD,water,water,environmental-water,2016.0,"[0.983, 0.008, 0.008]","[11, 11, 11, 13, 13, 15, 18, 18, 18, 18, 18]","[0, 0, 0, 0, 0, 0, 0, 0, 0, 0, 0]",bovine,env_water,USA:MD,water_northeast
Water_Delmarva,27,27,28,29,0.52,1.0,SAMN06115852,"serotype=Typhimurium,""antigen_formula=4:i:1,2""",65837.0,65837.0,65837.0,USA:MD,water,water,environmental-water,2016.0,"[0.391, 0.466, 0.144]","[27, 28, 28, 28, 28, 29, 29, 29, 29, 29, 29]","[0, 1, 1, 1, 1, 0, 0, 0, 2, 0, 0]",generalist,env_water,USA:MD,water_northeast
Water_Delmarva,10,19,10,71,0.6,0.0,SAMN06115885,"serotype=Typhimurium,""antigen_formula=4:i:1,2""",65836.0,4472.0,4472.0,USA:MD,water,water,environmental-water,2016.0,"[0.613, 0.258, 0.129]","[10, 19, 19, 19, 21, 21, 23, 23, 24, 24, 24]","[1, 0, 0, 0, 0, 0, 0, 1, 0, 0, 0]",bovine,env_water,USA:MD,water_northeast
Water_Delmarva,12,12,46,41,1.0,0.0,SAMN06115856,"serotype=Typhimurium,""antigen_formula=4:i:1,2""",60781.0,4475.0,4475.0,USA:MD,water,water,environmental-water,2016.0,"[0.983, 0.008, 0.008]","[12, 12, 12, 14, 14, 16, 19, 19, 19, 19, 19]","[0, 0, 0, 0, 0, 0, 0, 0, 0, 0, 0]",bovine,env_water,USA:MD,water_northeast
Water_Delmarva,11,11,45,40,1.0,0.0,SAMN06115890,"serotype=Typhimurium,""antigen_formula=4:i:1,2""",60781.0,4475.0,4475.0,USA:MD,water,water,environmental-water,2016.0,"[0.983, 0.008, 0.008]","[11, 11, 11, 13, 13, 15, 18, 18, 18, 18, 18]","[0, 0, 0, 0, 0, 0, 0, 0, 0, 0, 0]",bovine,env_water,USA:MD,water_northeast
Water_Delmarva,186,186,813,545,1.0,0.0,SAMN06115906,"serotype=Bareilly,""antigen_formula=7:y:1,5""",65823.0,65823.0,65823.0,USA:MD,water,water,environmental-water,2016.0,"[0.912, 0.035, 0.053]","[186, 189, 204, 545, 640, 801, 812, 813, 813, 813, 813]","[0, 0, 0, 2, 0, 0, 0, 2, 0, 2, 1]",wild animal,env_water,USA:MD,water_northeast
Water_Delmarva,186,186,813,545,1.0,0.0,SAMN06115905,"serotype=Bareilly,""antigen_formula=7:y:1,5""",65823.0,65823.0,65823.0,USA:MD,water,water,environmental-water,2016.0,"[0.912, 0.035, 0.053]","[186, 188, 205, 545, 640, 801, 812, 813, 813, 813, 813]","[0, 0, 0, 2, 0, 0, 0, 2, 0, 2, 1]",wild animal,env_water,USA:MD,water_northeast
Water_Delmarva,7,7,8,9,0.62,0.0,SAMN06115909,"serotype=Thompson,""antigen_formula=7:k:1,5""",646.0,119.0,119.0,USA:MD,water,water,environmental-water,2016.0,"[0.897, 0.055, 0.048]","[7, 8, 8, 8, 9, 9, 10, 10, 10, 11, 11]","[0, 0, 0, 1, 2, 0, 0, 0, 1, 1, 1]",bovine,env_water,USA:MD,water_northeast
Water_Delmarva,7,7,8,9,0.62,0.0,SAMN06115910,"serotype=Thompson,""antigen_formula=7:k:1,5""",646.0,119.0,119.0,USA:MD,water,water,environmental-water,2016.0,"[0.897, 0.055, 0.048]","[7, 8, 8, 8, 9, 9, 10, 10, 10, 11, 11]","[0, 0, 0, 1, 2, 0, 0, 0, 1, 1, 1]",bovine,env_water,USA:MD,water_northeast
Water_Delmarva,7,7,8,9,0.62,0.0,SAMN06115907,"serotype=Thompson,""antigen_formula=7:k:1,5""",646.0,119.0,119.0,USA:MD,water,water,environmental-water,2016.0,"[0.897, 0.055, 0.048]","[7, 8, 8, 8, 9, 9, 10, 10, 10, 11, 11]","[0, 0, 0, 1, 2, 0, 0, 0, 1, 1, 1]",bovine,env_water,USA:MD,water_northeast
Water_Delmarva,7,7,8,9,0.62,0.0,SAMN06115908,"serotype=Thompson,""antigen_formula=7:k:1,5""",646.0,119.0,119.0,USA:MD,water,water,environmental-water,2016.0,"[0.897, 0.055, 0.048]","[7, 8, 8, 8, 9, 9, 10, 10, 10, 11, 11]","[0, 0, 0, 1, 2, 0, 0, 0, 1, 1, 1]",bovine,env_water,USA:MD,water_northeast
Water_Delmarva,78,78,78,78,0.49,0.0,SAMN06115903,"serotype=Norwich,""antigen_formula=7:e,h:1,6""",639.0,639.0,639.0,USA:MD,water,water,environmental-water,2016.0,"[0.479, 0.374, 0.147]","[78, 78, 78, 78, 78, 79, 119, 123, 124, 125, 125]","[1, 1, 2, 0, 1, 0, 0, 0, 0, 0, 1]",wild animal,env_water,USA:MD,water_northeast
Water_Delmarva,32,36,32,43,0.54,0.0,SAMN06115904,"serotype=Newport,""antigen_formula=8:e,h:1,2""",9349.0,9349.0,9349.0,USA:MD,water,water,environmental-water,2016.0,"[0.687, 0.209, 0.103]","[32, 36, 39, 39, 40, 40, 42, 43, 43, 43, 43]","[1, 0, 0, 0, 0, 0, 1, 0, 1, 2, 1]",bovine,env_water,USA:MD,water_northeast
Water_Delmarva,78,78,78,78,0.49,0.0,SAMN06115901,"serotype=Norwich,""antigen_formula=7:e,h:1,6""",639.0,639.0,639.0,USA:MD,water,water,environmental-water,2016.0,"[0.479, 0.374, 0.147]","[78, 78, 78, 78, 78, 79, 119, 123, 124, 125, 125]","[1, 1, 2, 0, 1, 0, 0, 0, 0, 0, 1]",wild animal,env_water,USA:MD,water_northeast
Water_Delmarva,32,36,32,43,0.54,0.0,SAMN06115902,"serotype=Newport,""antigen_formula=8:e,h:1,2""",9349.0,9349.0,9349.0,USA:MD,water,water,environmental-water,2016.0,"[0.687, 0.209, 0.103]","[32, 36, 39, 39, 40, 40, 42, 43, 43, 43, 43]","[1, 0, 0, 0, 0, 0, 1, 1, 0, 1, 2]",bovine,env_water,USA:MD,water_northeast
Water_Delmarva,32,36,32,43,0.54,0.0,SAMN06115899,"serotype=Newport,""antigen_formula=8:e,h:1,2""",9349.0,9349.0,9349.0,USA:MD,water,water,environmental-water,2016.0,"[0.687, 0.209, 0.103]","[32, 36, 39, 39, 40, 40, 42, 43, 43, 43, 43]","[1, 0, 0, 0, 0, 0, 1, 1, 0, 1, 2]",bovine,env_water,USA:MD,water_northeast
Water_Delmarva,32,36,32,43,0.54,0.0,SAMN06115900,"serotype=Newport,""antigen_formula=8:e,h:1,2""",9349.0,9349.0,9349.0,USA:MD,water,water,environmental-water,2016.0,"[0.687, 0.209, 0.103]","[32, 36, 39, 39, 40, 40, 42, 43, 43, 43, 43]","[1, 0, 0, 0, 0, 0, 1, 1, 0, 1, 2]",bovine,env_water,USA:MD,water_northeast
Water_Delmarva,32,36,32,43,0.54,0.0,SAMN06115897,"serotype=Newport,""antigen_formula=8:e,h:1,2""",9349.0,9349.0,9349.0,USA:MD,water,water,environmental-water,2016.0,"[0.687, 0.209, 0.103]","[32, 36, 39, 39, 40, 40, 42, 43, 43, 43, 43]","[1, 0, 0, 0, 0, 0, 1, 1, 0, 1, 2]",bovine,env_water,USA:MD,water_northeast
Water_Delmarva,33,37,33,44,0.54,0.0,SAMN06115898,"serotype=Newport,""antigen_formula=8:e,h:1,2""",9349.0,9349.0,9349.0,USA:MD,water,water,environmental-water,2016.0,"[0.687, 0.209, 0.103]","[33, 37, 40, 40, 41, 41, 43, 44, 44, 44, 44]","[1, 0, 0, 0, 0, 0, 1, 1, 0, 1, 2]",bovine,env_water,USA:MD,water_northeast
Water_Delmarva,32,36,32,43,0.54,0.0,SAMN06115896,"serotype=Newport,""antigen_formula=8:e,h:1,2""",9349.0,9349.0,9349.0,USA:MD,water,water,environmental-water,2016.0,"[0.687, 0.21, 0.103]","[32, 36, 39, 39, 40, 40, 42, 43, 43, 43, 43]","[1, 0, 0, 0, 0, 0, 1, 1, 1, 0, 1]",bovine,env_water,USA:MD,water_northeast
Water_Delmarva,15,17,16,15,0.47,2.0,SAMN06115927,"serotype=Anatum,""antigen_formula=3,10:e,h:1,6""",65851.0,12032.0,694.0,USA:DE,water,water,environmental-water,2016.0,"[0.129, 0.393, 0.477]","[15, 16, 16, 17, 17, 17, 17, 17, 17, 18, 18]","[2, 1, 1, 0, 1, 1, 1, 2, 2, 2, 1]",generalist,env_water,USA:DE,water_northeast
Water_Delmarva,15,17,16,15,0.47,2.0,SAMN06115929,"serotype=Anatum,""antigen_formula=3,10:e,h:1,6""",65851.0,12032.0,694.0,USA:DE,water,water,environmental-water,2016.0,"[0.129, 0.393, 0.477]","[15, 16, 16, 17, 17, 17, 17, 17, 17, 18, 18]","[2, 1, 1, 0, 1, 1, 1, 2, 2, 2, 1]",generalist,env_water,USA:DE,water_northeast
Water_Delmarva,15,17,16,15,0.47,2.0,SAMN06115928,"serotype=Anatum,""antigen_formula=3,10:e,h:1,6""",65851.0,12032.0,694.0,USA:DE,water,water,environmental-water,2016.0,"[0.129, 0.393, 0.477]","[15, 16, 16, 17, 17, 17, 17, 17, 17, 18, 18]","[2, 1, 1, 0, 1, 1, 1, 2, 2, 2, 1]",generalist,env_water,USA:DE,water_northeast
Water_Delmarva,16,18,17,16,0.47,2.0,SAMN06115930,"serotype=Anatum,""antigen_formula=3,10:e,h:1,6""",65851.0,12032.0,694.0,USA:DE,water,water,environmental-water,2016.0,"[0.129, 0.393, 0.477]","[16, 17, 17, 18, 18, 18, 18, 18, 18, 19, 19]","[2, 1, 1, 1, 0, 1, 1, 2, 2, 1, 1]",generalist,env_water,USA:DE,water_northeast
Water_Delmarva,78,78,78,78,0.49,0.0,SAMN06115922,"serotype=Norwich,""antigen_formula=7:e,h:1,6""",639.0,639.0,639.0,USA:DE,water,water,environmental-water,2016.0,"[0.479, 0.374, 0.147]","[78, 78, 78, 78, 78, 79, 119, 123, 124, 125, 125]","[1, 1, 2, 0, 1, 0, 0, 0, 0, 0, 1]",wild animal,env_water,USA:DE,water_northeast
Water_Delmarva,78,78,78,78,0.49,0.0,SAMN06115920,"serotype=Norwich,""antigen_formula=7:e,h:1,6""",639.0,639.0,639.0,USA:DE,water,water,environmental-water,2016.0,"[0.479, 0.374, 0.147]","[78, 78, 78, 78, 78, 79, 119, 123, 124, 125, 125]","[1, 0, 2, 1, 1, 0, 0, 0, 0, 0, 1]",wild animal,env_water,USA:DE,water_northeast
Water_Delmarva,77,77,77,77,0.49,0.0,SAMN06115919,"serotype=Norwich,""antigen_formula=7:e,h:1,6""",639.0,639.0,639.0,USA:DE,water,water,environmental-water,2016.0,"[0.463, 0.385, 0.152]","[77, 77, 77, 77, 77, 78, 118, 122, 123, 123, 123]","[1, 2, 0, 1, 1, 0, 0, 0, 0, 0, 1]",wild animal,env_water,USA:DE,water_northeast
Water_Delmarva,78,78,78,78,0.49,0.0,SAMN06115918,"serotype=Norwich,""antigen_formula=7:e,h:1,6""",639.0,639.0,639.0,USA:DE,water,water,environmental-water,2016.0,"[0.479, 0.374, 0.147]","[78, 78, 78, 78, 78, 79, 119, 123, 124, 125, 125]","[1, 1, 2, 0, 1, 0, 0, 0, 0, 0, 1]",wild animal,env_water,USA:DE,water_northeast
Water_Delmarva,78,78,78,78,0.49,0.0,SAMN06115916,"serotype=Norwich,""antigen_formula=7:e,h:1,6""",639.0,639.0,639.0,USA:DE,water,water,environmental-water,2016.0,"[0.479, 0.374, 0.147]","[78, 78, 78, 78, 78, 79, 119, 123, 124, 125, 125]","[1, 1, 2, 0, 1, 0, 0, 0, 0, 0, 1]",wild animal,env_water,USA:DE,water_northeast
Water_Delmarva,79,79,79,79,0.49,0.0,SAMN06115914,"serotype=Norwich,""antigen_formula=7:e,h:1,6""",639.0,639.0,639.0,USA:DE,water,water,environmental-water,2016.0,"[0.48, 0.373, 0.147]","[79, 79, 79, 79, 79, 80, 120, 124, 125, 126, 126]","[0, 2, 1, 1, 1, 0, 0, 0, 0, 0, 1]",wild animal,env_water,USA:DE,water_northeast
Water_Delmarva,79,79,79,79,0.49,0.0,SAMN06115917,"serotype=Norwich,""antigen_formula=7:e,h:1,6""",639.0,639.0,639.0,USA:DE,water,water,environmental-water,2016.0,"[0.479, 0.374, 0.147]","[79, 79, 79, 79, 79, 80, 120, 124, 125, 126, 126]","[1, 1, 2, 0, 1, 0, 0, 0, 0, 0, 1]",wild animal,env_water,USA:DE,water_northeast
Water_Delmarva,78,78,78,78,0.49,0.0,SAMN06115915,"serotype=Norwich,""antigen_formula=7:e,h:1,6""",639.0,639.0,639.0,USA:DE,water,water,environmental-water,2016.0,"[0.463, 0.385, 0.152]","[78, 78, 78, 78, 78, 79, 119, 123, 124, 124, 124]","[1, 2, 0, 1, 1, 0, 0, 0, 0, 0, 1]",wild animal,env_water,USA:DE,water_northeast
Water_Delmarva,8,8,11,12,0.59,0.0,SAMN06115934,"serotype=Thompson,""antigen_formula=7:k:1,5""",65877.0,119.0,119.0,USA:DE,water,water,environmental-water,2016.0,"[0.827, 0.091, 0.083]","[8, 11, 11, 11, 12, 12, 13, 13, 13, 14, 14]","[0, 1, 0, 0, 2, 0, 0, 0, 1, 0, 0]",bovine,env_water,USA:DE,water_northeast
Water_Delmarva,17,29,17,33,0.32,0.0,SAMN06115935,"serotype=Newport,""antigen_formula=8:e,h:1,2""",65796.0,8571.0,120.0,USA:DE,water,water,environmental-water,2016.0,"[0.498, 0.413, 0.09]","[17, 18, 24, 29, 29, 29, 30, 30, 30, 33, 35]","[1, 1, 1, 0, 0, 0, 0, 0, 0, 2, 0]",generalist,env_water,USA:DE,water_northeast
Water_Delmarva,78,78,78,78,0.49,0.0,SAMN06115913,"serotype=Norwich,""antigen_formula=7:e,h:1,6""",639.0,639.0,639.0,USA:DE,water,water,environmental-water,2016.0,"[0.479, 0.374, 0.147]","[78, 78, 78, 78, 78, 79, 119, 123, 124, 125, 125]","[1, 1, 2, 0, 1, 0, 0, 0, 0, 0, 1]",wild animal,env_water,USA:DE,water_northeast
Water_Delmarva,7,7,10,11,0.6,0.0,SAMN06115942,"serotype=Thompson,""antigen_formula=7:k:1,5""",65877.0,119.0,119.0,USA:DE,water,water,environmental-water,2016.0,"[0.827, 0.091, 0.083]","[7, 10, 10, 10, 11, 11, 12, 12, 12, 13, 13]","[0, 1, 0, 0, 2, 0, 0, 0, 1, 0, 0]",bovine,env_water,USA:DE,water_northeast
Water_Delmarva,17,29,17,33,0.32,0.0,SAMN06115932,"serotype=Newport,""antigen_formula=8:e,h:1,2""",65796.0,8571.0,120.0,USA:DE,water,water,environmental-water,2016.0,"[0.498, 0.413, 0.09]","[17, 18, 24, 29, 29, 29, 30, 30, 30, 33, 35]","[1, 1, 1, 0, 0, 0, 0, 0, 0, 2, 0]",generalist,env_water,USA:DE,water_northeast
Water_Delmarva,17,29,17,33,0.32,0.0,SAMN06115933,"serotype=Newport,""antigen_formula=8:e,h:1,2""",65796.0,8571.0,120.0,USA:DE,water,water,environmental-water,2016.0,"[0.498, 0.413, 0.09]","[17, 18, 24, 29, 29, 29, 30, 30, 30, 33, 35]","[1, 1, 1, 0, 0, 0, 0, 0, 0, 2, 0]",generalist,env_water,USA:DE,water_northeast
Water_Delmarva,17,29,17,33,0.32,0.0,SAMN06115941,"serotype=Newport,""antigen_formula=8:e,h:1,2""",65796.0,8571.0,120.0,USA:DE,water,water,environmental-water,2016.0,"[0.498, 0.413, 0.09]","[17, 18, 24, 29, 29, 29, 30, 30, 30, 33, 35]","[1, 1, 1, 0, 0, 0, 0, 0, 0, 2, 0]",generalist,env_water,USA:DE,water_northeast
Water_Delmarva,17,29,17,33,0.32,0.0,SAMN06115939,"serotype=Newport,""antigen_formula=8:e,h:1,2""",65796.0,8571.0,120.0,USA:DE,water,water,environmental-water,2016.0,"[0.49, 0.421, 0.088]","[17, 18, 23, 29, 29, 29, 30, 30, 30, 33, 35]","[1, 1, 1, 0, 0, 0, 0, 0, 0, 2, 0]",generalist,env_water,USA:DE,water_northeast
Water_Delmarva,17,29,17,33,0.32,0.0,SAMN06115938,"serotype=Newport,""antigen_formula=8:e,h:1,2""",65796.0,8571.0,120.0,USA:DE,water,water,environmental-water,2016.0,"[0.498, 0.413, 0.09]","[17, 18, 24, 29, 29, 29, 30, 30, 30, 33, 35]","[1, 1, 1, 0, 0, 0, 0, 0, 0, 2, 0]",generalist,env_water,USA:DE,water_northeast
Water_Delmarva,17,29,17,33,0.32,0.0,SAMN06115940,"serotype=Newport,""antigen_formula=8:e,h:1,2""",65796.0,8571.0,120.0,USA:DE,water,water,environmental-water,2016.0,"[0.498, 0.413, 0.09]","[17, 18, 24, 29, 29, 29, 30, 30, 30, 33, 35]","[1, 1, 1, 0, 0, 0, 0, 0, 0, 2, 0]",generalist,env_water,USA:DE,water_northeast
Water_Delmarva,18,30,18,34,0.32,0.0,SAMN06115937,"serotype=Newport,""antigen_formula=8:e,h:1,2""",8571.0,8571.0,120.0,USA:DE,water,water,environmental-water,2016.0,"[0.498, 0.413, 0.09]","[18, 19, 25, 30, 30, 30, 31, 31, 31, 34, 36]","[1, 1, 1, 0, 0, 0, 0, 0, 0, 2, 0]",generalist,env_water,USA:DE,water_northeast
Water_Delmarva,7,7,10,18,0.7,0.0,SAMN06848257,"serotype=Thompson,""antigen_formula=7:k:1,5""",70563.0,119.0,119.0,USA:MD,Non-Tidal Freshwater River,non tidal fresh water river,environmental-water,2016.0,"[0.869, 0.065, 0.065]","[7, 7, 8, 10, 10, 10, 10, 10, 10, 10, 10]","[0, 0, 0, 1, 1, 1, 1, 1, 1, 1, 1]",bovine,env_water,USA:MD,water_northeast
Water_Delmarva,606,606,881,626,0.69,0.0,SAMN06848230,"serotype=Bareilly,""antigen_formula=7:y:1,5""",69767.0,69767.0,69767.0,USA:MD,environmental-water; water pond,water pond,environmental-water,2016.0,"[0.902, 0.028, 0.07]","[606, 626, 627, 630, 717, 870, 879, 881, 881, 881, 881]","[0, 2, 0, 0, 0, 0, 0, 1, 0, 2, 1]",wild animal,env_water,USA:MD,water_northeast
Water_Delmarva,46,107,46,248,0.66,0.0,SAMN06848219,"serotype=Newport,""antigen_formula=8:e,h:1,2""",83018.0,83018.0,83018.0,USA:MD,environmental-water; non tidal freshwater,non tidal freshwater,environmental-water,2016.0,"[0.503, 0.329, 0.168]","[46, 107, 178, 238, 240, 243, 243, 244, 245, 246, 246]","[1, 0, 0, 1, 0, 0, 0, 1, 0, 0, 1]",wild animal,env_water,USA:MD,water_northeast
Water_Delmarva,606,606,881,626,0.69,0.0,SAMN06848231,"serotype=Bareilly,""antigen_formula=7:y:1,5""",69767.0,69767.0,69767.0,USA:MD,environmental-water; water pond,water pond,environmental-water,2016.0,"[0.902, 0.028, 0.07]","[606, 626, 627, 630, 717, 870, 879, 881, 881, 881, 881]","[0, 2, 0, 0, 0, 0, 0, 1, 0, 2, 1]",wild animal,env_water,USA:MD,water_northeast
Water_Delmarva,7,7,10,18,0.7,0.0,SAMN06848239,"serotype=Thompson,""antigen_formula=7:k:1,5""",70563.0,119.0,119.0,USA:MD,Non-Tidal Freshwater River,non tidal fresh water river,environmental-water,2016.0,"[0.869, 0.065, 0.065]","[7, 7, 8, 10, 10, 10, 10, 10, 10, 10, 10]","[0, 0, 0, 1, 1, 1, 1, 1, 1, 1, 1]",bovine,env_water,USA:MD,water_northeast
Water_Delmarva,30,34,30,41,0.54,0.0,SAMN06848266,"serotype=Newport,""antigen_formula=8:e,h:1,2""",9349.0,9349.0,9349.0,USA:MD,Non-Tidal Freshwater River,non tidal fresh water river,environmental-water,2016.0,"[0.688, 0.209, 0.103]","[30, 34, 37, 37, 38, 38, 40, 41, 41, 41, 41]","[1, 0, 0, 0, 0, 0, 1, 0, 1, 2, 1]",bovine,env_water,USA:MD,water_northeast
Water_Delmarva,606,606,881,626,0.69,0.0,SAMN06848227,"serotype=Bareilly,""antigen_formula=7:y:1,5""",69767.0,69767.0,69767.0,USA:MD,environmental-water; water pond,water pond,environmental-water,2016.0,"[0.902, 0.028, 0.07]","[606, 626, 627, 630, 717, 870, 879, 881, 881, 881, 881]","[0, 2, 0, 0, 0, 0, 0, 1, 0, 2, 1]",wild animal,env_water,USA:MD,water_northeast
Water_Delmarva,3,13,2,17,1.0,1.0,SAMN07599558,"serotype=I 4,[5],12:i:-,""antigen_formula=4:i:-""",48.0,48.0,48.0,USA:MD,environmental-water; river water,river water,environmental-water,2016.0,"[0.218, 0.625, 0.157]","[3, 5, 13, 14, 14, 14, 14, 14, 14, 15, 15]","[1, 1, 0, 1, 1, 1, 0, 1, 0, 1, 0]",poultry,env_water,USA:MD,water_northeast
Water_Delmarva,6,17,6,21,0.96,1.0,SAMN07599559,"serotype=I 4,[5],12:i:-,""antigen_formula=4:i:-""",48.0,48.0,48.0,USA:MD,environmental-water; river water,river water,environmental-water,2016.0,"[0.144, 0.725, 0.131]","[6, 7, 9, 17, 18, 18, 18, 18, 18, 18, 18]","[1, 1, 1, 0, 0, 1, 1, 1, 0, 1, 0]",poultry,env_water,USA:MD,water_northeast
Water_Delmarva,3,13,2,17,1.0,1.0,SAMN07599661,"serotype=I 4,[5],12:i:-,""antigen_formula=4:i:-""",48.0,48.0,48.0,USA:MD,environmental-water; river water,river water,environmental-water,2016.0,"[0.218, 0.625, 0.157]","[3, 5, 13, 14, 14, 14, 14, 14, 14, 15, 15]","[1, 1, 0, 1, 1, 1, 0, 1, 0, 1, 0]",poultry,env_water,USA:MD,water_northeast
Water_Delmarva,8,8,11,19,0.68,0.0,SAMN06848336,"serotype=Thompson,""antigen_formula=7:k:1,5""",70563.0,119.0,119.0,USA:MD,Non-Tidal Freshwater River,non tidal fresh water river,environmental-water,2016.0,"[0.869, 0.065, 0.065]","[8, 8, 9, 11, 11, 11, 11, 11, 11, 11, 11]","[0, 0, 0, 1, 1, 1, 1, 1, 1, 1, 1]",bovine,env_water,USA:MD,water_northeast
Water_Delmarva,1,14,1,11,1.0,1.0,SAMN07135138,"serotype=Typhimurium,""antigen_formula=4:i:1,2""",73959.0,2907.0,1241.0,USA:VA,environmental-water; sediment,sediment,environmental-water,2017.0,"[0.039, 0.922, 0.039]","[1, 1, 2, 4, 5, 5, 8, 8, 8, 8, 9]","[1, 1, 1, 1, 1, 1, 1, 1, 1, 1, 1]",poultry,env_water,USA:VA,water_appalachian
Water_Delmarva,3,12,3,10,0.99,1.0,SAMN07135145,"serotype=Hadar,""antigen_formula=8:z10:e,n,x""",25148.0,1088.0,159.0,USA:VA,environmental-water; sediment,sediment,environmental-water,2017.0,"[0.163, 0.674, 0.163]","[3, 5, 6, 6, 6, 7, 7, 7, 7, 7, 7]","[1, 1, 1, 1, 1, 1, 1, 1, 1, 1, 1]",poultry,env_water,USA:VA,water_appalachian
Water_Delmarva,3,14,3,27,1.0,1.0,SAMN07135152,"serotype=Anatum,""antigen_formula=3,10:e,h:1,6""",2889.0,465.0,465.0,USA:VA,environmental-water; sediment,sediment,environmental-water,2016.0,"[0.125, 0.75, 0.125]","[3, 3, 3, 4, 4, 4, 4, 4, 4, 4, 4]","[1, 1, 1, 1, 1, 1, 1, 1, 1, 1, 1]",poultry,env_water,USA:VA,water_appalachian
Water_Delmarva,2,40,2,18,1.0,1.0,SAMN07427967,"serotype=I 1,3,19:l,v:1,2,""antigen_formula=1,3,19:l,v:1,2""",70492.0,10507.0,10507.0,USA:VA,environmental-water; stream sediment,stream sediment,environmental-water,2016.0,"[0.03, 0.939, 0.03]","[2, 2, 4, 4, 4, 4, 4, 4, 5, 5, 6]","[1, 1, 1, 1, 1, 1, 1, 1, 1, 1, 1]",poultry,env_water,USA:VA,water_appalachian
Water_Delmarva,2,11,2,9,1.0,1.0,SAMN07135147,"serotype=Hadar,""antigen_formula=8:z10:e,n,x""",25148.0,1088.0,159.0,USA:VA,environmental-water; sediment,sediment,environmental-water,2017.0,"[0.163, 0.674, 0.163]","[2, 4, 5, 5, 5, 6, 6, 6, 6, 6, 6]","[1, 1, 1, 1, 1, 1, 1, 1, 1, 1, 1]",poultry,env_water,USA:VA,water_appalachian
Water_Delmarva,85,85,90,101,0.5,1.0,SAMN07135134,"serotype=Muenchen,""antigen_formula=8:d:1,2""",80526.0,80526.0,80526.0,USA:VA,environmental-water; sediment,sediment,environmental-water,2017.0,"[0.297, 0.384, 0.318]","[85, 90, 101, 101, 102, 103, 107, 113, 116, 116, 116]","[0, 1, 2, 2, 1, 1, 1, 2, 2, 2, 2]",wild animal,env_water,USA:VA,water_appalachian
Water_Delmarva,10,10,26,17,0.78,0.0,SAMN07427962,"serotype=Mbandaka,""antigen_formula=7:z10:e,n,z15""",80794.0,53535.0,14739.0,USA:VA,environmental-water; stream sediment,stream sediment,environmental-water,2016.0,"[0.881, 0.045, 0.074]","[10, 11, 15, 17, 18, 18, 18, 19, 19, 20, 20]","[0, 0, 0, 2, 0, 0, 2, 0, 0, 2, 0]",bovine,env_water,USA:VA,water_appalachian
Water_Delmarva,1,1,41,2,0.83,0.0,SAMN07427963,"serotype=Muenster,""antigen_formula=3,10:e,h:1,5""",39526.0,183.0,183.0,USA:VA,environmental-water; stream sediment,stream sediment,environmental-water,2016.0,"[0.867, 0.04, 0.093]","[1, 2, 5, 5, 5, 6, 7, 9, 9, 9, 9]","[0, 2, 0, 0, 0, 0, 0, 0, 0, 0, 2]",bovine,env_water,USA:VA,water_appalachian
Water_Delmarva,5,5,15,17,0.53,0.0,SAMN07427966,"serotype=Manchester,""antigen_formula=8:l,v:1,7""",80539.0,80539.0,54.0,USA:VA,environmental-water; stream sediment,stream sediment,environmental-water,2016.0,"[0.628, 0.206, 0.166]","[5, 15, 15, 16, 16, 16, 16, 17, 17, 17, 17]","[0, 1, 0, 0, 1, 1, 0, 0, 0, 0, 2]",generalist,env_water,USA:VA,water_appalachian
Water_Delmarva,0,3,0,1,1.0,1.0,SAMN07427968,"serotype=Uganda,""antigen_formula=3,10:l,z13:1,5""",53373.0,1091.0,687.0,USA:VA,environmental-water; stream sediment,stream sediment,environmental-water,2016.0,"[0.032, 0.936, 0.032]","[0, 0, 0, 0, 0, 0, 1, 1, 1, 1, 1]","[1, 1, 1, 1, 1, 1, 1, 1, 1, 1, 2]",poultry,env_water,USA:VA,water_appalachian
Water_Delmarva,1,4,1,2,1.0,1.0,SAMN07427969,"serotype=Uganda,""antigen_formula=3,10:l,z13:1,5""",53373.0,1091.0,687.0,USA:VA,environmental-water; stream sediment,stream sediment,environmental-water,2016.0,"[0.03, 0.939, 0.03]","[1, 1, 1, 1, 1, 1, 2, 2, 2, 2, 2]","[1, 1, 1, 1, 1, 1, 1, 1, 1, 1, 2]",poultry,env_water,USA:VA,water_appalachian
Water_Delmarva,2,11,2,9,1.0,1.0,SAMN07135144,"serotype=Hadar,""antigen_formula=8:z10:e,n,x""",25148.0,1088.0,159.0,USA:VA,environmental-water; sediment,sediment,environmental-water,2017.0,"[0.163, 0.674, 0.163]","[2, 4, 5, 5, 5, 6, 6, 6, 6, 6, 6]","[1, 1, 1, 1, 1, 1, 1, 1, 1, 1, 1]",poultry,env_water,USA:VA,water_appalachian
Water_Delmarva,85,85,90,101,0.5,1.0,SAMN07135137,"serotype=Muenchen,""antigen_formula=8:d:1,2""",80526.0,80526.0,80526.0,USA:VA,environmental-water; sediment,sediment,environmental-water,2017.0,"[0.294, 0.372, 0.335]","[85, 90, 101, 101, 102, 103, 108, 112, 115, 116, 116]","[0, 1, 2, 2, 1, 1, 1, 2, 2, 2, 2]",wild animal,env_water,USA:VA,water_appalachian
Water_Delmarva,1,24,1,20,1.0,1.0,SAMN07135149,"serotype=Senftenberg,""antigen_formula=1,3,19:g,s,t:-""",13675.0,13675.0,488.0,USA:VA,environmental-water; sediment,sediment,environmental-water,2016.0,"[0.133, 0.713, 0.154]","[1, 4, 7, 20, 21, 21, 22, 22, 22, 22, 22]","[1, 1, 1, 2, 2, 1, 2, 1, 1, 1, 1]",poultry,env_water,USA:VA,water_appalachian
Water_Delmarva,4,4,14,16,0.54,0.0,SAMN07135150,"serotype=Schwarzengrund,""antigen_formula=4:d:1,7""",80539.0,80539.0,54.0,USA:VA,environmental-water; sediment,sediment,environmental-water,2016.0,"[0.628, 0.206, 0.166]","[4, 14, 14, 15, 15, 15, 15, 16, 16, 16, 16]","[0, 0, 1, 0, 1, 1, 0, 2, 0, 0, 2]",bovine,env_water,USA:VA,water_appalachian
Water_Delmarva,1,1,41,2,0.83,0.0,SAMN07427965,"serotype=Muenster,""antigen_formula=3,10:e,h:1,5""",39526.0,183.0,183.0,USA:VA,environmental-water; stream sediment,stream sediment,environmental-water,2016.0,"[0.867, 0.04, 0.093]","[1, 2, 5, 5, 5, 6, 7, 9, 9, 9, 9]","[0, 2, 0, 0, 0, 0, 0, 0, 0, 0, 2]",bovine,env_water,USA:VA,water_appalachian
Water_Delmarva,2,48,2,57,0.4,1.0,SAMN08114317,"serotype=Cerro,""antigen_formula=18:z4,z23:-""",80542.0,80542.0,80542.0,USA:VA,environmental-water; sediment,sediment,environmental-water,2017.0,"[0.343, 0.431, 0.227]","[2, 48, 48, 49, 50, 50, 50, 50, 51, 51, 52]","[1, 0, 0, 0, 0, 0, 0, 0, 0, 0, 0]",generalist,env_water,USA:VA,water_appalachian
Water_Delmarva,2,48,2,57,0.4,1.0,SAMN08115189,"serotype=Cerro,""antigen_formula=18:z4,z23:-""",80542.0,80542.0,80542.0,USA:VA,environmental-water; sediment,sediment,environmental-water,2017.0,"[0.343, 0.431, 0.227]","[2, 48, 48, 49, 50, 50, 50, 50, 51, 51, 52]","[1, 0, 0, 0, 0, 0, 0, 0, 0, 0, 0]",generalist,env_water,USA:VA,water_appalachian
Water_Delmarva,3,13,3,21,0.57,1.0,SAMN08115637,"serotype=Braenderup,""antigen_formula=7:e,h:e,n,z15""",4601.0,4601.0,185.0,USA:VA,environmental-water; sediment,sediment,environmental-water,2017.0,"[0.317, 0.525, 0.158]","[3, 13, 15, 15, 17, 17, 18, 18, 20, 20, 20]","[1, 0, 1, 1, 1, 0, 0, 1, 0, 1, 1]",poultry,env_water,USA:VA,water_appalachian
Water_Delmarva,2,12,2,20,0.57,1.0,SAMN08115640,"serotype=Braenderup,""antigen_formula=7:e,h:e,n,z15""",4601.0,4601.0,185.0,USA:VA,environmental-water; sediment,sediment,environmental-water,2017.0,"[0.317, 0.525, 0.158]","[2, 12, 14, 14, 16, 16, 17, 17, 19, 19, 19]","[1, 0, 1, 1, 1, 0, 1, 0, 0, 1, 1]",poultry,env_water,USA:VA,water_appalachian
Water_Delmarva,2,12,2,20,0.57,1.0,SAMN08115638,"serotype=Braenderup,""antigen_formula=7:e,h:e,n,z15""",4601.0,4601.0,185.0,USA:VA,environmental-water; sediment,sediment,environmental-water,2017.0,"[0.317, 0.525, 0.158]","[2, 12, 14, 14, 16, 16, 17, 17, 19, 19, 19]","[1, 0, 1, 1, 1, 0, 1, 0, 0, 1, 1]",poultry,env_water,USA:VA,water_appalachian
Water_Delmarva,23,23,122,70,0.8,0.0,SAMN08115639,"serotype=Montevideo,""antigen_formula=7:g,m,s:-""",101411.0,101411.0,101411.0,USA:VA,environmental-water; sediment,sediment,environmental-water,2017.0,"[0.957, 0.021, 0.021]","[23, 41, 41, 47, 48, 50, 50, 52, 53, 60, 61]","[0, 0, 0, 0, 0, 0, 0, 0, 0, 0, 0]",bovine,env_water,USA:VA,water_appalachian
Water_Delmarva,0,11,0,24,1.0,1.0,SAMN08160166,"serotype=Anatum,""antigen_formula=3,10:e,h:1,6""",2889.0,465.0,465.0,USA:VA,environmental-water; sediment,sediment,environmental-water,2017.0,"[0.029, 0.942, 0.029]","[0, 0, 1, 1, 1, 1, 1, 1, 1, 2, 2]","[1, 1, 1, 1, 1, 1, 1, 1, 1, 1, 1]",poultry,env_water,USA:VA,water_appalachian
Water_Delmarva,172,172,223,173,0.52,0.0,SAMN03069713,"serotype=Give,""antigen_formula=3,10:l,v:1,7""",19198.0,19198.0,19198.0,USA:VA,sediment,sediment,environmental-water,2014.0,"[0.451, 0.109, 0.44]","[172, 173, 180, 185, 185, 185, 185, 185, 185, 185, 186]","[0, 2, 2, 0, 0, 0, 0, 0, 2, 0, 0]",wild animal,env_water,USA:VA,water_appalachian
Water_Delmarva,8,8,51,52,0.51,0.0,SAMN03463818,"serotype=Infantis,""antigen_formula=7:r:1,5""",106873.0,106873.0,106873.0,USA:VA,creek water,creek water,environmental-water,2011.0,"[0.591, 0.206, 0.203]","[8, 51, 51, 51, 51, 52, 52, 52, 52, 52, 52]","[0, 0, 0, 0, 1, 2, 2, 2, 2, 2, 0]",generalist,env_water,USA:VA,water_appalachian
Water_Delmarva,10,486,11,10,0.46,2.0,SAMN08595223,"serotype=Javiana,""antigen_formula=9:l,z28:1,5""",590.0,590.0,590.0,USA:VA,water,water,environmental-water,2017.0,"[0.008, 0.044, 0.949]","[10, 11, 13, 14, 15, 16, 36, 114, 285, 286, 301]","[2, 1, 1, 2, 2, 2, 2, 1, 1, 1, 2]",generalist,env_water,USA:VA,water_appalachian
Water_Delmarva,10,486,11,10,0.46,2.0,SAMN08595236,"serotype=Javiana,""antigen_formula=9:l,z28:1,5""",590.0,590.0,590.0,USA:VA,water,water,environmental-water,2017.0,"[0.008, 0.044, 0.949]","[10, 11, 13, 14, 15, 16, 36, 114, 285, 286, 301]","[2, 1, 1, 2, 2, 2, 2, 1, 1, 1, 2]",generalist,env_water,USA:VA,water_appalachian
Water_Delmarva,9,9,11,388,0.67,1.0,SAMN08595254,"serotype=Newport,""antigen_formula=8:e,h:1,2""",122.0,122.0,122.0,USA:VA,water,water,environmental-water,2017.0,"[0.071, 0.915, 0.013]","[9, 11, 11, 11, 12, 12, 13, 13, 15, 15, 28]","[0, 1, 1, 1, 1, 1, 1, 1, 0, 1, 0]",poultry,env_water,USA:VA,water_appalachian
Water_Delmarva,10,486,12,10,0.5,2.0,SAMN08595264,"serotype=Javiana,""antigen_formula=9:l,z28:1,5""",590.0,590.0,590.0,USA:VA,water,water,environmental-water,2017.0,"[0.008, 0.044, 0.949]","[10, 12, 14, 14, 15, 16, 36, 114, 285, 286, 301]","[2, 1, 2, 1, 2, 2, 2, 1, 1, 1, 2]",generalist,env_water,USA:VA,water_appalachian
Water_Delmarva,14,14,16,391,0.62,1.0,SAMN08595284,"serotype=Newport,""antigen_formula=8:e,h:1,2""",122.0,122.0,122.0,USA:VA,water,water,environmental-water,2017.0,"[0.071, 0.916, 0.013]","[14, 16, 16, 16, 17, 17, 18, 18, 20, 20, 33]","[0, 1, 1, 1, 1, 1, 1, 1, 0, 1, 0]",poultry,env_water,USA:VA,water_appalachian
Water_Delmarva,10,486,11,10,0.46,2.0,SAMN08595291,"serotype=Javiana,""antigen_formula=9:l,z28:1,5""",590.0,590.0,590.0,USA:VA,water,water,environmental-water,2017.0,"[0.008, 0.044, 0.949]","[10, 11, 13, 14, 15, 16, 36, 114, 285, 286, 301]","[2, 1, 1, 2, 2, 2, 2, 1, 1, 1, 2]",generalist,env_water,USA:VA,water_appalachian
Water_Delmarva,14,14,16,391,0.62,1.0,SAMN08595300,"serotype=Newport,""antigen_formula=8:e,h:1,2""",122.0,122.0,122.0,USA:VA,water,water,environmental-water,2017.0,"[0.071, 0.916, 0.013]","[14, 16, 16, 16, 17, 17, 18, 18, 20, 20, 33]","[0, 1, 1, 1, 1, 1, 1, 1, 0, 1, 0]",poultry,env_water,USA:VA,water_appalachian
Water_Delmarva,11,487,13,11,0.5,2.0,SAMN08595306,"serotype=Javiana,""antigen_formula=9:l,z28:1,5""",590.0,590.0,590.0,USA:VA,water,water,environmental-water,2017.0,"[0.008, 0.044, 0.949]","[11, 13, 15, 15, 16, 17, 37, 115, 286, 287, 302]","[2, 1, 2, 1, 2, 2, 2, 1, 1, 1, 2]",generalist,env_water,USA:VA,water_appalachian
Water_Delmarva,10,10,12,389,0.66,1.0,SAMN08595316,"serotype=Newport,""antigen_formula=8:e,h:1,2""",122.0,122.0,122.0,USA:VA,water,water,environmental-water,2017.0,"[0.071, 0.915, 0.013]","[10, 12, 12, 12, 13, 13, 14, 14, 16, 16, 29]","[0, 1, 1, 1, 1, 1, 1, 1, 0, 1, 0]",poultry,env_water,USA:VA,water_appalachian
Water_Delmarva,10,10,12,389,0.66,1.0,SAMN08595353,"serotype=Newport,""antigen_formula=8:e,h:1,2""",122.0,122.0,122.0,USA:VA,water,water,environmental-water,2017.0,"[0.071, 0.915, 0.013]","[10, 12, 12, 12, 13, 13, 14, 14, 16, 16, 29]","[0, 1, 1, 1, 1, 1, 1, 1, 0, 1, 0]",poultry,env_water,USA:VA,water_appalachian
Water_Delmarva,14,14,16,391,0.62,1.0,SAMN08595356,"serotype=Newport,""antigen_formula=8:e,h:1,2""",122.0,122.0,122.0,USA:VA,water,water,environmental-water,2017.0,"[0.071, 0.916, 0.013]","[14, 16, 16, 16, 17, 17, 18, 18, 20, 20, 33]","[0, 1, 1, 1, 1, 1, 1, 1, 0, 1, 0]",poultry,env_water,USA:VA,water_appalachian
Water_Delmarva,4,8,4,14,0.99,1.0,SAMN08595472,"serotype=Infantis,""antigen_formula=7:r:1,5""",5816.0,343.0,343.0,USA:VA,water,water,environmental-water,2017.0,"[0.018, 0.964, 0.018]","[4, 4, 4, 4, 4, 4, 4, 5, 5, 5, 5]","[1, 1, 1, 1, 1, 1, 1, 1, 1, 1, 1]",poultry,env_water,USA:VA,water_appalachian
Water_Delmarva,10,10,12,389,0.66,1.0,SAMN08595483,"serotype=Newport,""antigen_formula=8:e,h:1,2""",122.0,122.0,122.0,USA:VA,water,water,environmental-water,2017.0,"[0.071, 0.915, 0.013]","[10, 12, 12, 12, 13, 13, 14, 14, 16, 16, 29]","[0, 1, 1, 1, 1, 1, 1, 1, 0, 1, 0]",poultry,env_water,USA:VA,water_appalachian
Water_Delmarva,10,486,11,10,0.46,2.0,SAMN08595497,"serotype=Javiana,""antigen_formula=9:l,z28:1,5""",590.0,590.0,590.0,USA:VA,water,water,environmental-water,2017.0,"[0.008, 0.043, 0.949]","[10, 11, 13, 14, 15, 16, 36, 114, 285, 286, 300]","[2, 1, 1, 2, 2, 2, 2, 1, 1, 1, 2]",generalist,env_water,USA:VA,water_appalachian
Water_Delmarva,14,14,16,391,0.62,1.0,SAMN08595499,"serotype=Newport,""antigen_formula=8:e,h:1,2""",122.0,122.0,122.0,USA:VA,water,water,environmental-water,2017.0,"[0.071, 0.916, 0.013]","[14, 16, 16, 16, 17, 17, 18, 18, 20, 20, 33]","[0, 1, 1, 1, 1, 1, 1, 1, 0, 1, 0]",poultry,env_water,USA:VA,water_appalachian
Water_Delmarva,20,37,20,66,0.68,0.0,SAMN08595514,"serotype=Oranienburg,""antigen_formula=7:m,t:-""",110318.0,110318.0,62383.0,USA:VA,environmental-water; sediment,sediment,environmental-water,2017.0,"[0.872, 0.086, 0.042]","[20, 37, 37, 38, 39, 40, 48, 49, 50, 51, 56]","[1, 0, 0, 0, 0, 0, 0, 0, 0, 1, 0]",bovine,env_water,USA:VA,water_appalachian
Water_Delmarva,4,8,4,14,0.99,1.0,SAMN08595554,"serotype=Infantis,""antigen_formula=7:r:1,5""",5816.0,343.0,343.0,USA:VA,water,water,environmental-water,2017.0,"[0.018, 0.964, 0.018]","[4, 4, 4, 4, 4, 4, 4, 5, 5, 5, 5]","[1, 1, 1, 1, 1, 1, 1, 1, 1, 1, 1]",poultry,env_water,USA:VA,water_appalachian
Water_Delmarva,10,486,11,10,0.46,2.0,SAMN08595557,"serotype=Javiana,""antigen_formula=9:l,z28:1,5""",590.0,590.0,590.0,USA:VA,water,water,environmental-water,2017.0,"[0.008, 0.044, 0.949]","[10, 11, 13, 14, 15, 16, 36, 114, 285, 286, 301]","[2, 1, 1, 2, 2, 2, 2, 1, 1, 1, 2]",generalist,env_water,USA:VA,water_appalachian
Water_Delmarva,10,10,12,389,0.66,1.0,SAMN08595558,"serotype=Newport,""antigen_formula=8:e,h:1,2""",122.0,122.0,122.0,USA:VA,water,water,environmental-water,2017.0,"[0.071, 0.915, 0.013]","[10, 12, 12, 12, 13, 13, 14, 14, 16, 16, 29]","[0, 1, 1, 1, 1, 1, 1, 1, 0, 1, 0]",poultry,env_water,USA:VA,water_appalachian
Water_Delmarva,22,38,22,68,0.67,0.0,SAMN08595563,"serotype=Oranienburg,""antigen_formula=7:m,t:-""",110318.0,110318.0,62383.0,USA:VA,environmental-water; sediment,sediment,environmental-water,2017.0,"[0.884, 0.078, 0.038]","[22, 38, 39, 39, 40, 41, 50, 51, 52, 53, 58]","[1, 0, 0, 0, 0, 0, 0, 0, 0, 1, 0]",bovine,env_water,USA:VA,water_appalachian
Water_Delmarva,10,10,12,389,0.66,1.0,SAMN08595654,"serotype=Newport,""antigen_formula=8:e,h:1,2""",122.0,122.0,122.0,USA:VA,water,water,environmental-water,2017.0,"[0.071, 0.915, 0.013]","[10, 12, 12, 12, 13, 13, 14, 14, 16, 16, 29]","[0, 1, 1, 1, 1, 1, 1, 1, 0, 1, 0]",poultry,env_water,USA:VA,water_appalachian
Water_Delmarva,29,464,37,29,1.0,1.0,SAMN08595694,"serotype=Javiana,""antigen_formula=9:l,z28:1,5""",49867.0,49867.0,49867.0,USA:VA,water,water,environmental-water,2017.0,"[0.024, 0.912, 0.064]","[29, 37, 37, 37, 38, 56, 58, 303, 306, 307, 307]","[2, 1, 1, 1, 1, 1, 1, 1, 2, 2, 2]",poultry,env_water,USA:VA,water_appalachian
Water_Delmarva,13,17,13,16,0.57,1.0,SAMN08639899,"serotype=Berta,""antigen_formula=9:f,g,t:-""",105908.0,125.0,125.0,USA:MD,environmental-water; water pond,water pond,environmental-water,2017.0,"[0.121, 0.757, 0.121]","[13, 14, 14, 14, 14, 15, 15, 15, 15, 15, 15]","[1, 1, 1, 1, 1, 1, 1, 1, 1, 1, 1]",poultry,env_water,USA:MD,water_northeast
Water_Delmarva,5,13,5,12,0.97,1.0,SAMN08639890,"serotype=Infantis,""antigen_formula=7:r:1,5""",4584.0,343.0,343.0,USA:MD,Non-Tidal Freshwater River,non tidal fresh water river,environmental-water,2017.0,"[0.063, 0.875, 0.063]","[5, 5, 7, 7, 7, 8, 10, 10, 10, 10, 10]","[1, 1, 1, 1, 1, 1, 1, 1, 1, 1, 1]",poultry,env_water,USA:MD,water_northeast
Water_Delmarva,11,15,11,14,0.58,1.0,SAMN08639906,"serotype=Berta,""antigen_formula=9:f,g,t:-""",105908.0,125.0,125.0,USA:MD,environmental-water; water pond,water pond,environmental-water,2017.0,"[0.121, 0.757, 0.121]","[11, 12, 12, 12, 12, 13, 13, 13, 13, 13, 13]","[1, 1, 1, 1, 1, 1, 1, 1, 1, 1, 1]",poultry,env_water,USA:MD,water_northeast
Water_Delmarva,11,15,11,14,0.58,1.0,SAMN08639904,"serotype=Berta,""antigen_formula=9:f,g,t:-""",105908.0,125.0,125.0,USA:MD,environmental-water; water pond,water pond,environmental-water,2017.0,"[0.121, 0.757, 0.121]","[11, 12, 12, 12, 12, 13, 13, 13, 13, 13, 13]","[1, 1, 1, 1, 1, 1, 1, 1, 1, 1, 1]",poultry,env_water,USA:MD,water_northeast
Water_Delmarva,2,12,2,20,0.57,1.0,SAMN08663363,"serotype=Braenderup,""antigen_formula=7:e,h:e,n,z15""",4601.0,4601.0,185.0,USA:VA,environmental-water; sediment,sediment,environmental-water,2018.0,"[0.317, 0.525, 0.158]","[2, 12, 14, 14, 16, 16, 17, 17, 19, 19, 19]","[1, 0, 1, 1, 1, 0, 0, 1, 1, 1, 1]",poultry,env_water,USA:VA,water_appalachian
Water_Delmarva,42,42,126,73,0.75,0.0,SAMN08663317,"serotype=Montevideo,""antigen_formula=7:g,m,s:-""",111504.0,111504.0,111504.0,USA:VA,environmental-water; sediment,sediment,environmental-water,2018.0,"[0.986, 0.007, 0.007]","[42, 47, 49, 49, 50, 53, 56, 57, 64, 64, 64]","[0, 0, 0, 0, 0, 0, 0, 0, 0, 0, 0]",wild animal,env_water,USA:VA,water_appalachian
Water_Delmarva,72,72,86,83,0.56,0.0,SAMN08639972,"serotype=Typhimurium,""antigen_formula=4:i:1,2""",74014.0,74014.0,49776.0,USA:MD,environmental-water; non tidal fresh water creek,non tidal fresh water creek,environmental-water,2017.0,"[0.605, 0.293, 0.102]","[72, 80, 83, 86, 90, 90, 95, 103, 107, 109, 123]","[0, 0, 2, 1, 1, 1, 1, 0, 0, 1, 0]",wild animal,env_water,USA:MD,water_northeast
Water_Delmarva,6,6,9,17,0.73,0.0,SAMN08639907,"serotype=Thompson,""antigen_formula=7:k:1,5""",70563.0,119.0,119.0,USA:MD,Non-Tidal Freshwater River,non tidal fresh water river,environmental-water,2017.0,"[0.869, 0.065, 0.065]","[6, 6, 7, 9, 9, 9, 9, 9, 9, 9, 9]","[0, 0, 0, 1, 1, 1, 1, 1, 1, 1, 1]",bovine,env_water,USA:MD,water_northeast
Water_Delmarva,0,5,0,6,1.0,1.0,SAMN08639884,"serotype=Infantis,""antigen_formula=7:r:1,5""",4584.0,343.0,343.0,USA:MD,Non-Tidal Freshwater River,non tidal fresh water river,environmental-water,2017.0,"[0.136, 0.729, 0.136]","[0, 0, 2, 2, 3, 3, 3, 3, 3, 3, 3]","[1, 1, 1, 1, 1, 1, 1, 1, 1, 1, 1]",poultry,env_water,USA:MD,water_northeast
Water_Delmarva,4,12,4,11,0.99,1.0,SAMN08639905,"serotype=Infantis,""antigen_formula=7:r:1,5""",4584.0,343.0,343.0,USA:MD,Non-Tidal Freshwater River,non tidal fresh water river,environmental-water,2017.0,"[0.056, 0.888, 0.056]","[4, 4, 6, 6, 6, 7, 8, 9, 9, 9, 9]","[1, 1, 1, 1, 1, 1, 1, 1, 1, 1, 1]",poultry,env_water,USA:MD,water_northeast
Water_Delmarva,72,72,86,83,0.56,0.0,SAMN08639944,"serotype=Typhimurium,""antigen_formula=4:i:1,2""",74014.0,74014.0,49776.0,USA:MD,environmental-water; non tidal fresh water creek,non tidal fresh water creek,environmental-water,2017.0,"[0.605, 0.293, 0.102]","[72, 80, 83, 86, 90, 90, 95, 103, 107, 109, 123]","[0, 0, 2, 1, 1, 1, 1, 0, 0, 1, 0]",wild animal,env_water,USA:MD,water_northeast
Water_Delmarva,72,72,86,83,0.56,0.0,SAMN08639973,"serotype=Typhimurium,""antigen_formula=4:i:1,2""",74014.0,74014.0,49776.0,USA:MD,environmental-water; non tidal fresh water creek,non tidal fresh water creek,environmental-water,2017.0,"[0.605, 0.293, 0.102]","[72, 80, 83, 86, 90, 90, 95, 103, 107, 109, 123]","[0, 0, 2, 1, 1, 1, 1, 0, 0, 1, 0]",wild animal,env_water,USA:MD,water_northeast
Water_Delmarva,1,461,1,32,1.0,1.0,SAMN08639974,"serotype=Javiana,""antigen_formula=9:l,z28:1,5""",111292.0,19630.0,19202.0,USA:MD,Non-Tidal Freshwater River,non tidal fresh water river,environmental-water,2017.0,"[0.025, 0.915, 0.06]","[1, 1, 1, 2, 32, 58, 58, 304, 306, 307, 307]","[1, 1, 1, 1, 2, 1, 1, 1, 2, 2, 2]",poultry,env_water,USA:MD,water_northeast
Water_Delmarva,72,72,86,83,0.56,0.0,SAMN08639948,"serotype=Typhimurium,""antigen_formula=4:i:1,2""",74014.0,74014.0,49776.0,USA:MD,environmental-water; non tidal fresh water creek,non tidal fresh water creek,environmental-water,2017.0,"[0.605, 0.293, 0.102]","[72, 80, 83, 86, 90, 90, 95, 103, 107, 109, 123]","[0, 0, 2, 1, 1, 1, 1, 0, 0, 1, 0]",wild animal,env_water,USA:MD,water_northeast
Water_Delmarva,1,461,1,33,1.0,1.0,SAMN08639892,"serotype=Javiana,""antigen_formula=9:l,z28:1,5""",111292.0,19630.0,19202.0,USA:MD,Non-Tidal Freshwater River,non tidal fresh water river,environmental-water,2017.0,"[0.025, 0.915, 0.06]","[1, 1, 1, 2, 33, 58, 58, 304, 306, 307, 307]","[1, 1, 1, 1, 2, 1, 1, 1, 2, 2, 2]",poultry,env_water,USA:MD,water_northeast
Water_Delmarva,73,73,87,84,0.56,0.0,SAMN08639986,"serotype=Typhimurium,""antigen_formula=4:i:1,2""",74014.0,74014.0,49776.0,USA:MD,environmental-water; non tidal fresh water creek,non tidal fresh water creek,environmental-water,2017.0,"[0.603, 0.292, 0.105]","[73, 81, 84, 87, 91, 91, 96, 104, 108, 110, 123]","[0, 0, 2, 1, 1, 1, 1, 0, 0, 1, 0]",wild animal,env_water,USA:MD,water_northeast
Water_Delmarva,7,7,10,17,0.7,0.0,SAMN08639879,"serotype=Thompson,""antigen_formula=7:k:1,5""",70563.0,119.0,119.0,USA:MD,Non-Tidal Freshwater River,non tidal fresh water river,environmental-water,2017.0,"[0.869, 0.065, 0.065]","[7, 7, 8, 10, 10, 10, 10, 10, 10, 10, 10]","[0, 0, 0, 1, 1, 1, 1, 1, 1, 1, 1]",bovine,env_water,USA:MD,water_northeast
Water_Delmarva,0,5,0,6,1.0,1.0,SAMN08639975,"serotype=Infantis,""antigen_formula=7:r:1,5""",4584.0,343.0,343.0,USA:MD,Non-Tidal Freshwater River,non tidal fresh water river,environmental-water,2017.0,"[0.136, 0.729, 0.136]","[0, 0, 2, 2, 3, 3, 3, 3, 3, 3, 3]","[1, 1, 1, 1, 1, 1, 1, 1, 1, 1, 1]",poultry,env_water,USA:MD,water_northeast
Water_Delmarva,2,5,2,6,0.99,1.0,SAMN08639911,"serotype=Infantis,""antigen_formula=7:r:1,5""",4584.0,343.0,343.0,USA:MD,Non-Tidal Freshwater River,non tidal fresh water river,environmental-water,2017.0,"[0.128, 0.744, 0.128]","[2, 2, 2, 3, 3, 3, 3, 3, 3, 3, 3]","[1, 1, 1, 1, 1, 1, 1, 1, 1, 1, 1]",poultry,env_water,USA:MD,water_northeast
Water_Delmarva,1,461,1,33,1.0,1.0,SAMN08639896,"serotype=Javiana,""antigen_formula=9:l,z28:1,5""",111292.0,19630.0,19202.0,USA:MD,Non-Tidal Freshwater River,non tidal fresh water river,environmental-water,2017.0,"[0.025, 0.915, 0.06]","[1, 1, 1, 2, 33, 58, 58, 304, 306, 307, 307]","[1, 1, 1, 1, 2, 1, 1, 1, 2, 2, 2]",poultry,env_water,USA:MD,water_northeast
Water_Delmarva,0,5,0,6,1.0,1.0,SAMN08639903,"serotype=Infantis,""antigen_formula=7:r:1,5""",4584.0,343.0,343.0,USA:MD,Non-Tidal Freshwater River,non tidal fresh water river,environmental-water,2017.0,"[0.136, 0.729, 0.136]","[0, 0, 2, 2, 3, 3, 3, 3, 3, 3, 3]","[1, 1, 1, 1, 1, 1, 1, 1, 1, 1, 1]",poultry,env_water,USA:MD,water_northeast
Water_Delmarva,27,27,53,145,0.99,0.0,SAMN08639882,"serotype=Typhimurium,""antigen_formula=4:i:1,2""",63624.0,63624.0,39471.0,USA:MD,Non-Tidal Freshwater River,non tidal fresh water river,environmental-water,2017.0,"[0.974, 0.016, 0.01]","[27, 33, 53, 56, 64, 112, 113, 123, 145, 339, 340]","[0, 0, 1, 0, 0, 1, 0, 0, 2, 1, 1]",bovine,env_water,USA:MD,water_northeast
Water_Delmarva,18,18,18,19,0.61,0.0,SAMN08640188,"serotype=Typhimurium,""antigen_formula=4:i:1,2""",77733.0,77733.0,92.0,USA:MD,environmental-water; non tidal fresh water creek,non tidal fresh water creek,environmental-water,2017.0,"[0.903, 0.059, 0.038]","[18, 18, 18, 19, 21, 21, 22, 23, 23, 26, 28]","[0, 1, 0, 2, 0, 0, 1, 1, 0, 0, 1]",bovine,env_water,USA:MD,water_northeast
Water_Delmarva,27,27,53,145,0.99,0.0,SAMN08640040,"serotype=Typhimurium,""antigen_formula=4:i:1,2""",63624.0,63624.0,39471.0,USA:MD,Non-Tidal Freshwater River,non tidal fresh water river,environmental-water,2017.0,"[0.974, 0.016, 0.01]","[27, 33, 53, 56, 64, 112, 113, 123, 145, 339, 340]","[0, 0, 1, 0, 0, 1, 0, 0, 2, 1, 1]",bovine,env_water,USA:MD,water_northeast
Water_Delmarva,27,27,53,145,0.99,0.0,SAMN08640070,"serotype=Typhimurium,""antigen_formula=4:i:1,2""",63624.0,63624.0,39471.0,USA:MD,Non-Tidal Freshwater River,non tidal fresh water river,environmental-water,2017.0,"[0.974, 0.016, 0.01]","[27, 33, 53, 56, 64, 112, 113, 123, 145, 339, 340]","[0, 0, 1, 0, 0, 1, 0, 0, 2, 1, 1]",bovine,env_water,USA:MD,water_northeast
Water_Delmarva,15,15,18,19,0.59,0.0,SAMN08640044,"serotype=I 4,[5],12:i:-,""antigen_formula=4:i:-""",111475.0,111475.0,48.0,USA:MD,Non-Tidal Freshwater River,non tidal fresh water river,environmental-water,2017.0,"[0.895, 0.057, 0.048]","[15, 16, 16, 18, 18, 18, 19, 19, 19, 19, 19]","[0, 0, 0, 0, 0, 1, 1, 1, 0, 1, 2]",bovine,env_water,USA:MD,water_northeast
Water_Delmarva,27,27,53,145,0.99,0.0,SAMN08640074,"serotype=Typhimurium,""antigen_formula=4:i:1,2""",63624.0,63624.0,39471.0,USA:MD,Non-Tidal Freshwater River,non tidal fresh water river,environmental-water,2017.0,"[0.974, 0.016, 0.01]","[27, 33, 53, 56, 64, 112, 113, 123, 145, 339, 340]","[0, 0, 1, 0, 0, 1, 0, 0, 2, 1, 1]",bovine,env_water,USA:MD,water_northeast
Water_Delmarva,17,17,17,18,0.62,0.0,SAMN08640170,"serotype=Typhimurium,""antigen_formula=4:i:1,2""",77733.0,77733.0,92.0,USA:MD,environmental-water; non tidal fresh water creek,non tidal fresh water creek,environmental-water,2017.0,"[0.901, 0.061, 0.038]","[17, 17, 17, 18, 20, 20, 21, 22, 22, 25, 27]","[1, 0, 0, 2, 0, 0, 1, 1, 0, 0, 1]",bovine,env_water,USA:MD,water_northeast
Water_Delmarva,18,18,18,19,0.61,0.0,SAMN08640186,"serotype=Typhimurium,""antigen_formula=4:i:1,2""",77733.0,77733.0,92.0,USA:MD,environmental-water; non tidal fresh water creek,non tidal fresh water creek,environmental-water,2017.0,"[0.903, 0.059, 0.038]","[18, 18, 18, 19, 21, 21, 22, 23, 23, 26, 28]","[0, 1, 0, 2, 0, 0, 1, 1, 0, 0, 1]",bovine,env_water,USA:MD,water_northeast
Water_Delmarva,15,15,18,19,0.59,0.0,SAMN08640068,"serotype=I 4,[5],12:i:-,""antigen_formula=4:i:-""",111475.0,111475.0,48.0,USA:MD,Non-Tidal Freshwater River,non tidal fresh water river,environmental-water,2017.0,"[0.895, 0.057, 0.048]","[15, 16, 16, 18, 18, 18, 19, 19, 19, 19, 19]","[0, 0, 0, 0, 0, 1, 1, 1, 0, 1, 2]",bovine,env_water,USA:MD,water_northeast
Water_Delmarva,18,18,18,19,0.61,0.0,SAMN08640161,"serotype=Typhimurium,""antigen_formula=4:i:1,2""",77733.0,77733.0,92.0,USA:MD,environmental-water; non tidal fresh water creek,non tidal fresh water creek,environmental-water,2017.0,"[0.903, 0.059, 0.038]","[18, 18, 18, 19, 21, 21, 22, 23, 23, 26, 28]","[0, 1, 0, 2, 0, 0, 1, 1, 0, 0, 1]",bovine,env_water,USA:MD,water_northeast
Water_Delmarva,17,17,17,18,0.62,0.0,SAMN08640179,"serotype=Typhimurium,""antigen_formula=4:i:1,2""",77733.0,77733.0,92.0,USA:MD,environmental-water; non tidal fresh water creek,non tidal fresh water creek,environmental-water,2017.0,"[0.901, 0.061, 0.038]","[17, 17, 17, 18, 20, 20, 21, 22, 22, 25, 27]","[1, 0, 0, 2, 0, 0, 1, 1, 0, 0, 1]",bovine,env_water,USA:MD,water_northeast
Water_Delmarva,27,27,53,145,0.99,0.0,SAMN08639891,"serotype=Typhimurium,""antigen_formula=4:i:1,2""",63624.0,63624.0,39471.0,USA:MD,Non-Tidal Freshwater River,non tidal fresh water river,environmental-water,2017.0,"[0.974, 0.016, 0.01]","[27, 33, 53, 56, 64, 112, 113, 123, 145, 339, 340]","[0, 0, 1, 0, 0, 1, 0, 0, 2, 1, 1]",bovine,env_water,USA:MD,water_northeast
Water_Delmarva,18,18,18,19,0.61,0.0,SAMN08640067,"serotype=Typhimurium,""antigen_formula=4:i:1,2""",77733.0,77733.0,92.0,USA:MD,environmental-water; non tidal fresh water creek,non tidal fresh water creek,environmental-water,2017.0,"[0.903, 0.059, 0.038]","[18, 18, 18, 19, 21, 21, 22, 23, 23, 26, 28]","[0, 1, 0, 2, 0, 0, 1, 1, 0, 0, 1]",bovine,env_water,USA:MD,water_northeast
Water_Delmarva,17,17,17,18,0.62,0.0,SAMN08640162,"serotype=Typhimurium,""antigen_formula=4:i:1,2""",77733.0,77733.0,92.0,USA:MD,environmental-water; non tidal fresh water creek,non tidal fresh water creek,environmental-water,2017.0,"[0.901, 0.061, 0.038]","[17, 17, 17, 18, 20, 20, 21, 22, 22, 25, 27]","[1, 0, 0, 2, 0, 0, 1, 1, 0, 0, 1]",bovine,env_water,USA:MD,water_northeast
Water_Delmarva,17,17,17,18,0.62,0.0,SAMN08640203,"serotype=Typhimurium,""antigen_formula=4:i:1,2""",77733.0,77733.0,92.0,USA:MD,environmental-water; non tidal fresh water creek,non tidal fresh water creek,environmental-water,2017.0,"[0.901, 0.061, 0.038]","[17, 17, 17, 18, 20, 20, 21, 22, 22, 25, 27]","[1, 0, 0, 2, 0, 0, 1, 1, 0, 0, 1]",bovine,env_water,USA:MD,water_northeast
Water_Delmarva,1,9,1,8,1.0,1.0,SAMN08640041,"serotype=Infantis,""antigen_formula=7:r:1,5""",4584.0,343.0,343.0,USA:MD,Non-Tidal Freshwater River,non tidal fresh water river,environmental-water,2017.0,"[0.063, 0.875, 0.063]","[1, 1, 3, 3, 3, 4, 6, 6, 6, 6, 6]","[1, 1, 1, 1, 1, 1, 1, 1, 1, 1, 1]",poultry,env_water,USA:MD,water_northeast
Water_Delmarva,27,27,53,145,0.99,0.0,SAMN08639880,"serotype=Typhimurium,""antigen_formula=4:i:1,2""",63624.0,63624.0,39471.0,USA:MD,Non-Tidal Freshwater River,non tidal fresh water river,environmental-water,2017.0,"[0.974, 0.016, 0.01]","[27, 33, 53, 56, 64, 112, 113, 123, 145, 339, 340]","[0, 0, 1, 0, 0, 1, 0, 0, 2, 1, 1]",bovine,env_water,USA:MD,water_northeast
Water_Delmarva,15,15,18,19,0.59,0.0,SAMN08639887,"serotype=I 4,[5],12:i:-,""antigen_formula=4:i:-""",111475.0,111475.0,48.0,USA:MD,Non-Tidal Freshwater River,non tidal fresh water river,environmental-water,2017.0,"[0.895, 0.057, 0.048]","[15, 16, 16, 18, 18, 18, 19, 19, 19, 19, 19]","[0, 0, 0, 0, 0, 1, 1, 1, 0, 1, 2]",bovine,env_water,USA:MD,water_northeast
Water_Delmarva,17,17,17,18,0.62,0.0,SAMN08640163,"serotype=Typhimurium,""antigen_formula=4:i:1,2""",77733.0,77733.0,92.0,USA:MD,environmental-water; non tidal fresh water creek,non tidal fresh water creek,environmental-water,2017.0,"[0.901, 0.061, 0.038]","[17, 17, 17, 18, 20, 20, 21, 22, 22, 25, 27]","[1, 0, 0, 2, 0, 0, 1, 1, 0, 0, 1]",bovine,env_water,USA:MD,water_northeast
Water_Delmarva,19,19,19,20,0.6,0.0,SAMN08640043,"serotype=Typhimurium,""antigen_formula=4:i:1,2""",77733.0,77733.0,92.0,USA:MD,environmental-water; non tidal fresh water creek,non tidal fresh water creek,environmental-water,2017.0,"[0.901, 0.061, 0.038]","[19, 19, 19, 20, 22, 22, 23, 24, 24, 27, 29]","[1, 0, 0, 2, 0, 0, 1, 1, 0, 0, 1]",bovine,env_water,USA:MD,water_northeast
Water_Delmarva,1,9,1,8,1.0,1.0,SAMN08640066,"serotype=Infantis,""antigen_formula=7:r:1,5""",4584.0,343.0,343.0,USA:MD,Non-Tidal Freshwater River,non tidal fresh water river,environmental-water,2017.0,"[0.063, 0.875, 0.063]","[1, 1, 3, 3, 3, 4, 6, 6, 6, 6, 6]","[1, 1, 1, 1, 1, 1, 1, 1, 1, 1, 1]",poultry,env_water,USA:MD,water_northeast
Water_Delmarva,17,17,17,18,0.62,0.0,SAMN08640160,"serotype=Typhimurium,""antigen_formula=4:i:1,2""",77733.0,77733.0,92.0,USA:MD,environmental-water; non tidal fresh water creek,non tidal fresh water creek,environmental-water,2017.0,"[0.901, 0.061, 0.038]","[17, 17, 17, 18, 20, 20, 21, 22, 22, 25, 27]","[1, 0, 0, 2, 0, 0, 1, 1, 0, 0, 1]",bovine,env_water,USA:MD,water_northeast
Water_Delmarva,18,18,18,19,0.61,0.0,SAMN08640184,"serotype=Typhimurium,""antigen_formula=4:i:1,2""",77733.0,77733.0,92.0,USA:MD,environmental-water; non tidal fresh water creek,non tidal fresh water creek,environmental-water,2017.0,"[0.903, 0.059, 0.038]","[18, 18, 18, 19, 21, 21, 22, 23, 23, 26, 28]","[0, 1, 0, 2, 0, 0, 1, 1, 0, 0, 1]",bovine,env_water,USA:MD,water_northeast
Water_Delmarva,2,9,2,8,1.0,1.0,SAMN08639980,"serotype=Infantis,""antigen_formula=7:r:1,5""",52351.0,343.0,343.0,USA:MD,Non-Tidal Freshwater River,non tidal fresh water river,environmental-water,2017.0,"[0.015, 0.971, 0.015]","[2, 2, 2, 3, 3, 3, 3, 4, 5, 6, 6]","[1, 1, 1, 1, 1, 1, 1, 1, 1, 1, 1]",poultry,env_water,USA:MD,water_northeast
Water_Delmarva,9,9,11,19,0.5,0.0,SAMN08639959,"serotype=Thompson,""antigen_formula=7:k:1,5""",74233.0,119.0,119.0,USA:MD,Non-Tidal Freshwater River,non tidal fresh water river,environmental-water,2017.0,"[0.599, 0.241, 0.16]","[9, 11, 11, 11, 12, 12, 12, 12, 12, 12, 12]","[0, 0, 1, 1, 1, 1, 1, 1, 1, 1, 0]",generalist,env_water,USA:MD,water_northeast
Water_Delmarva,1,8,1,7,1.0,1.0,SAMN08639981,"serotype=Infantis,""antigen_formula=7:r:1,5""",52351.0,343.0,343.0,USA:MD,Non-Tidal Freshwater River,non tidal fresh water river,environmental-water,2017.0,"[0.02, 0.961, 0.02]","[1, 1, 1, 2, 2, 3, 3, 3, 4, 5, 5]","[1, 1, 1, 1, 1, 1, 1, 1, 1, 1, 1]",poultry,env_water,USA:MD,water_northeast
Water_Delmarva,15,15,18,19,0.59,0.0,SAMN08639992,"serotype=I 4,[5],12:i:-,""antigen_formula=4:i:-""",111475.0,111475.0,48.0,USA:MD,Non-Tidal Freshwater River,non tidal fresh water river,environmental-water,2017.0,"[0.895, 0.057, 0.048]","[15, 16, 16, 18, 18, 18, 19, 19, 19, 19, 19]","[0, 0, 0, 0, 0, 1, 1, 1, 0, 1, 2]",bovine,env_water,USA:MD,water_northeast
Water_Delmarva,5,5,6,16,0.6,0.0,SAMN08639956,"serotype=Thompson,""antigen_formula=7:k:1,5""",119.0,119.0,119.0,USA:MD,Non-Tidal Freshwater River,non tidal fresh water river,environmental-water,2017.0,"[0.764, 0.118, 0.118]","[5, 5, 6, 6, 6, 6, 6, 6, 6, 6, 6]","[0, 0, 1, 1, 0, 1, 1, 1, 1, 1, 1]",bovine,env_water,USA:MD,water_northeast
Water_Delmarva,1,8,1,7,1.0,1.0,SAMN08639979,"serotype=Infantis,""antigen_formula=7:r:1,5""",52351.0,343.0,343.0,USA:MD,Non-Tidal Freshwater River,non tidal fresh water river,environmental-water,2017.0,"[0.02, 0.961, 0.02]","[1, 1, 1, 2, 2, 3, 3, 3, 4, 5, 5]","[1, 1, 1, 1, 1, 1, 1, 1, 1, 1, 1]",poultry,env_water,USA:MD,water_northeast
Water_Delmarva,1,8,1,7,1.0,1.0,SAMN08640014,"serotype=Infantis,""antigen_formula=7:r:1,5""",52351.0,343.0,343.0,USA:MD,Non-Tidal Freshwater River,non tidal fresh water river,environmental-water,2017.0,"[0.02, 0.961, 0.02]","[1, 1, 1, 2, 2, 3, 3, 3, 4, 5, 5]","[1, 1, 1, 1, 1, 1, 1, 1, 1, 1, 1]",poultry,env_water,USA:MD,water_northeast
Water_Delmarva,1,8,1,7,1.0,1.0,SAMN08640012,"serotype=Infantis,""antigen_formula=7:r:1,5""",52351.0,343.0,343.0,USA:MD,Non-Tidal Freshwater River,non tidal fresh water river,environmental-water,2017.0,"[0.02, 0.961, 0.02]","[1, 1, 1, 2, 2, 3, 3, 3, 4, 5, 5]","[1, 1, 1, 1, 1, 1, 1, 1, 1, 1, 1]",poultry,env_water,USA:MD,water_northeast
Water_Delmarva,5,5,8,16,0.77,0.0,SAMN08639960,"serotype=Thompson,""antigen_formula=7:k:1,5""",70563.0,119.0,119.0,USA:MD,Non-Tidal Freshwater River,non tidal fresh water river,environmental-water,2017.0,"[0.869, 0.065, 0.065]","[5, 5, 6, 8, 8, 8, 8, 8, 8, 8, 8]","[0, 0, 0, 1, 1, 1, 1, 1, 1, 1, 1]",bovine,env_water,USA:MD,water_northeast
Water_Delmarva,1,8,1,7,1.0,1.0,SAMN08639934,"serotype=Infantis,""antigen_formula=7:r:1,5""",52351.0,343.0,343.0,USA:MD,Non-Tidal Freshwater River,non tidal fresh water river,environmental-water,2017.0,"[0.02, 0.961, 0.02]","[1, 1, 1, 2, 2, 3, 3, 3, 4, 5, 5]","[1, 1, 1, 1, 1, 1, 1, 1, 1, 1, 1]",poultry,env_water,USA:MD,water_northeast
Water_Delmarva,1,8,1,7,1.0,1.0,SAMN08639978,"serotype=Infantis,""antigen_formula=7:r:1,5""",52351.0,343.0,343.0,USA:MD,Non-Tidal Freshwater River,non tidal fresh water river,environmental-water,2017.0,"[0.02, 0.961, 0.02]","[1, 1, 1, 2, 2, 3, 3, 3, 4, 5, 5]","[1, 1, 1, 1, 1, 1, 1, 1, 1, 1, 1]",poultry,env_water,USA:MD,water_northeast
Water_Delmarva,1,8,1,7,1.0,1.0,SAMN08640006,"serotype=Infantis,""antigen_formula=7:r:1,5""",52351.0,343.0,343.0,USA:MD,Non-Tidal Freshwater River,non tidal fresh water river,environmental-water,2017.0,"[0.02, 0.961, 0.02]","[1, 1, 1, 2, 2, 3, 3, 3, 4, 5, 5]","[1, 1, 1, 1, 1, 1, 1, 1, 1, 1, 1]",poultry,env_water,USA:MD,water_northeast
Water_Delmarva,6,9,6,10,0.84,1.0,SAMN08640003,"serotype=Infantis,""antigen_formula=7:r:1,5""",116873.0,343.0,343.0,USA:MD,Non-Tidal Freshwater River,non tidal fresh water river,environmental-water,2017.0,"[0.025, 0.95, 0.025]","[6, 6, 6, 7, 7, 7, 7, 7, 7, 8, 8]","[1, 1, 1, 1, 1, 1, 1, 1, 1, 1, 1]",poultry,env_water,USA:MD,water_northeast
Water_Delmarva,15,15,18,19,0.59,0.0,SAMN08639938,"serotype=I 4,[5],12:i:-,""antigen_formula=4:i:-""",111475.0,111475.0,48.0,USA:MD,Non-Tidal Freshwater River,non tidal fresh water river,environmental-water,2017.0,"[0.895, 0.057, 0.048]","[15, 16, 16, 18, 18, 18, 19, 19, 19, 19, 19]","[0, 0, 0, 0, 0, 1, 1, 1, 0, 1, 2]",bovine,env_water,USA:MD,water_northeast
Water_Delmarva,6,9,6,10,0.84,1.0,SAMN08639988,"serotype=Infantis,""antigen_formula=7:r:1,5""",116873.0,343.0,343.0,USA:MD,Non-Tidal Freshwater River,non tidal fresh water river,environmental-water,2017.0,"[0.025, 0.95, 0.025]","[6, 6, 6, 7, 7, 7, 7, 7, 7, 8, 8]","[1, 1, 1, 1, 1, 1, 1, 1, 1, 1, 1]",poultry,env_water,USA:MD,water_northeast
Water_Delmarva,1,6,1,7,1.0,1.0,SAMN08639878,"serotype=Infantis,""antigen_formula=7:r:1,5""",4584.0,343.0,343.0,USA:MD,Non-Tidal Freshwater River,non tidal fresh water river,environmental-water,2017.0,"[0.138, 0.725, 0.138]","[1, 1, 3, 3, 4, 4, 4, 4, 4, 4, 4]","[1, 1, 1, 1, 1, 1, 1, 1, 1, 1, 1]",poultry,env_water,USA:MD,water_northeast
Water_Delmarva,15,15,18,19,0.59,0.0,SAMN08640192,"serotype=I 4,[5],12:i:-,""antigen_formula=4:i:-""",111475.0,111475.0,48.0,USA:MD,Non-Tidal Freshwater River,non tidal fresh water river,environmental-water,2017.0,"[0.895, 0.057, 0.048]","[15, 16, 16, 18, 18, 18, 19, 19, 19, 19, 19]","[0, 0, 0, 0, 0, 1, 1, 1, 0, 1, 2]",bovine,env_water,USA:MD,water_northeast
Water_Delmarva,6,6,9,17,0.73,0.0,SAMN08640008,"serotype=Thompson,""antigen_formula=7:k:1,5""",70563.0,119.0,119.0,USA:MD,Non-Tidal Freshwater River,non tidal fresh water river,environmental-water,2017.0,"[0.869, 0.065, 0.065]","[6, 6, 7, 9, 9, 9, 9, 9, 9, 9, 9]","[0, 0, 0, 1, 1, 1, 1, 1, 1, 1, 1]",bovine,env_water,USA:MD,water_northeast
Water_Delmarva,15,15,18,19,0.59,0.0,SAMN08640196,"serotype=I 4,[5],12:i:-,""antigen_formula=4:i:-""",111475.0,111475.0,48.0,USA:MD,Non-Tidal Freshwater River,non tidal fresh water river,environmental-water,2017.0,"[0.895, 0.057, 0.048]","[15, 16, 16, 18, 18, 18, 19, 19, 19, 19, 19]","[0, 0, 0, 0, 0, 1, 1, 1, 0, 1, 2]",bovine,env_water,USA:MD,water_northeast
Water_Delmarva,6,6,9,17,0.73,0.0,SAMN08640009,"serotype=Thompson,""antigen_formula=7:k:1,5""",70563.0,119.0,119.0,USA:MD,Non-Tidal Freshwater River,non tidal fresh water river,environmental-water,2017.0,"[0.869, 0.065, 0.065]","[6, 6, 7, 9, 9, 9, 9, 9, 9, 9, 9]","[0, 0, 0, 1, 1, 1, 1, 1, 1, 1, 1]",bovine,env_water,USA:MD,water_northeast
Water_Delmarva,15,15,18,19,0.59,0.0,SAMN08640028,"serotype=I 4,[5],12:i:-,""antigen_formula=4:i:-""",111475.0,111475.0,48.0,USA:MD,Non-Tidal Freshwater River,non tidal fresh water river,environmental-water,2017.0,"[0.895, 0.057, 0.048]","[15, 16, 16, 18, 18, 18, 19, 19, 19, 19, 19]","[0, 0, 0, 0, 0, 1, 1, 1, 0, 1, 2]",bovine,env_water,USA:MD,water_northeast
Water_Delmarva,7,10,7,10,0.45,0.0,SAMN08640085,"serotype=Typhimurium,""antigen_formula=4:i:1,2""",8536.0,8536.0,8536.0,USA:MD,environmental-water; water pond,water pond,environmental-water,2017.0,"[0.732, 0.204, 0.064]","[7, 9, 9, 10, 10, 10, 12, 12, 14, 16, 20]","[1, 1, 1, 0, 0, 2, 0, 0, 0, 1, 1]",generalist,env_water,USA:MD,water_northeast
Water_Delmarva,7,10,7,10,0.45,0.0,SAMN08640086,"serotype=Typhimurium,""antigen_formula=4:i:1,2""",8536.0,8536.0,8536.0,USA:MD,environmental-water; water pond,water pond,environmental-water,2017.0,"[0.732, 0.204, 0.064]","[7, 9, 9, 10, 10, 10, 12, 12, 14, 16, 20]","[1, 1, 1, 0, 0, 2, 0, 0, 0, 1, 1]",generalist,env_water,USA:MD,water_northeast
Water_Delmarva,106,106,126,184,0.74,0.0,SAMN08639898,"serotype=Bareilly,""antigen_formula=7:y:1,5""",119007.0,119007.0,119007.0,USA:MD,environmental-water; non tidal fresh water creek,non tidal fresh water creek,environmental-water,2017.0,"[0.839, 0.099, 0.062]","[106, 121, 121, 126, 184, 184, 184, 184, 184, 184, 184]","[0, 0, 0, 1, 1, 2, 1, 2, 0, 0, 2]",wild animal,env_water,USA:MD,water_northeast
Water_Delmarva,1,28,1,30,1.0,1.0,SAMN08639886,"serotype=Enteritidis,""antigen_formula=9:g,m:-""",36675.0,36675.0,12.0,USA:MD,Non-Tidal Freshwater River,non tidal fresh water river,environmental-water,2017.0,"[0.037, 0.926, 0.037]","[1, 3, 5, 6, 6, 12, 18, 22, 23, 23, 23]","[1, 1, 1, 1, 1, 1, 1, 1, 1, 1, 1]",poultry,env_water,USA:MD,water_northeast
Water_Delmarva,2,10,2,9,1.0,1.0,SAMN08639876,"serotype=Infantis,""antigen_formula=7:r:1,5""",4584.0,343.0,343.0,USA:MD,Non-Tidal Freshwater River,non tidal fresh water river,environmental-water,2017.0,"[0.05, 0.9, 0.05]","[2, 2, 2, 4, 4, 5, 7, 7, 7, 7, 7]","[1, 1, 1, 1, 1, 1, 1, 1, 1, 1, 1]",poultry,env_water,USA:MD,water_northeast
Water_Delmarva,7,10,7,10,0.45,0.0,SAMN08639912,"serotype=Typhimurium,""antigen_formula=4:i:1,2""",8536.0,8536.0,8536.0,USA:MD,environmental-water; water pond,water pond,environmental-water,2017.0,"[0.732, 0.204, 0.064]","[7, 9, 9, 10, 10, 10, 12, 12, 14, 16, 20]","[1, 1, 1, 0, 0, 2, 0, 0, 0, 1, 1]",generalist,env_water,USA:MD,water_northeast
Water_Delmarva,19,21,19,22,0.58,1.0,SAMN08640048,"serotype=Montevideo,""antigen_formula=7:g,m,s:-""",71846.0,71846.0,73.0,USA:MD,environmental-water; environmental reclaimed water,environmental reclaimed water,environmental-water,2017.0,"[0.081, 0.86, 0.059]","[19, 19, 20, 20, 21, 21, 21, 21, 22, 22, 22]","[1, 1, 1, 1, 1, 1, 1, 0, 1, 1, 1]",poultry,env_water,USA:MD,water_northeast
Water_Delmarva,27,36,27,46,0.61,0.0,SAMN08639889,"serotype=Newport,""antigen_formula=8:e,h:1,2""",119036.0,119036.0,66210.0,USA:MD,environmental-water; non tidal fresh water creek,non tidal fresh water creek,environmental-water,2017.0,"[0.746, 0.152, 0.102]","[27, 36, 41, 41, 43, 44, 46, 47, 50, 51, 51]","[1, 0, 0, 0, 0, 0, 2, 0, 2, 2, 2]",bovine,env_water,USA:MD,water_northeast
Water_Delmarva,27,36,27,46,0.61,0.0,SAMN08639902,"serotype=Newport,""antigen_formula=8:e,h:1,2""",119036.0,119036.0,66210.0,USA:MD,environmental-water; non tidal fresh water creek,non tidal fresh water creek,environmental-water,2017.0,"[0.746, 0.152, 0.102]","[27, 36, 41, 41, 43, 44, 46, 47, 50, 51, 51]","[1, 0, 0, 0, 0, 0, 2, 0, 2, 2, 2]",bovine,env_water,USA:MD,water_northeast
Water_Delmarva,2,10,2,9,1.0,1.0,SAMN08639908,"serotype=I -:r:1,5,""antigen_formula=-:r:1,5""",4584.0,343.0,343.0,USA:MD,Non-Tidal Freshwater River,non tidal fresh water river,environmental-water,2017.0,"[0.05, 0.9, 0.05]","[2, 2, 2, 4, 4, 5, 7, 7, 7, 7, 7]","[1, 1, 1, 1, 1, 1, 1, 1, 1, 1, 1]",poultry,env_water,USA:MD,water_northeast
Water_Delmarva,16,16,19,20,0.59,0.0,SAMN08640195,"serotype=I 4,[5],12:i:-,""antigen_formula=4:i:-""",111475.0,111475.0,48.0,USA:MD,Non-Tidal Freshwater River,non tidal fresh water river,environmental-water,2017.0,"[0.895, 0.057, 0.048]","[16, 17, 17, 19, 19, 19, 20, 20, 20, 20, 20]","[0, 0, 0, 0, 0, 1, 1, 1, 0, 1, 2]",bovine,env_water,USA:MD,water_northeast
Water_Delmarva,7,10,7,10,0.45,0.0,SAMN08640054,"serotype=Typhimurium,""antigen_formula=4:i:1,2""",8536.0,8536.0,8536.0,USA:MD,environmental-water; water pond,water pond,environmental-water,2017.0,"[0.732, 0.204, 0.064]","[7, 9, 9, 10, 10, 10, 12, 12, 14, 16, 20]","[1, 1, 1, 0, 0, 2, 0, 0, 0, 1, 1]",generalist,env_water,USA:MD,water_northeast
Water_Delmarva,19,21,19,22,0.58,1.0,SAMN08640065,"serotype=Montevideo,""antigen_formula=7:g,m,s:-""",71846.0,71846.0,73.0,USA:MD,environmental-water; environmental reclaimed water,environmental reclaimed water,environmental-water,2017.0,"[0.081, 0.86, 0.059]","[19, 19, 20, 20, 21, 21, 21, 21, 22, 22, 22]","[1, 1, 1, 1, 1, 1, 1, 0, 1, 1, 1]",poultry,env_water,USA:MD,water_northeast
Water_Delmarva,163,163,795,526,1.0,0.0,SAMN08639913,"serotype=Bareilly,""antigen_formula=7:y:1,5""",119058.0,119058.0,16969.0,USA:MD,Non-Tidal Freshwater River,non tidal fresh water river,environmental-water,2017.0,"[0.911, 0.035, 0.054]","[163, 171, 186, 526, 616, 781, 794, 794, 795, 795, 795]","[0, 0, 0, 2, 0, 0, 0, 0, 2, 0, 1]",wild animal,env_water,USA:MD,water_northeast
Water_Delmarva,106,106,126,184,0.74,0.0,SAMN08639881,"serotype=Bareilly,""antigen_formula=7:y:1,5""",119007.0,119007.0,119007.0,USA:MD,environmental-water; non tidal fresh water creek,non tidal fresh water creek,environmental-water,2017.0,"[0.839, 0.099, 0.062]","[106, 121, 121, 126, 184, 184, 184, 184, 184, 184, 184]","[0, 0, 0, 1, 1, 2, 1, 2, 0, 0, 2]",wild animal,env_water,USA:MD,water_northeast
Water_Delmarva,31,35,31,42,0.54,0.0,SAMN08639888,"serotype=Newport,""antigen_formula=8:e,h:1,2""",9349.0,9349.0,9349.0,USA:MD,Non-Tidal Freshwater River,non tidal fresh water river,environmental-water,2017.0,"[0.688, 0.209, 0.103]","[31, 35, 38, 38, 39, 39, 41, 42, 42, 42, 42]","[1, 0, 0, 0, 0, 0, 1, 0, 1, 2, 1]",bovine,env_water,USA:MD,water_northeast
Water_Delmarva,8,11,8,11,0.45,0.0,SAMN08640064,"serotype=Typhimurium,""antigen_formula=4:i:1,2""",8536.0,8536.0,8536.0,USA:MD,environmental-water; water pond,water pond,environmental-water,2017.0,"[0.732, 0.204, 0.064]","[8, 10, 10, 11, 11, 11, 13, 13, 15, 17, 21]","[1, 1, 1, 0, 0, 2, 0, 0, 0, 1, 1]",generalist,env_water,USA:MD,water_northeast
Water_Delmarva,19,21,19,22,0.58,1.0,SAMN08640063,"serotype=Montevideo,""antigen_formula=7:g,m,s:-""",71846.0,71846.0,73.0,USA:MD,environmental-water; environmental reclaimed water,environmental reclaimed water,environmental-water,2017.0,"[0.081, 0.86, 0.059]","[19, 19, 20, 20, 21, 21, 21, 21, 22, 22, 22]","[1, 1, 1, 1, 1, 1, 1, 0, 1, 1, 1]",poultry,env_water,USA:MD,water_northeast
Water_Delmarva,19,21,19,22,0.58,1.0,SAMN08640078,"serotype=Montevideo,""antigen_formula=7:g,m,s:-""",71846.0,71846.0,73.0,USA:MD,environmental-water; environmental reclaimed water,environmental reclaimed water,environmental-water,2017.0,"[0.081, 0.86, 0.059]","[19, 19, 20, 20, 21, 21, 21, 21, 22, 22, 22]","[1, 1, 1, 1, 1, 1, 1, 0, 1, 1, 1]",poultry,env_water,USA:MD,water_northeast
Water_Delmarva,7,10,7,10,0.45,0.0,SAMN08640055,"serotype=Typhimurium,""antigen_formula=4:i:1,2""",8536.0,8536.0,8536.0,USA:MD,environmental-water; water pond,water pond,environmental-water,2017.0,"[0.732, 0.204, 0.064]","[7, 9, 9, 10, 10, 10, 12, 12, 14, 16, 20]","[1, 1, 1, 0, 0, 2, 0, 0, 0, 1, 1]",generalist,env_water,USA:MD,water_northeast
Water_Delmarva,19,21,19,22,0.58,1.0,SAMN08640081,"serotype=Montevideo,""antigen_formula=7:g,m,s:-""",71846.0,71846.0,73.0,USA:MD,environmental-water; environmental reclaimed water,environmental reclaimed water,environmental-water,2017.0,"[0.081, 0.86, 0.059]","[19, 19, 20, 20, 21, 21, 21, 21, 22, 22, 22]","[1, 1, 1, 1, 1, 1, 1, 0, 1, 1, 1]",poultry,env_water,USA:MD,water_northeast
Water_Delmarva,2160,2161,2161,2160,0.5,0.0,SAMN08639909,"serotype=IV 44:z36,[z38]:-,""antigen_formula=44:z36,z38:-""",118971.0,118971.0,118971.0,USA:MD,Non-Tidal Freshwater River,non tidal fresh water river,environmental-water,2017.0,"[0.708, 0.194, 0.098]","[2160, 2161, 2161, 2163, 2170, 2170, 2452, 2945, 2953, 2954, 2956]","[2, 0, 1, 1, 0, 0, 1, 0, 1, 0, 2]",wild animal,env_water,USA:MD,water_northeast
Water_Delmarva,106,106,126,184,0.74,0.0,SAMN08639893,"serotype=Bareilly,""antigen_formula=7:y:1,5""",119007.0,119007.0,119007.0,USA:MD,environmental-water; non tidal fresh water creek,non tidal fresh water creek,environmental-water,2017.0,"[0.841, 0.098, 0.061]","[106, 120, 121, 126, 184, 184, 184, 184, 184, 184, 184]","[0, 0, 0, 1, 0, 1, 0, 2, 1, 2, 2]",wild animal,env_water,USA:MD,water_northeast
Water_Delmarva,106,106,126,184,0.74,0.0,SAMN08639897,"serotype=Bareilly,""antigen_formula=7:y:1,5""",119007.0,119007.0,119007.0,USA:MD,environmental-water; non tidal fresh water creek,non tidal fresh water creek,environmental-water,2017.0,"[0.839, 0.099, 0.062]","[106, 121, 121, 126, 184, 184, 184, 184, 184, 184, 184]","[0, 0, 0, 1, 1, 2, 1, 2, 0, 0, 2]",wild animal,env_water,USA:MD,water_northeast
Water_Delmarva,5,5,6,16,0.6,0.0,SAMN08640011,"serotype=Thompson,""antigen_formula=7:k:1,5""",119.0,119.0,119.0,USA:MD,Non-Tidal Freshwater River,non tidal fresh water river,environmental-water,2017.0,"[0.764, 0.118, 0.118]","[5, 5, 6, 6, 6, 6, 6, 6, 6, 6, 6]","[0, 0, 1, 1, 0, 1, 1, 1, 1, 1, 1]",bovine,env_water,USA:MD,water_northeast
Water_Delmarva,19,21,19,22,0.58,1.0,SAMN08640083,"serotype=Montevideo,""antigen_formula=7:g,m,s:-""",71846.0,71846.0,73.0,USA:MD,environmental-water; environmental reclaimed water,environmental reclaimed water,environmental-water,2017.0,"[0.081, 0.86, 0.059]","[19, 19, 20, 20, 21, 21, 21, 21, 22, 22, 22]","[1, 1, 1, 1, 1, 1, 0, 1, 1, 1, 1]",poultry,env_water,USA:MD,water_northeast
Water_Delmarva,76,76,76,76,0.49,0.0,SAMN08640027,"serotype=I -:-:-,""antigen_formula=-:-:-""",7964.0,7964.0,639.0,USA:MD,environmental-factory/production facility| environmental-water; preprocessing plant water,preprocessing plant water,environmental-factory/production facility| environmental-water,2017.0,"[0.466, 0.384, 0.15]","[76, 76, 76, 76, 76, 77, 117, 121, 121, 121, 122]","[0, 1, 2, 1, 1, 0, 0, 0, 0, 1, 0]",wild animal,env_water,USA:MD,water_northeast
Water_Delmarva,213,213,970,978,0.54,0.0,SAMN08640015,"serotype=Norwich,""antigen_formula=7:e,h:1,6""",119902.0,104005.0,69765.0,USA:MD,environmental-water; non tidal fresh water creek,non tidal fresh water creek,environmental-water,2017.0,"[0.615, 0.193, 0.192]","[213, 897, 967, 969, 969, 969, 970, 970, 977, 978, 978]","[0, 0, 0, 0, 0, 0, 0, 1, 0, 2, 0]",wild animal,env_water,USA:MD,water_northeast
Water_Delmarva,170,173,217,170,0.5,2.0,SAMN08640013,"serotype=Give,""antigen_formula=3,10:l,v:1,7""",119901.0,119901.0,119901.0,USA:MD,environmental-water; non tidal fresh water creek,non tidal fresh water creek,environmental-water,2017.0,"[0.349, 0.108, 0.543]","[170, 173, 174, 180, 180, 180, 180, 180, 180, 180, 181]","[2, 0, 2, 2, 0, 0, 0, 0, 0, 0, 0]",wild animal,env_water,USA:MD,water_northeast
Water_Delmarva,4,12,4,11,0.99,1.0,SAMN08640198,"serotype=Infantis,""antigen_formula=7:r:1,5""",4584.0,343.0,343.0,USA:MD,Non-Tidal Freshwater River,non tidal fresh water river,environmental-water,2017.0,"[0.063, 0.875, 0.063]","[4, 4, 6, 6, 6, 7, 9, 9, 9, 9, 9]","[1, 1, 1, 1, 1, 1, 1, 1, 1, 1, 1]",poultry,env_water,USA:MD,water_northeast
Water_Delmarva,79,79,79,79,0.49,0.0,SAMN08640000,"serotype=Norwich,""antigen_formula=7:e,h:1,6""",639.0,639.0,639.0,USA:MD,environmental-factory/production facility| environmental-water; preprocessing plant water,preprocessing plant water,environmental-factory/production facility| environmental-water,2017.0,"[0.463, 0.385, 0.152]","[79, 79, 79, 79, 79, 80, 121, 125, 126, 126, 126]","[1, 1, 2, 0, 1, 0, 0, 0, 0, 0, 1]",wild animal,env_water,USA:MD,water_northeast
Water_Delmarva,76,76,76,76,0.49,0.0,SAMN08640025,"serotype=I -:-:-,""antigen_formula=-:-:-""",7964.0,7964.0,639.0,USA:MD,environmental-factory/production facility| environmental-water; preprocessing plant water,preprocessing plant water,environmental-factory/production facility| environmental-water,2017.0,"[0.466, 0.384, 0.15]","[76, 76, 76, 76, 76, 77, 117, 121, 121, 121, 122]","[0, 1, 2, 1, 1, 0, 0, 0, 0, 1, 0]",wild animal,env_water,USA:MD,water_northeast
Water_Delmarva,0,5,0,4,1.0,1.0,SAMN08639933,"serotype=Infantis,""antigen_formula=7:r:1,5""",4584.0,343.0,343.0,USA:MD,environmental-factory/production facility| environmental-water; preprocessing plant water,preprocessing plant water,environmental-factory/production facility| environmental-water,2017.0,"[0.029, 0.942, 0.029]","[0, 0, 1, 1, 1, 1, 1, 1, 1, 2, 2]","[1, 1, 1, 1, 1, 1, 1, 1, 1, 1, 1]",poultry,env_water,USA:MD,water_northeast
Water_Delmarva,132,132,152,205,0.69,0.0,SAMN08640039,"serotype=Bareilly,""antigen_formula=7:y:1,5""",119897.0,119897.0,119897.0,USA:MD,Non-Tidal Freshwater River,non tidal fresh water river,environmental-water,2017.0,"[0.834, 0.101, 0.064]","[132, 147, 149, 152, 205, 205, 205, 205, 205, 205, 206]","[0, 0, 0, 1, 0, 2, 1, 1, 2, 0, 2]",wild animal,env_water,USA:MD,water_northeast
Water_Delmarva,6,18,6,23,0.98,1.0,SAMN08640021,"serotype=Infantis,""antigen_formula=7:r:1,5""",119896.0,343.0,343.0,USA:MD,environmental-factory/production facility| environmental-water; preprocessing plant water,preprocessing plant water,environmental-factory/production facility| environmental-water,2017.0,"[0.116, 0.768, 0.116]","[6, 8, 9, 9, 9, 10, 11, 11, 11, 11, 11]","[1, 1, 1, 1, 1, 1, 1, 1, 1, 1, 1]",poultry,env_water,USA:MD,water_northeast
Water_Delmarva,213,213,970,978,0.54,0.0,SAMN08639977,"serotype=Norwich,""antigen_formula=7:e,h:1,6""",119902.0,104005.0,69765.0,USA:MD,environmental-water; non tidal fresh water creek,non tidal fresh water creek,environmental-water,2017.0,"[0.615, 0.193, 0.192]","[213, 897, 967, 969, 969, 969, 970, 970, 977, 978, 978]","[0, 0, 0, 0, 0, 0, 0, 1, 0, 2, 0]",wild animal,env_water,USA:MD,water_northeast
Water_Delmarva,4,12,4,11,0.99,1.0,SAMN08640199,"serotype=Infantis,""antigen_formula=7:r:1,5""",4584.0,343.0,343.0,USA:MD,Non-Tidal Freshwater River,non tidal fresh water river,environmental-water,2017.0,"[0.063, 0.875, 0.063]","[4, 4, 6, 6, 6, 7, 9, 9, 9, 9, 9]","[1, 1, 1, 1, 1, 1, 1, 1, 1, 1, 1]",poultry,env_water,USA:MD,water_northeast
Water_Delmarva,79,79,79,79,0.49,0.0,SAMN08639937,"serotype=I -:-:-,""antigen_formula=-:-:-""",639.0,639.0,639.0,USA:MD,environmental-factory/production facility| environmental-water; preprocessing plant water,preprocessing plant water,environmental-factory/production facility| environmental-water,2017.0,"[0.463, 0.385, 0.152]","[79, 79, 79, 79, 79, 80, 121, 125, 126, 126, 126]","[1, 1, 2, 0, 1, 0, 0, 0, 0, 0, 1]",wild animal,env_water,USA:MD,water_northeast
Water_Delmarva,79,79,79,79,0.49,0.0,SAMN08640004,"serotype=Norwich,""antigen_formula=7:e,h:1,6""",639.0,639.0,639.0,USA:MD,environmental-factory/production facility| environmental-water; preprocessing plant water,preprocessing plant water,environmental-factory/production facility| environmental-water,2017.0,"[0.463, 0.385, 0.152]","[79, 79, 79, 79, 79, 80, 121, 125, 126, 126, 126]","[1, 1, 2, 0, 1, 0, 0, 0, 0, 0, 1]",wild animal,env_water,USA:MD,water_northeast
Water_Delmarva,71,71,71,71,0.49,0.0,SAMN08639961,"serotype=Norwich,""antigen_formula=7:e,h:1,6""",49609.0,7964.0,639.0,USA:MD,environmental-factory/production facility| environmental-water; preprocessing plant water,preprocessing plant water,environmental-factory/production facility| environmental-water,2017.0,"[0.463, 0.385, 0.152]","[71, 71, 71, 71, 71, 72, 113, 117, 118, 118, 118]","[1, 1, 1, 2, 0, 0, 0, 0, 0, 0, 1]",wild animal,env_water,USA:MD,water_northeast
Water_Delmarva,2,10,2,9,1.0,1.0,SAMN08640018,"serotype=Infantis,""antigen_formula=7:r:1,5""",4584.0,343.0,343.0,USA:MD,Non-Tidal Freshwater River,non tidal fresh water river,environmental-water,2017.0,"[0.05, 0.9, 0.05]","[2, 2, 2, 4, 4, 5, 7, 7, 7, 7, 7]","[1, 1, 1, 1, 1, 1, 1, 1, 1, 1, 1]",poultry,env_water,USA:MD,water_northeast
Water_Delmarva,2,10,2,9,1.0,1.0,SAMN08639895,"serotype=Infantis,""antigen_formula=7:r:1,5""",4584.0,343.0,343.0,USA:MD,Non-Tidal Freshwater River,non tidal fresh water river,environmental-water,2017.0,"[0.05, 0.9, 0.05]","[2, 2, 2, 4, 4, 5, 7, 7, 7, 7, 7]","[1, 1, 1, 1, 1, 1, 1, 1, 1, 1, 1]",poultry,env_water,USA:MD,water_northeast
Water_Delmarva,31,35,31,42,0.54,0.0,SAMN08639883,"serotype=Newport,""antigen_formula=8:e,h:1,2""",9349.0,9349.0,9349.0,USA:MD,Non-Tidal Freshwater River,non tidal fresh water river,environmental-water,2017.0,"[0.688, 0.209, 0.103]","[31, 35, 38, 38, 39, 39, 41, 42, 42, 42, 42]","[1, 0, 0, 0, 0, 0, 1, 1, 0, 2, 1]",bovine,env_water,USA:MD,water_northeast
Water_Delmarva,605,605,880,625,0.69,0.0,SAMN08639971,"serotype=Bareilly,""antigen_formula=7:y:1,5""",69767.0,69767.0,69767.0,USA:MD,environmental-water; water pond,water pond,environmental-water,2017.0,"[0.902, 0.028, 0.07]","[605, 625, 626, 629, 716, 869, 878, 880, 880, 880, 880]","[0, 2, 0, 0, 0, 0, 0, 2, 2, 0, 1]",wild animal,env_water,USA:MD,water_northeast
Water_Delmarva,15,15,18,19,0.59,0.0,SAMN08639940,"serotype=I 4,[5],12:i:-,""antigen_formula=4:i:-""",111475.0,111475.0,48.0,USA:MD,Non-Tidal Freshwater River,non tidal fresh water river,environmental-water,2017.0,"[0.895, 0.057, 0.048]","[15, 16, 16, 18, 18, 18, 19, 19, 19, 19, 19]","[0, 0, 0, 0, 0, 1, 1, 1, 0, 1, 2]",bovine,env_water,USA:MD,water_northeast
Water_Delmarva,605,605,880,625,0.69,0.0,SAMN08639994,"serotype=Bareilly,""antigen_formula=7:y:1,5""",69767.0,69767.0,69767.0,USA:MD,environmental-water; water pond,water pond,environmental-water,2017.0,"[0.902, 0.028, 0.07]","[605, 625, 626, 629, 716, 869, 878, 880, 880, 880, 880]","[0, 2, 0, 0, 0, 0, 0, 2, 2, 0, 1]",wild animal,env_water,USA:MD,water_northeast
Water_Delmarva,15,15,18,19,0.59,0.0,SAMN08639946,"serotype=I 4,[5],12:i:-,""antigen_formula=4:i:-""",111475.0,111475.0,48.0,USA:MD,Non-Tidal Freshwater River,non tidal fresh water river,environmental-water,2017.0,"[0.895, 0.057, 0.048]","[15, 16, 16, 18, 18, 18, 19, 19, 19, 19, 19]","[0, 0, 0, 0, 0, 1, 1, 1, 0, 1, 2]",bovine,env_water,USA:MD,water_northeast
Water_Delmarva,605,605,880,625,0.69,0.0,SAMN08639894,"serotype=Bareilly,""antigen_formula=7:y:1,5""",69767.0,69767.0,69767.0,USA:MD,environmental-water; water pond,water pond,environmental-water,2017.0,"[0.902, 0.028, 0.07]","[605, 625, 626, 629, 716, 869, 878, 880, 880, 880, 880]","[0, 2, 0, 0, 0, 0, 0, 2, 2, 0, 1]",wild animal,env_water,USA:MD,water_northeast
Water_Delmarva,213,213,970,978,0.54,0.0,SAMN08639950,"serotype=Norwich,""antigen_formula=7:e,h:1,6""",119902.0,104005.0,69765.0,USA:MD,environmental-water; non tidal fresh water creek,non tidal fresh water creek,environmental-water,2017.0,"[0.615, 0.193, 0.192]","[213, 897, 967, 969, 969, 969, 970, 970, 977, 978, 978]","[0, 0, 0, 0, 0, 0, 0, 1, 0, 2, 0]",wild animal,env_water,USA:MD,water_northeast
Water_Delmarva,213,213,970,978,0.54,0.0,SAMN08640017,"serotype=Norwich,""antigen_formula=7:e,h:1,6""",119902.0,104005.0,69765.0,USA:MD,environmental-water; non tidal fresh water creek,non tidal fresh water creek,environmental-water,2017.0,"[0.615, 0.193, 0.192]","[213, 897, 967, 969, 969, 969, 970, 970, 977, 978, 978]","[0, 0, 0, 0, 0, 0, 0, 1, 0, 2, 0]",wild animal,env_water,USA:MD,water_northeast
Water_Delmarva,4,12,4,11,0.99,1.0,SAMN08639885,"serotype=Infantis,""antigen_formula=7:r:1,5""",4584.0,343.0,343.0,USA:MD,Non-Tidal Freshwater River,non tidal fresh water river,environmental-water,2017.0,"[0.05, 0.9, 0.05]","[4, 4, 4, 6, 6, 7, 9, 9, 9, 9, 9]","[1, 1, 1, 1, 1, 1, 1, 1, 1, 1, 1]",poultry,env_water,USA:MD,water_northeast
Water_Delmarva,163,163,796,526,1.0,0.0,SAMN08640019,"serotype=Bareilly,""antigen_formula=7:y:1,5""",119058.0,119058.0,16969.0,USA:MD,Non-Tidal Freshwater River,non tidal fresh water river,environmental-water,2017.0,"[0.911, 0.035, 0.054]","[163, 171, 186, 526, 616, 782, 795, 795, 796, 796, 796]","[0, 0, 0, 2, 0, 0, 0, 0, 0, 1, 2]",wild animal,env_water,USA:MD,water_northeast
Water_Delmarva,2065,2467,2065,2468,0.5,0.0,SAMN08640175,"serotype=IV 43:z4,z23:-,""antigen_formula=43:z4,z23:-""",121587.0,121587.0,121587.0,USA:MD,environmental-water; non tidal fresh water creek,non tidal fresh water creek,environmental-water,2017.0,"[0.472, 0.364, 0.164]","[2065, 2468, 2467, 2468, 2470, 2491, 2491, 2956, 2960, 2962, 2964]","[1, 2, 0, 1, 1, 0, 0, 0, 1, 0, 1]",wild animal,env_water,USA:MD,water_northeast
Water_Delmarva,166,166,790,520,1.0,0.0,SAMN08640035,"serotype=Bareilly,""antigen_formula=7:y:1,5""",121585.0,121585.0,121585.0,USA:MD,Non-Tidal Freshwater River,non tidal fresh water river,environmental-water,2017.0,"[0.913, 0.034, 0.053]","[166, 168, 185, 520, 617, 775, 786, 790, 792, 792, 792]","[0, 0, 0, 2, 0, 0, 0, 1, 0, 2, 0]",wild animal,env_water,USA:MD,water_northeast
Water_Delmarva,15,15,18,19,0.59,0.0,SAMN08639990,"serotype=I 4,[5],12:i:-,""antigen_formula=4:i:-""",111475.0,111475.0,48.0,USA:MD,Non-Tidal Freshwater River,non tidal fresh water river,environmental-water,2017.0,"[0.895, 0.057, 0.048]","[15, 16, 16, 18, 18, 18, 19, 19, 19, 19, 19]","[0, 0, 0, 0, 1, 0, 1, 1, 1, 0, 2]",bovine,env_water,USA:MD,water_northeast
Water_Delmarva,2064,2466,2064,2467,0.5,0.0,SAMN08640030,"serotype=IV 43:z4,z23:-,""antigen_formula=43:z4,z23:-""",121587.0,121587.0,121587.0,USA:MD,environmental-water; non tidal fresh water creek,non tidal fresh water creek,environmental-water,2017.0,"[0.472, 0.364, 0.164]","[2064, 2467, 2466, 2467, 2469, 2490, 2490, 2955, 2959, 2961, 2963]","[1, 2, 0, 1, 1, 0, 0, 0, 1, 0, 1]",wild animal,env_water,USA:MD,water_northeast
Water_Delmarva,2064,2466,2064,2467,0.5,0.0,SAMN08640031,"serotype=IV 43:z4,z23:-,""antigen_formula=43:z4,z23:-""",121587.0,121587.0,121587.0,USA:MD,environmental-water; non tidal fresh water creek,non tidal fresh water creek,environmental-water,2017.0,"[0.472, 0.364, 0.164]","[2064, 2467, 2466, 2467, 2469, 2490, 2490, 2955, 2959, 2961, 2963]","[1, 2, 0, 1, 1, 0, 0, 0, 1, 0, 1]",wild animal,env_water,USA:MD,water_northeast
Water_Delmarva,4,12,4,11,0.99,1.0,SAMN08640036,"serotype=Infantis,""antigen_formula=7:r:1,5""",4584.0,343.0,343.0,USA:MD,Non-Tidal Freshwater River,non tidal fresh water river,environmental-water,2017.0,"[0.063, 0.875, 0.063]","[4, 4, 6, 6, 6, 7, 9, 9, 9, 9, 9]","[1, 1, 1, 1, 1, 1, 1, 1, 1, 1, 1]",poultry,env_water,USA:MD,water_northeast
Water_Delmarva,71,71,71,71,0.49,0.0,SAMN08640038,"serotype=Norwich,""antigen_formula=7:e,h:1,6""",49609.0,7964.0,639.0,USA:MD,environmental-factory/production facility| environmental-water; preprocessing plant water,preprocessing plant water,environmental-factory/production facility| environmental-water,2017.0,"[0.463, 0.385, 0.152]","[71, 71, 71, 71, 71, 72, 113, 117, 118, 118, 118]","[1, 1, 1, 2, 0, 0, 0, 0, 0, 0, 1]",wild animal,env_water,USA:MD,water_northeast
Water_Delmarva,15,15,18,19,0.59,0.0,SAMN08639947,"serotype=I 4,[5],12:i:-,""antigen_formula=4:i:-""",111475.0,111475.0,48.0,USA:MD,Non-Tidal Freshwater River,non tidal fresh water river,environmental-water,2017.0,"[0.895, 0.057, 0.048]","[15, 16, 16, 18, 18, 18, 19, 19, 19, 19, 19]","[0, 0, 0, 0, 0, 1, 1, 1, 0, 1, 2]",bovine,env_water,USA:MD,water_northeast
Water_Delmarva,4,12,4,11,0.99,1.0,SAMN08640037,"serotype=Infantis,""antigen_formula=7:r:1,5""",4584.0,343.0,343.0,USA:MD,Non-Tidal Freshwater River,non tidal fresh water river,environmental-water,2017.0,"[0.063, 0.875, 0.063]","[4, 4, 6, 6, 6, 7, 9, 9, 9, 9, 9]","[1, 1, 1, 1, 1, 1, 1, 1, 1, 1, 1]",poultry,env_water,USA:MD,water_northeast
Water_Delmarva,151,151,198,153,0.52,0.0,SAMN08640032,"serotype=Give,""antigen_formula=3,10:l,v:1,7""",121621.0,121621.0,121621.0,USA:MD,environmental-water; non tidal fresh water creek,non tidal fresh water creek,environmental-water,2017.0,"[0.502, 0.102, 0.396]","[151, 153, 156, 160, 160, 160, 160, 160, 160, 160, 161]","[0, 2, 2, 0, 0, 0, 0, 2, 0, 0, 0]",wild animal,env_water,USA:MD,water_northeast
Water_Delmarva,4,12,4,11,0.99,1.0,SAMN08639954,"serotype=Infantis,""antigen_formula=7:r:1,5""",4584.0,343.0,343.0,USA:MD,Non-Tidal Freshwater River,non tidal fresh water river,environmental-water,2017.0,"[0.063, 0.875, 0.063]","[4, 4, 6, 6, 6, 7, 9, 9, 9, 9, 9]","[1, 1, 1, 1, 1, 1, 1, 1, 1, 1, 1]",poultry,env_water,USA:MD,water_northeast
Water_Delmarva,213,213,970,978,0.54,0.0,SAMN08639965,"serotype=Norwich,""antigen_formula=7:e,h:1,6""",119902.0,104005.0,69765.0,USA:MD,environmental-water; non tidal fresh water creek,non tidal fresh water creek,environmental-water,2017.0,"[0.615, 0.193, 0.192]","[213, 897, 967, 969, 969, 969, 970, 970, 977, 978, 978]","[0, 0, 0, 0, 0, 0, 0, 1, 0, 2, 0]",wild animal,env_water,USA:MD,water_northeast
Water_Delmarva,4,12,4,11,0.99,1.0,SAMN08639952,"serotype=Infantis,""antigen_formula=7:r:1,5""",4584.0,343.0,343.0,USA:MD,Non-Tidal Freshwater River,non tidal fresh water river,environmental-water,2017.0,"[0.063, 0.875, 0.063]","[4, 4, 6, 6, 6, 7, 9, 9, 9, 9, 9]","[1, 1, 1, 1, 1, 1, 1, 1, 1, 1, 1]",poultry,env_water,USA:MD,water_northeast
Water_Delmarva,151,151,198,153,0.52,0.0,SAMN08640174,"serotype=Give,""antigen_formula=3,10:l,v:1,7""",121621.0,121621.0,121621.0,USA:MD,environmental-water; non tidal fresh water creek,non tidal fresh water creek,environmental-water,2017.0,"[0.502, 0.102, 0.396]","[151, 153, 156, 160, 160, 160, 160, 160, 160, 160, 161]","[0, 2, 2, 0, 0, 0, 0, 2, 0, 0, 0]",wild animal,env_water,USA:MD,water_northeast
Water_Delmarva,112,112,132,191,0.73,0.0,SAMN08640172,"serotype=Bareilly,""antigen_formula=7:y:1,5""",122025.0,122025.0,119007.0,USA:MD,environmental-water; non tidal fresh water creek,non tidal fresh water creek,environmental-water,2017.0,"[0.833, 0.103, 0.064]","[112, 127, 131, 132, 191, 191, 191, 191, 191, 191, 191]","[0, 0, 0, 1, 2, 0, 1, 1, 2, 0, 2]",wild animal,env_water,USA:MD,water_northeast
Water_Delmarva,151,151,198,153,0.52,0.0,SAMN08640173,"serotype=Give,""antigen_formula=3,10:l,v:1,7""",121621.0,121621.0,121621.0,USA:MD,environmental-water; non tidal fresh water creek,non tidal fresh water creek,environmental-water,2017.0,"[0.502, 0.102, 0.396]","[151, 153, 156, 160, 160, 160, 160, 160, 160, 160, 161]","[0, 2, 2, 0, 0, 0, 0, 2, 0, 0, 0]",wild animal,env_water,USA:MD,water_northeast
Water_Delmarva,31,35,31,42,0.54,0.0,SAMN02900271,"serotype=Newport,""antigen_formula=8:e,h:1,2""",9349.0,9349.0,9349.0,USA:VA,water,water,environmental-water,2012.0,"[0.687, 0.21, 0.103]","[31, 35, 38, 38, 39, 39, 41, 42, 42, 42, 42]","[1, 0, 0, 0, 0, 0, 1, 1, 0, 1, 2]",bovine,env_water,USA:VA,water_appalachian
Water_Delmarva,6,10,6,385,0.88,1.0,SAMN01939069,"serotype=Newport,""antigen_formula=8:e,h:1,2""",122.0,122.0,122.0,USA:VA,environmental-water; creek sediment; creek sediment,creek sediment,environmental-water,2011.0,"[0.036, 0.955, 0.008]","[6, 6, 6, 7, 7, 8, 8, 10, 11, 12, 25]","[1, 1, 1, 1, 1, 1, 1, 0, 1, 0, 0]",poultry,env_water,USA:VA,water_appalachian
Water_Delmarva,40,40,54,60,0.51,0.0,SAMN01939072,"serotype=Newport,""antigen_formula=8:e,h:1,2""",58370.0,6034.0,6034.0,USA:VA,environmental-water; creek sediment; creek sediment,creek sediment,environmental-water,2011.0,"[0.779, 0.112, 0.109]","[40, 54, 54, 54, 55, 56, 59, 60, 61, 61, 65]","[0, 0, 0, 1, 1, 0, 0, 2, 2, 2, 0]",wild animal,env_water,USA:VA,water_appalachian
Water_Delmarva,38,38,52,58,0.51,0.0,SAMN01939074,"serotype=Newport,""antigen_formula=8:e,h:1,2""",58370.0,6034.0,6034.0,USA:VA,environmental-water; water from creek; water from creek,water from creek,environmental-water,2011.0,"[0.779, 0.112, 0.109]","[38, 52, 52, 52, 53, 54, 57, 58, 59, 59, 63]","[0, 0, 0, 1, 1, 0, 0, 2, 2, 2, 0]",generalist,env_water,USA:VA,water_appalachian
Water_Delmarva,9,9,11,388,0.67,1.0,SAMN01939073,"serotype=Newport,""antigen_formula=8:e,h:1,2""",122.0,122.0,122.0,USA:VA,environmental-water; creek sediment; creek sediment,creek sediment,environmental-water,2011.0,"[0.071, 0.915, 0.013]","[9, 11, 11, 11, 12, 12, 13, 13, 15, 15, 28]","[0, 1, 1, 1, 1, 1, 1, 1, 0, 1, 0]",poultry,env_water,USA:VA,water_appalachian
Water_Delmarva,17,30,17,34,0.31,0.0,SAMN01939068,"serotype=Newport,""antigen_formula=8:e,h:1,2""",632.0,632.0,120.0,USA:VA,environmental-water; creek sediment; creek sediment,creek sediment,environmental-water,2011.0,"[0.471, 0.436, 0.093]","[17, 18, 24, 30, 30, 30, 31, 31, 31, 34, 36]","[1, 1, 1, 0, 0, 0, 0, 0, 0, 2, 0]",generalist,env_water,USA:VA,water_appalachian
Water_Delmarva,29,33,29,40,0.54,0.0,SAMN08640189,"serotype=Newport,""antigen_formula=8:e,h:1,2""",9349.0,9349.0,9349.0,USA:MD,environmental-water; water pond,water pond,environmental-water,2017.0,"[0.688, 0.209, 0.103]","[29, 33, 36, 36, 37, 37, 39, 40, 40, 40, 40]","[1, 0, 0, 0, 0, 0, 1, 0, 1, 2, 1]",bovine,env_water,USA:MD,water_northeast
Water_Delmarva,28,32,28,39,0.54,0.0,SAMN08640181,"serotype=Newport,""antigen_formula=8:e,h:1,2""",9349.0,9349.0,9349.0,USA:MD,environmental-water; water pond,water pond,environmental-water,2017.0,"[0.688, 0.209, 0.103]","[28, 32, 35, 35, 36, 36, 38, 39, 39, 39, 39]","[1, 0, 0, 0, 0, 0, 1, 0, 1, 2, 1]",bovine,env_water,USA:MD,water_northeast
Water_Delmarva,29,33,29,40,0.54,0.0,SAMN08640047,"serotype=Newport,""antigen_formula=8:e,h:1,2""",9349.0,9349.0,9349.0,USA:MD,environmental-water; water pond,water pond,environmental-water,2017.0,"[0.688, 0.209, 0.103]","[29, 33, 36, 36, 37, 37, 39, 40, 40, 40, 40]","[1, 0, 0, 0, 0, 0, 1, 1, 0, 2, 1]",bovine,env_water,USA:MD,water_northeast
Water_Delmarva,17,457,17,27,1.0,1.0,SAMN08640183,"serotype=Javiana,""antigen_formula=9:l,z28:1,5""",45671.0,45671.0,19202.0,USA:MD,environmental-factory/production facility| environmental-water; preprocessing plant water,preprocessing plant water,environmental-factory/production facility| environmental-water,2017.0,"[0.023, 0.917, 0.06]","[17, 17, 17, 18, 27, 53, 55, 300, 302, 303, 303]","[1, 1, 1, 1, 2, 1, 1, 1, 2, 2, 2]",poultry,env_water,USA:MD,water_northeast
Water_Delmarva,28,32,28,39,0.54,0.0,SAMN08640088,"serotype=Newport,""antigen_formula=8:e,h:1,2""",9349.0,9349.0,9349.0,USA:MD,environmental-water; water pond,water pond,environmental-water,2017.0,"[0.688, 0.209, 0.103]","[28, 32, 35, 35, 36, 36, 38, 39, 39, 39, 39]","[1, 0, 0, 0, 0, 0, 1, 0, 1, 2, 1]",bovine,env_water,USA:MD,water_northeast
Water_Delmarva,18,458,18,28,1.0,1.0,SAMN08640200,"serotype=Javiana,""antigen_formula=9:l,z28:1,5""",45671.0,45671.0,19202.0,USA:MD,environmental-factory/production facility| environmental-water; preprocessing plant water,preprocessing plant water,environmental-factory/production facility| environmental-water,2017.0,"[0.023, 0.917, 0.06]","[18, 18, 18, 19, 28, 54, 56, 301, 302, 303, 304]","[1, 1, 1, 1, 2, 1, 1, 1, 2, 2, 2]",poultry,env_water,USA:MD,water_northeast
Water_Delmarva,6,9,6,9,0.44,0.0,SAMN08640071,"serotype=Typhimurium,""antigen_formula=4:i:1,2""",8536.0,8536.0,8536.0,USA:MD,environmental-water; water pond,water pond,environmental-water,2017.0,"[0.739, 0.196, 0.065]","[6, 8, 8, 9, 9, 9, 11, 11, 13, 16, 19]","[1, 1, 1, 0, 0, 2, 0, 0, 0, 1, 1]",generalist,env_water,USA:MD,water_northeast
Water_Delmarva,163,163,790,516,1.0,0.0,SAMN08640164,"serotype=Bareilly,""antigen_formula=7:y:1,5""",69780.0,69780.0,69780.0,USA:MD,environmental-water; water pond,water pond,environmental-water,2017.0,"[0.913, 0.034, 0.053]","[163, 165, 179, 516, 615, 775, 785, 790, 791, 791, 791]","[0, 0, 0, 2, 0, 0, 0, 1, 1, 0, 2]",wild animal,env_water,USA:MD,water_northeast
Water_Delmarva,36,39,36,46,0.54,0.0,SAMN08640190,"serotype=Newport,""antigen_formula=8:e,h:1,2""",11727.0,6450.0,6450.0,USA:MD,environmental-water; water pond,water pond,environmental-water,2017.0,"[0.726, 0.184, 0.09]","[36, 39, 42, 42, 43, 43, 45, 46, 46, 46, 46]","[1, 0, 0, 0, 0, 0, 1, 0, 1, 0, 2]",bovine,env_water,USA:MD,water_northeast
Water_Delmarva,112,112,132,191,0.73,0.0,SAMN08640033,"serotype=Bareilly,""antigen_formula=7:y:1,5""",122025.0,122025.0,119007.0,USA:MD,environmental-water; non tidal fresh water creek,non tidal fresh water creek,environmental-water,2017.0,"[0.833, 0.103, 0.064]","[112, 127, 131, 132, 191, 191, 191, 191, 191, 191, 191]","[0, 0, 0, 1, 2, 0, 1, 1, 2, 0, 2]",wild animal,env_water,USA:MD,water_northeast
Water_Delmarva,112,112,132,191,0.73,0.0,SAMN08640029,"serotype=Bareilly,""antigen_formula=7:y:1,5""",122025.0,122025.0,119007.0,USA:MD,environmental-water; non tidal fresh water creek,non tidal fresh water creek,environmental-water,2017.0,"[0.833, 0.103, 0.064]","[112, 127, 131, 132, 191, 191, 191, 191, 191, 191, 191]","[0, 0, 0, 1, 2, 0, 1, 1, 2, 0, 2]",wild animal,env_water,USA:MD,water_northeast
Water_Delmarva,36,39,36,46,0.54,0.0,SAMN08640073,"serotype=Newport,""antigen_formula=8:e,h:1,2""",11727.0,6450.0,6450.0,USA:MD,environmental-water; water pond,water pond,environmental-water,2017.0,"[0.726, 0.184, 0.09]","[36, 39, 42, 42, 43, 43, 45, 46, 46, 46, 46]","[1, 0, 0, 0, 0, 0, 1, 0, 1, 0, 2]",bovine,env_water,USA:MD,water_northeast
Water_Delmarva,28,32,28,39,0.54,0.0,SAMN08640187,"serotype=Newport,""antigen_formula=8:e,h:1,2""",9349.0,9349.0,9349.0,USA:MD,environmental-water; water pond,water pond,environmental-water,2017.0,"[0.688, 0.209, 0.103]","[28, 32, 35, 35, 36, 36, 38, 39, 39, 39, 39]","[1, 0, 0, 0, 0, 0, 1, 0, 1, 2, 1]",bovine,env_water,USA:MD,water_northeast
Water_Delmarva,29,33,29,40,0.54,0.0,SAMN08640167,"serotype=Newport,""antigen_formula=8:e,h:1,2""",9349.0,9349.0,9349.0,USA:MD,environmental-water; water pond,water pond,environmental-water,2017.0,"[0.688, 0.209, 0.103]","[29, 33, 36, 36, 37, 37, 39, 40, 40, 40, 40]","[1, 0, 0, 0, 0, 0, 1, 1, 0, 2, 1]",bovine,env_water,USA:MD,water_northeast
Water_Delmarva,17,457,17,27,1.0,1.0,SAMN08640185,"serotype=Javiana,""antigen_formula=9:l,z28:1,5""",45671.0,45671.0,19202.0,USA:MD,environmental-factory/production facility| environmental-water; preprocessing plant water,preprocessing plant water,environmental-factory/production facility| environmental-water,2017.0,"[0.023, 0.917, 0.06]","[17, 17, 17, 18, 27, 53, 55, 300, 302, 303, 303]","[1, 1, 1, 1, 2, 1, 1, 1, 2, 2, 2]",poultry,env_water,USA:MD,water_northeast
Water_Delmarva,28,32,28,39,0.54,0.0,SAMN08640165,"serotype=Newport,""antigen_formula=8:e,h:1,2""",9349.0,9349.0,9349.0,USA:MD,environmental-water; water pond,water pond,environmental-water,2017.0,"[0.688, 0.209, 0.103]","[28, 32, 35, 35, 36, 36, 38, 39, 39, 39, 39]","[1, 0, 0, 0, 0, 0, 1, 0, 1, 2, 1]",bovine,env_water,USA:MD,water_northeast
Water_Delmarva,1,10,1,9,1.0,1.0,SAMN08640166,"serotype=Thompson,""antigen_formula=7:k:1,5""",45685.0,119.0,119.0,USA:MD,environmental-water; water pond,water pond,environmental-water,2017.0,"[0.06, 0.879, 0.06]","[1, 1, 3, 3, 3, 3, 3, 3, 3, 4, 4]","[1, 1, 1, 1, 1, 1, 1, 1, 1, 1, 1]",poultry,env_water,USA:MD,water_northeast
Water_Delmarva,72,72,86,83,0.56,0.0,SAMN08639953,"serotype=Typhimurium,""antigen_formula=4:i:1,2""",74014.0,74014.0,49776.0,USA:MD,environmental-water; non tidal fresh water creek,non tidal fresh water creek,environmental-water,2017.0,"[0.605, 0.293, 0.102]","[72, 80, 83, 86, 90, 90, 95, 103, 107, 109, 123]","[0, 0, 2, 1, 1, 1, 1, 0, 0, 1, 0]",wild animal,env_water,USA:MD,water_northeast
Water_Delmarva,12,12,14,391,0.64,1.0,SAMN04933556,"serotype=Newport,""antigen_formula=8:e,h:1,2""",122.0,122.0,122.0,USA:VA,environmental-water; sediment,sediment,environmental-water,2015.0,"[0.069, 0.918, 0.013]","[12, 14, 14, 14, 14, 15, 16, 16, 18, 18, 31]","[0, 1, 1, 1, 1, 1, 1, 1, 0, 1, 0]",poultry,env_water,USA:VA,water_appalachian
Water_Delmarva,31,33,31,41,0.55,0.0,SAMN04933546,"serotype=Newport,""antigen_formula=8:e,h:1,2""",45649.0,45649.0,45649.0,USA:VA,environmental-water; sediment,sediment,environmental-water,2015.0,"[0.768, 0.149, 0.083]","[31, 33, 37, 38, 38, 41, 41, 41, 42, 43, 43]","[1, 0, 0, 0, 0, 0, 1, 2, 0, 0, 1]",bovine,env_water,USA:VA,water_appalachian
Water_Delmarva,31,33,31,41,0.55,0.0,SAMN04933545,"serotype=Newport,""antigen_formula=8:e,h:1,2""",45649.0,45649.0,45649.0,USA:VA,sediment,sediment,environmental-water,2015.0,"[0.768, 0.149, 0.083]","[31, 33, 37, 38, 38, 41, 41, 41, 42, 43, 43]","[1, 0, 0, 0, 0, 0, 1, 2, 0, 0, 1]",bovine,env_water,USA:VA,water_appalachian
Water_Delmarva,11,11,13,390,0.65,1.0,SAMN04933558,"serotype=Newport,""antigen_formula=8:e,h:1,2""",122.0,122.0,122.0,USA:VA,environmental-water; sediment,sediment,environmental-water,2015.0,"[0.071, 0.915, 0.013]","[11, 13, 13, 13, 14, 14, 15, 15, 17, 17, 30]","[0, 1, 1, 1, 1, 1, 1, 1, 0, 1, 0]",poultry,env_water,USA:VA,water_appalachian
Water_Delmarva,20,32,20,35,0.34,0.0,SAMN04563705,"serotype=Newport,""antigen_formula=8:e,h:1,2""",43370.0,632.0,120.0,USA:VA,creek water,creek water,environmental-water,2015.0,"[0.495, 0.411, 0.094]","[20, 21, 27, 32, 32, 32, 33, 33, 33, 35, 38]","[1, 1, 1, 0, 0, 0, 0, 0, 0, 2, 0]",generalist,env_water,USA:VA,water_appalachian
Water_Delmarva,18,33,18,37,0.79,1.0,SAMN04563677,"serotype=Newport,""antigen_formula=8:e,h:1,2""",49844.0,120.0,120.0,USA:VA,sediment,sediment,environmental-water,2015.0,"[0.432, 0.469, 0.099]","[18, 20, 25, 33, 33, 33, 34, 34, 34, 37, 39]","[1, 1, 1, 0, 0, 0, 0, 0, 0, 2, 0]",poultry,env_water,USA:VA,water_appalachian
Water_Delmarva,17,32,17,36,0.8,1.0,SAMN04563674,,49844.0,120.0,120.0,USA:VA,sediment,sediment,environmental-water,2015.0,"[0.432, 0.469, 0.099]","[17, 19, 24, 32, 32, 32, 33, 33, 33, 36, 38]","[1, 1, 1, 0, 0, 0, 0, 0, 0, 2, 0]",poultry,env_water,USA:VA,water_appalachian
Water_Delmarva,18,33,18,37,0.79,1.0,SAMN04563673,"serotype=Newport,""antigen_formula=8:e,h:1,2""",49844.0,120.0,120.0,USA:VA,sediment,sediment,environmental-water,2015.0,"[0.432, 0.469, 0.099]","[18, 20, 25, 33, 33, 33, 34, 34, 34, 37, 39]","[1, 1, 1, 0, 0, 0, 0, 0, 0, 2, 0]",poultry,env_water,USA:VA,water_appalachian
Water_Delmarva,18,33,18,37,0.79,1.0,SAMN04563658,"serotype=Newport,""antigen_formula=8:e,h:1,2""",49844.0,120.0,120.0,USA:VA,creek water,creek water,environmental-water,2015.0,"[0.432, 0.469, 0.099]","[18, 20, 25, 33, 33, 33, 34, 34, 34, 37, 39]","[1, 1, 1, 0, 0, 0, 0, 0, 0, 2, 0]",poultry,env_water,USA:VA,water_appalachian
Water_Delmarva,13,25,13,29,0.29,0.0,SAMN04563667,"serotype=Newport,""antigen_formula=8:e,h:1,2""",632.0,632.0,120.0,USA:VA,sediment,sediment,environmental-water,2015.0,"[0.49, 0.422, 0.088]","[13, 14, 19, 25, 25, 25, 26, 26, 26, 29, 31]","[1, 1, 1, 0, 0, 0, 0, 0, 0, 2, 0]",generalist,env_water,USA:VA,water_appalachian
Water_Delmarva,7,11,7,386,0.85,1.0,SAMN04563660,"serotype=Newport,""antigen_formula=8:e,h:1,2""",122.0,122.0,122.0,USA:VA,creek water,creek water,environmental-water,2015.0,"[0.036, 0.955, 0.008]","[7, 7, 7, 8, 8, 9, 9, 11, 12, 13, 26]","[1, 1, 1, 1, 1, 1, 1, 0, 1, 0, 0]",poultry,env_water,USA:VA,water_appalachian
Water_Delmarva,14,26,14,30,0.3,0.0,SAMN04563665,"serotype=Newport,""antigen_formula=8:e,h:1,2""",632.0,632.0,120.0,USA:VA,sediment,sediment,environmental-water,2015.0,"[0.49, 0.422, 0.088]","[14, 15, 20, 26, 26, 26, 27, 27, 27, 30, 32]","[1, 1, 1, 0, 0, 0, 0, 0, 0, 2, 0]",generalist,env_water,USA:VA,water_appalachian
Water_Delmarva,17,32,17,36,0.8,1.0,SAMN04563648,"serotype=Newport,""antigen_formula=8:e,h:1,2""",49844.0,120.0,120.0,USA:VA,creek water,creek water,environmental-water,2015.0,"[0.432, 0.469, 0.099]","[17, 19, 24, 32, 32, 32, 33, 33, 33, 36, 38]","[1, 1, 1, 0, 0, 0, 0, 0, 0, 2, 0]",poultry,env_water,USA:VA,water_appalachian
Water_Delmarva,17,32,17,36,0.8,1.0,SAMN04563647,"serotype=Newport,""antigen_formula=8:e,h:1,2""",49844.0,120.0,120.0,USA:VA,creek water,creek water,environmental-water,2015.0,"[0.432, 0.469, 0.099]","[17, 19, 24, 32, 32, 32, 33, 33, 33, 36, 38]","[1, 1, 1, 0, 0, 0, 0, 0, 0, 2, 0]",poultry,env_water,USA:VA,water_appalachian
Water_Delmarva,8,12,8,387,0.82,1.0,SAMN04563646,"serotype=Newport,""antigen_formula=8:e,h:1,2""",122.0,122.0,122.0,USA:VA,creek water,creek water,environmental-water,2015.0,"[0.036, 0.955, 0.008]","[8, 8, 8, 9, 9, 10, 10, 12, 13, 14, 27]","[1, 1, 1, 1, 1, 1, 1, 0, 1, 0, 0]",poultry,env_water,USA:VA,water_appalachian
Water_Delmarva,17,32,17,36,0.8,1.0,SAMN04563650,"serotype=Newport,""antigen_formula=8:e,h:1,2""",49844.0,120.0,120.0,USA:VA,creek water,creek water,environmental-water,2015.0,"[0.432, 0.469, 0.099]","[17, 19, 24, 32, 32, 32, 33, 33, 33, 36, 38]","[1, 1, 1, 0, 0, 0, 0, 0, 0, 2, 0]",poultry,env_water,USA:VA,water_appalachian
Water_Delmarva,18,33,18,37,0.79,1.0,SAMN04563640,"serotype=Newport,""antigen_formula=8:e,h:1,2""",49844.0,120.0,120.0,USA:VA,creek water,creek water,environmental-water,2015.0,"[0.432, 0.469, 0.099]","[18, 20, 25, 33, 33, 33, 34, 34, 34, 37, 39]","[1, 1, 1, 0, 0, 0, 0, 0, 0, 2, 0]",poultry,env_water,USA:VA,water_appalachian
Water_Delmarva,17,32,17,36,0.8,1.0,SAMN04563643,"serotype=Newport,""antigen_formula=8:e,h:1,2""",49844.0,120.0,120.0,USA:VA,creek water,creek water,environmental-water,2015.0,"[0.432, 0.469, 0.099]","[17, 19, 24, 32, 32, 32, 33, 33, 33, 36, 38]","[1, 1, 1, 0, 0, 0, 0, 0, 0, 2, 0]",poultry,env_water,USA:VA,water_appalachian
Water_Delmarva,18,33,18,37,0.79,1.0,SAMN04563642,"serotype=Newport,""antigen_formula=8:e,h:1,2""",49844.0,120.0,120.0,USA:VA,creek water,creek water,environmental-water,2015.0,"[0.432, 0.469, 0.099]","[18, 20, 25, 33, 33, 33, 34, 34, 34, 37, 39]","[1, 1, 1, 0, 0, 0, 0, 0, 0, 2, 0]",poultry,env_water,USA:VA,water_appalachian
Water_Delmarva,9,9,11,387,0.67,1.0,SAMN04563624,,122.0,122.0,122.0,USA:VA,creek water,creek water,environmental-water,2015.0,"[0.071, 0.915, 0.013]","[9, 11, 11, 11, 12, 12, 13, 13, 15, 15, 28]","[0, 1, 1, 1, 1, 1, 1, 1, 0, 1, 0]",poultry,env_water,USA:VA,water_appalachian
Water_Delmarva,12,12,14,390,0.64,1.0,SAMN04933557,"serotype=Newport,""antigen_formula=8:e,h:1,2""",122.0,122.0,122.0,USA:VA,environmental-water; sediment,sediment,environmental-water,2015.0,"[0.071, 0.915, 0.013]","[12, 14, 14, 14, 15, 15, 16, 16, 18, 18, 31]","[0, 1, 1, 1, 1, 1, 1, 1, 0, 1, 0]",poultry,env_water,USA:VA,water_appalachian
Water_Delmarva,22,34,22,38,0.33,0.0,SAMN04933554,"serotype=Newport,""antigen_formula=8:e,h:1,2""",47849.0,47849.0,120.0,USA:VA,environmental-water; sediment,sediment,environmental-water,2015.0,"[0.497, 0.419, 0.085]","[22, 22, 28, 34, 34, 34, 34, 35, 35, 38, 40]","[1, 1, 1, 0, 0, 0, 0, 0, 0, 2, 0]",generalist,env_water,USA:VA,water_appalachian
Water_Delmarva,11,11,13,390,0.65,1.0,SAMN04933555,"serotype=Newport,""antigen_formula=8:e,h:1,2""",122.0,122.0,122.0,USA:VA,sediment,sediment,environmental-water,2015.0,"[0.071, 0.915, 0.013]","[11, 13, 13, 13, 14, 14, 15, 15, 17, 17, 30]","[0, 1, 1, 1, 1, 1, 1, 1, 0, 1, 0]",poultry,env_water,USA:VA,water_appalachian
Water_Delmarva,21,33,21,37,0.34,0.0,SAMN04933553,"serotype=Newport,""antigen_formula=8:e,h:1,2""",47849.0,47849.0,120.0,USA:VA,environmental-water; sediment,sediment,environmental-water,2015.0,"[0.49, 0.421, 0.088]","[21, 22, 27, 33, 33, 33, 34, 34, 34, 37, 39]","[1, 1, 1, 0, 0, 0, 0, 0, 0, 2, 0]",generalist,env_water,USA:VA,water_appalachian
Water_Delmarva,21,33,21,37,0.34,0.0,SAMN04933264,"serotype=Newport,""antigen_formula=8:e,h:1,2""",47849.0,47849.0,120.0,USA:VA,creek water,creek water,environmental-water,2015.0,"[0.49, 0.422, 0.088]","[21, 22, 27, 33, 33, 33, 34, 34, 34, 37, 39]","[1, 1, 1, 0, 0, 0, 0, 0, 0, 2, 0]",generalist,env_water,USA:VA,water_appalachian
Water_Delmarva,9,9,13,391,0.65,1.0,SAMN04563707,"serotype=Newport,""antigen_formula=8:e,h:1,2""",43375.0,122.0,122.0,USA:VA,creek water,creek water,environmental-water,2015.0,"[0.096, 0.884, 0.019]","[9, 13, 13, 13, 14, 14, 15, 15, 17, 17, 30]","[0, 1, 1, 1, 1, 1, 1, 1, 0, 1, 0]",poultry,env_water,USA:VA,water_appalachian
Water_Delmarva,17,32,17,36,0.8,1.0,SAMN04563641,"serotype=Newport,""antigen_formula=8:e,h:1,2""",49844.0,120.0,120.0,USA:VA,creek water,creek water,environmental-water,2015.0,"[0.432, 0.469, 0.099]","[17, 19, 24, 32, 32, 32, 33, 33, 33, 36, 38]","[1, 1, 1, 0, 0, 0, 0, 0, 0, 2, 0]",poultry,env_water,USA:VA,water_appalachian
Water_Delmarva,17,32,17,36,0.8,1.0,SAMN04563655,"serotype=Newport,""antigen_formula=8:e,h:1,2""",49844.0,120.0,120.0,USA:VA,creek water,creek water,environmental-water,2015.0,"[0.432, 0.469, 0.099]","[17, 19, 24, 32, 32, 32, 33, 33, 33, 36, 38]","[1, 1, 1, 0, 0, 0, 0, 0, 0, 2, 0]",poultry,env_water,USA:VA,water_appalachian
Water_Delmarva,11,11,13,389,0.65,1.0,SAMN04563625,"serotype=Newport,""antigen_formula=8:e,h:1,2""",122.0,122.0,122.0,USA:VA,creek water,creek water,environmental-water,2015.0,"[0.071, 0.915, 0.013]","[11, 13, 13, 13, 14, 14, 15, 15, 17, 17, 30]","[0, 1, 1, 1, 1, 1, 1, 1, 0, 1, 0]",poultry,env_water,USA:VA,water_appalachian
Water_Delmarva,17,32,17,36,0.8,1.0,SAMN04563659,"serotype=Newport,""antigen_formula=8:e,h:1,2""",49844.0,120.0,120.0,USA:VA,creek water,creek water,environmental-water,2015.0,"[0.432, 0.469, 0.099]","[17, 19, 24, 32, 32, 32, 33, 33, 33, 36, 38]","[1, 1, 1, 0, 0, 0, 0, 0, 0, 2, 0]",poultry,env_water,USA:VA,water_appalachian
Water_Delmarva,10,10,12,389,0.66,1.0,SAMN04563623,"serotype=Newport,""antigen_formula=8:e,h:1,2""",122.0,122.0,122.0,USA:VA,creek water,creek water,environmental-water,2015.0,"[0.071, 0.915, 0.013]","[10, 12, 12, 12, 13, 13, 14, 14, 16, 16, 29]","[0, 1, 1, 1, 1, 1, 1, 1, 0, 1, 0]",poultry,env_water,USA:VA,water_appalachian
Water_Delmarva,17,29,17,33,0.32,0.0,SAMN04563614,"serotype=Newport,""antigen_formula=8:e,h:1,2""",632.0,632.0,120.0,USA:VA,creek water,creek water,environmental-water,2015.0,"[0.49, 0.421, 0.088]","[17, 18, 23, 29, 29, 29, 30, 30, 30, 33, 35]","[1, 1, 1, 0, 0, 0, 0, 0, 0, 2, 0]",generalist,env_water,USA:VA,water_appalachian
Water_Delmarva,11,11,13,389,0.65,1.0,SAMN04563612,"serotype=Newport,""antigen_formula=8:e,h:1,2""",122.0,122.0,122.0,USA:VA,creek water,creek water,environmental-water,2015.0,"[0.071, 0.915, 0.013]","[11, 13, 13, 13, 14, 14, 15, 15, 17, 17, 30]","[0, 1, 1, 1, 1, 1, 1, 1, 0, 1, 0]",poultry,env_water,USA:VA,water_appalachian
Water_Delmarva,11,11,13,390,0.65,1.0,SAMN03861917,"serotype=Newport,""antigen_formula=8:e,h:1,2""",122.0,122.0,122.0,USA:VA,sediment,sediment,environmental-water,2015.0,"[0.071, 0.915, 0.013]","[11, 13, 13, 13, 14, 14, 15, 15, 17, 17, 30]","[0, 1, 1, 1, 1, 1, 1, 1, 0, 1, 0]",poultry,env_water,USA:VA,water_appalachian
Water_Delmarva,16,28,16,32,0.31,0.0,SAMN03861907,"serotype=Newport,""antigen_formula=8:e,h:1,2""",11686.0,632.0,120.0,USA:VA,sediment,sediment,environmental-water,2015.0,"[0.498, 0.413, 0.09]","[16, 17, 23, 28, 28, 28, 29, 29, 29, 32, 34]","[1, 1, 1, 0, 0, 0, 0, 0, 0, 2, 0]",generalist,env_water,USA:VA,water_appalachian
Water_Delmarva,18,30,18,34,0.32,0.0,SAMN03861896,"serotype=Newport,""antigen_formula=8:e,h:1,2""",51600.0,632.0,120.0,USA:VA,sediment,sediment,environmental-water,2015.0,"[0.49, 0.421, 0.088]","[18, 19, 24, 30, 30, 30, 31, 31, 31, 34, 36]","[1, 1, 1, 0, 0, 0, 0, 0, 0, 2, 0]",generalist,env_water,USA:VA,water_appalachian
Water_Delmarva,11,11,13,387,0.65,1.0,SAMN03861892,"serotype=Newport,""antigen_formula=8:e,h:1,2""",122.0,122.0,122.0,USA:VA,sediment,sediment,environmental-water,2015.0,"[0.071, 0.915, 0.013]","[11, 13, 13, 13, 14, 14, 15, 15, 17, 17, 30]","[0, 1, 1, 1, 1, 1, 1, 1, 0, 1, 0]",poultry,env_water,USA:VA,water_appalachian
Water_Delmarva,16,28,16,32,0.31,0.0,SAMN03861843,"serotype=Newport,""antigen_formula=8:e,h:1,2""",12774.0,8571.0,120.0,USA:VA,water,water,environmental-water,2015.0,"[0.498, 0.413, 0.09]","[16, 17, 23, 28, 28, 28, 29, 29, 29, 32, 34]","[1, 1, 1, 0, 0, 0, 0, 0, 0, 2, 0]",generalist,env_water,USA:VA,water_appalachian
Water_Delmarva,31,33,31,41,0.55,0.0,SAMN03861877,"serotype=Newport,""antigen_formula=8:e,h:1,2""",45649.0,45649.0,45649.0,USA:VA,sediment,sediment,environmental-water,2015.0,"[0.768, 0.149, 0.083]","[31, 33, 37, 38, 38, 41, 41, 41, 42, 43, 43]","[1, 0, 0, 0, 0, 0, 1, 2, 0, 0, 1]",bovine,env_water,USA:VA,water_appalachian
Water_Delmarva,17,29,17,33,0.32,0.0,SAMN03861840,"serotype=Newport,""antigen_formula=8:e,h:1,2""",11686.0,632.0,120.0,USA:VA,water,water,environmental-water,2015.0,"[0.498, 0.413, 0.09]","[17, 18, 24, 29, 29, 29, 30, 30, 30, 33, 35]","[1, 1, 1, 0, 0, 0, 0, 0, 0, 2, 0]",generalist,env_water,USA:VA,water_appalachian
Water_Delmarva,58,58,261,259,1.0,0.0,SAMN03861707,"serotype=Newport,""antigen_formula=8:e,h:1,2""",54515.0,54515.0,54515.0,USA:VA,water,water,environmental-water,2015.0,"[0.795, 0.102, 0.103]","[58, 60, 253, 255, 259, 260, 260, 260, 260, 260, 260]","[0, 0, 0, 0, 2, 2, 2, 0, 0, 0, 0]",wild animal,env_water,USA:VA,water_appalachian
Water_Delmarva,10,14,10,387,0.77,1.0,SAMN03861813,"serotype=Newport,""antigen_formula=8:e,h:1,2""",57530.0,122.0,122.0,USA:VA,water,water,environmental-water,2015.0,"[0.036, 0.955, 0.008]","[10, 10, 10, 11, 11, 12, 12, 14, 15, 16, 29]","[1, 1, 1, 1, 1, 1, 1, 0, 1, 0, 0]",poultry,env_water,USA:VA,water_appalachian
Water_Delmarva,8,12,8,388,0.82,1.0,SAMN03861646,"serotype=Newport,""antigen_formula=8:e,h:1,2""",122.0,122.0,122.0,USA:VA,water,water,environmental-water,2014.0,"[0.036, 0.955, 0.008]","[8, 8, 8, 9, 9, 10, 10, 12, 13, 14, 27]","[1, 1, 1, 1, 1, 1, 1, 0, 1, 0, 0]",poultry,env_water,USA:VA,water_appalachian
Water_Delmarva,6,10,6,386,0.88,1.0,SAMN03861638,"serotype=Newport,""antigen_formula=8:e,h:1,2""",122.0,122.0,122.0,USA:VA,sediment,sediment,environmental-water,2014.0,"[0.036, 0.955, 0.008]","[6, 6, 6, 7, 7, 8, 8, 10, 11, 12, 25]","[1, 1, 1, 1, 1, 1, 1, 0, 1, 0, 0]",poultry,env_water,USA:VA,water_appalachian
Water_Delmarva,8,12,8,388,0.82,1.0,SAMN03861642,,122.0,122.0,122.0,USA:VA,water,water,environmental-water,2014.0,"[0.036, 0.955, 0.008]","[8, 8, 8, 9, 9, 10, 10, 12, 13, 14, 27]","[1, 1, 1, 1, 1, 1, 1, 0, 1, 0, 0]",poultry,env_water,USA:VA,water_appalachian
Water_Delmarva,8,12,8,388,0.82,1.0,SAMN03861645,,122.0,122.0,122.0,USA:VA,water,water,environmental-water,2014.0,"[0.036, 0.955, 0.008]","[8, 8, 8, 9, 9, 10, 10, 12, 13, 14, 27]","[1, 1, 1, 1, 1, 1, 1, 0, 1, 0, 0]",poultry,env_water,USA:VA,water_appalachian
Water_Delmarva,10,10,12,388,0.66,1.0,SAMN04563617,"serotype=Newport,""antigen_formula=8:e,h:1,2""",122.0,122.0,122.0,USA:VA,creek water,creek water,environmental-water,2015.0,"[0.071, 0.915, 0.013]","[10, 12, 12, 12, 13, 13, 14, 14, 16, 16, 29]","[0, 1, 1, 1, 1, 1, 1, 1, 0, 1, 0]",poultry,env_water,USA:VA,water_appalachian
Water_Delmarva,10,10,12,388,0.66,1.0,SAMN04563616,"serotype=Newport,""antigen_formula=8:e,h:1,2""",122.0,122.0,122.0,USA:VA,creek water,creek water,environmental-water,2015.0,"[0.071, 0.915, 0.013]","[10, 12, 12, 12, 13, 13, 14, 14, 16, 16, 29]","[0, 1, 1, 1, 1, 1, 1, 1, 0, 1, 0]",poultry,env_water,USA:VA,water_appalachian
Water_Delmarva,11,26,11,30,0.88,1.0,SAMN03861616,,8564.0,120.0,120.0,USA:VA,water,water,environmental-water,2014.0,"[0.438, 0.462, 0.101]","[11, 13, 19, 26, 26, 26, 27, 27, 27, 30, 32]","[1, 1, 1, 0, 0, 0, 0, 0, 0, 2, 0]",poultry,env_water,USA:VA,water_appalachian
Water_Delmarva,10,10,12,389,0.66,1.0,SAMN04563609,"serotype=Newport,""antigen_formula=8:e,h:1,2""",122.0,122.0,122.0,USA:VA,creek water,creek water,environmental-water,2015.0,"[0.071, 0.915, 0.013]","[10, 12, 12, 12, 13, 13, 14, 14, 16, 16, 29]","[0, 1, 1, 1, 1, 1, 1, 1, 0, 1, 0]",poultry,env_water,USA:VA,water_appalachian
Water_Delmarva,10,10,12,388,0.66,1.0,SAMN04563607,"serotype=Newport,""antigen_formula=8:e,h:1,2""",122.0,122.0,122.0,USA:VA,creek water,creek water,environmental-water,2015.0,"[0.071, 0.915, 0.013]","[10, 12, 12, 12, 13, 13, 14, 14, 16, 16, 29]","[0, 1, 1, 1, 1, 1, 1, 1, 0, 1, 0]",poultry,env_water,USA:VA,water_appalachian
Water_Delmarva,16,28,16,32,0.31,0.0,SAMN03861906,"serotype=Newport,""antigen_formula=8:e,h:1,2""",11686.0,632.0,120.0,USA:VA,sediment,sediment,environmental-water,2015.0,"[0.498, 0.413, 0.09]","[16, 17, 23, 28, 28, 28, 29, 29, 29, 32, 34]","[1, 1, 1, 0, 0, 0, 0, 0, 0, 2, 0]",generalist,env_water,USA:VA,water_appalachian
Water_Delmarva,18,30,18,34,0.31,0.0,SAMN03861905,"serotype=Newport,""antigen_formula=8:e,h:1,2""",55383.0,8571.0,120.0,USA:VA,sediment,sediment,environmental-water,2015.0,"[0.504, 0.41, 0.086]","[18, 18, 25, 30, 30, 30, 30, 31, 31, 34, 36]","[1, 1, 1, 0, 0, 0, 0, 0, 0, 2, 0]",generalist,env_water,USA:VA,water_appalachian
Water_Delmarva,17,29,17,33,0.32,0.0,SAMN03861903,"serotype=Newport,""antigen_formula=8:e,h:1,2""",11686.0,632.0,120.0,USA:VA,sediment,sediment,environmental-water,2015.0,"[0.497, 0.413, 0.09]","[17, 18, 24, 29, 29, 29, 30, 30, 30, 33, 35]","[1, 1, 1, 0, 0, 0, 0, 0, 0, 2, 0]",generalist,env_water,USA:VA,water_appalachian
Water_Delmarva,17,29,17,33,0.32,0.0,SAMN03861842,"serotype=Newport,""antigen_formula=8:e,h:1,2""",12774.0,8571.0,120.0,USA:VA,water,water,environmental-water,2015.0,"[0.498, 0.413, 0.09]","[17, 18, 24, 29, 29, 29, 30, 30, 30, 33, 35]","[1, 1, 1, 0, 0, 0, 0, 0, 0, 2, 0]",generalist,env_water,USA:VA,water_appalachian
Water_Delmarva,32,34,32,42,0.55,0.0,SAMN03861876,"serotype=Newport,""antigen_formula=8:e,h:1,2""",45649.0,45649.0,45649.0,USA:VA,sediment,sediment,environmental-water,2015.0,"[0.768, 0.149, 0.083]","[32, 34, 38, 39, 39, 42, 42, 42, 43, 44, 44]","[1, 0, 0, 0, 0, 1, 0, 2, 0, 0, 1]",bovine,env_water,USA:VA,water_appalachian
Water_Delmarva,9,13,9,387,0.79,1.0,SAMN03861812,"serotype=Newport,""antigen_formula=8:e,h:1,2""",57530.0,122.0,122.0,USA:VA,water,water,environmental-water,2015.0,"[0.036, 0.955, 0.008]","[9, 9, 9, 10, 10, 11, 11, 13, 14, 15, 28]","[1, 1, 1, 1, 1, 1, 1, 0, 1, 0, 0]",poultry,env_water,USA:VA,water_appalachian
Water_Delmarva,15,39,15,47,0.94,1.0,SAMN03861798,"serotype=Newport,""antigen_formula=8:e,h:1,2""",9153.0,3474.0,3474.0,USA:VA,sediment,sediment,environmental-water,2015.0,"[0.271, 0.592, 0.137]","[15, 18, 37, 39, 43, 43, 44, 44, 45, 47, 47]","[1, 1, 1, 0, 0, 0, 0, 0, 1, 1, 0]",poultry,env_water,USA:VA,water_appalachian
Water_Delmarva,9,13,9,389,0.79,1.0,SAMN03861644,"serotype=Newport,""antigen_formula=8:e,h:1,2""",122.0,122.0,122.0,USA:VA,water,water,environmental-water,2014.0,"[0.036, 0.955, 0.008]","[9, 9, 9, 10, 10, 11, 11, 13, 14, 15, 28]","[1, 1, 1, 1, 1, 1, 1, 0, 1, 0, 0]",poultry,env_water,USA:VA,water_appalachian
Water_Delmarva,13,13,15,389,0.63,1.0,SAMN03861637,,122.0,122.0,122.0,USA:VA,sediment,sediment,environmental-water,2014.0,"[0.071, 0.915, 0.013]","[13, 15, 15, 15, 16, 16, 17, 17, 19, 19, 32]","[0, 1, 1, 1, 1, 1, 1, 1, 0, 1, 0]",poultry,env_water,USA:VA,water_appalachian
Water_Delmarva,11,26,11,30,0.88,1.0,SAMN03861617,"serotype=Newport,""antigen_formula=8:e,h:1,2""",8564.0,120.0,120.0,USA:VA,water,water,environmental-water,2014.0,"[0.438, 0.462, 0.101]","[11, 13, 19, 26, 26, 26, 27, 27, 27, 30, 32]","[1, 1, 1, 0, 0, 0, 0, 0, 0, 2, 0]",poultry,env_water,USA:VA,water_appalachian
Water_Delmarva,13,13,15,391,0.63,1.0,SAMN03861620,"serotype=Newport,""antigen_formula=8:e,h:1,2""",122.0,122.0,122.0,USA:VA,water,water,environmental-water,2014.0,"[0.071, 0.915, 0.013]","[13, 15, 15, 15, 16, 16, 17, 17, 19, 19, 32]","[0, 1, 1, 1, 1, 1, 1, 1, 0, 1, 0]",poultry,env_water,USA:VA,water_appalachian
Water_Delmarva,13,13,15,389,0.63,1.0,SAMN03861636,"serotype=Newport,""antigen_formula=8:e,h:1,2""",122.0,122.0,122.0,USA:VA,sediment,sediment,environmental-water,2014.0,"[0.071, 0.915, 0.013]","[13, 15, 15, 15, 16, 16, 17, 17, 19, 19, 32]","[0, 1, 1, 1, 1, 1, 1, 1, 0, 1, 0]",poultry,env_water,USA:VA,water_appalachian
Water_Delmarva,10,10,12,389,0.66,1.0,SAMN04563620,,122.0,122.0,122.0,USA:VA,creek water,creek water,environmental-water,2015.0,"[0.071, 0.915, 0.013]","[10, 12, 12, 12, 13, 13, 14, 14, 16, 16, 29]","[0, 1, 1, 1, 1, 1, 1, 1, 0, 1, 0]",poultry,env_water,USA:VA,water_appalachian
Water_Delmarva,11,26,11,30,0.88,1.0,SAMN03861615,"serotype=Newport,""antigen_formula=8:e,h:1,2""",8564.0,120.0,120.0,USA:VA,water,water,environmental-water,2014.0,"[0.438, 0.462, 0.101]","[11, 13, 19, 26, 26, 26, 27, 27, 27, 30, 32]","[1, 1, 1, 0, 0, 0, 0, 0, 0, 2, 0]",poultry,env_water,USA:VA,water_appalachian
Water_Delmarva,16,28,16,32,0.31,0.0,SAMN03861824,"serotype=Newport,""antigen_formula=8:e,h:1,2""",12774.0,8571.0,120.0,USA:VA,water,water,environmental-water,2015.0,"[0.497, 0.413, 0.09]","[16, 17, 23, 28, 28, 28, 29, 29, 29, 32, 34]","[1, 1, 1, 0, 0, 0, 0, 0, 0, 2, 0]",generalist,env_water,USA:VA,water_appalachian
Water_Delmarva,18,30,18,34,0.32,0.0,SAMN03861897,"serotype=Newport,""antigen_formula=8:e,h:1,2""",51600.0,632.0,120.0,USA:VA,sediment,sediment,environmental-water,2015.0,"[0.49, 0.421, 0.088]","[18, 19, 24, 30, 30, 30, 31, 31, 31, 34, 36]","[1, 1, 1, 0, 0, 0, 0, 0, 0, 2, 0]",generalist,env_water,USA:VA,water_appalachian
Water_Delmarva,9,13,9,387,0.79,1.0,SAMN03861808,"serotype=Newport,""antigen_formula=8:e,h:1,2""",57530.0,122.0,122.0,USA:VA,water,water,environmental-water,2015.0,"[0.036, 0.955, 0.008]","[9, 9, 9, 10, 10, 11, 11, 13, 14, 15, 28]","[1, 1, 1, 1, 1, 1, 1, 0, 1, 0, 0]",poultry,env_water,USA:VA,water_appalachian
Water_Delmarva,14,38,14,46,0.95,1.0,SAMN03861799,"serotype=Newport,""antigen_formula=8:e,h:1,2""",9153.0,3474.0,3474.0,USA:VA,sediment,sediment,environmental-water,2015.0,"[0.271, 0.592, 0.137]","[14, 17, 36, 38, 42, 42, 43, 43, 44, 46, 46]","[1, 1, 1, 0, 0, 0, 0, 0, 1, 0, 1]",poultry,env_water,USA:VA,water_appalachian
Water_Delmarva,14,38,14,46,0.95,1.0,SAMN03861801,"serotype=Newport,""antigen_formula=8:e,h:1,2""",9153.0,3474.0,3474.0,USA:VA,sediment,sediment,environmental-water,2015.0,"[0.271, 0.591, 0.137]","[14, 17, 36, 38, 42, 42, 43, 43, 44, 46, 46]","[1, 1, 1, 0, 0, 0, 0, 0, 1, 0, 1]",poultry,env_water,USA:VA,water_appalachian
Water_Delmarva,13,27,13,31,0.86,1.0,SAMN03861797,"serotype=Newport,""antigen_formula=8:e,h:1,2""",19218.0,18726.0,120.0,USA:VA,water,water,environmental-water,2015.0,"[0.427, 0.482, 0.091]","[13, 14, 17, 27, 27, 27, 28, 28, 28, 31, 33]","[1, 1, 1, 0, 0, 0, 0, 0, 0, 2, 0]",poultry,env_water,USA:VA,water_appalachian
Water_Delmarva,59,59,262,260,1.0,0.0,SAMN03861706,"serotype=Newport,""antigen_formula=8:e,h:1,2""",54515.0,54515.0,54515.0,USA:VA,water,water,environmental-water,2015.0,"[0.796, 0.102, 0.102]","[59, 61, 254, 255, 260, 261, 261, 261, 261, 261, 261]","[0, 0, 0, 0, 2, 2, 2, 0, 0, 0, 0]",wild animal,env_water,USA:VA,water_appalachian
Water_Delmarva,12,26,12,30,0.88,1.0,SAMN03861795,"serotype=Newport,""antigen_formula=8:e,h:1,2""",19218.0,18726.0,120.0,USA:VA,water,water,environmental-water,2015.0,"[0.427, 0.482, 0.091]","[12, 13, 16, 26, 26, 26, 27, 27, 27, 30, 32]","[1, 1, 1, 0, 0, 0, 0, 0, 0, 2, 0]",poultry,env_water,USA:VA,water_appalachian
Water_Delmarva,58,58,261,259,1.0,0.0,SAMN03861703,"serotype=Newport,""antigen_formula=8:e,h:1,2""",54515.0,54515.0,54515.0,USA:VA,water,water,environmental-water,2015.0,"[0.796, 0.102, 0.102]","[58, 60, 253, 254, 259, 260, 260, 260, 260, 260, 260]","[0, 0, 0, 0, 2, 2, 2, 0, 0, 0, 0]",wild animal,env_water,USA:VA,water_appalachian
Water_Delmarva,6,10,6,386,0.88,1.0,SAMN03861639,"serotype=Newport,""antigen_formula=8:e,h:1,2""",122.0,122.0,122.0,USA:VA,sediment,sediment,environmental-water,2014.0,"[0.036, 0.955, 0.008]","[6, 6, 6, 7, 7, 8, 8, 10, 11, 12, 25]","[1, 1, 1, 1, 1, 1, 1, 0, 1, 0, 0]",poultry,env_water,USA:VA,water_appalachian
Water_Delmarva,8,12,8,388,0.82,1.0,SAMN03861640,,122.0,122.0,122.0,USA:VA,water,water,environmental-water,2014.0,"[0.036, 0.955, 0.008]","[8, 8, 8, 9, 9, 10, 10, 12, 13, 14, 27]","[1, 1, 1, 1, 1, 1, 1, 0, 1, 0, 0]",poultry,env_water,USA:VA,water_appalachian
Water_Delmarva,15,15,17,393,0.62,1.0,SAMN03861590,"serotype=Newport,""antigen_formula=8:e,h:1,2""",122.0,122.0,122.0,USA:VA,water,water,environmental-water,2014.0,"[0.071, 0.916, 0.013]","[15, 17, 17, 17, 18, 18, 19, 19, 21, 21, 34]","[0, 1, 1, 1, 1, 1, 1, 1, 0, 1, 0]",poultry,env_water,USA:VA,water_appalachian
Water_Delmarva,8,12,8,386,0.82,1.0,SAMN03861583,"serotype=Newport,""antigen_formula=8:e,h:1,2""",122.0,122.0,122.0,USA:VA,water,water,environmental-water,2014.0,"[0.036, 0.955, 0.008]","[8, 8, 8, 9, 9, 10, 10, 12, 13, 14, 27]","[1, 1, 1, 1, 1, 1, 1, 0, 1, 0, 0]",poultry,env_water,USA:VA,water_appalachian
Water_Delmarva,8,12,8,386,0.82,1.0,SAMN03861579,,122.0,122.0,122.0,USA:VA,water,water,environmental-water,2014.0,"[0.036, 0.955, 0.008]","[8, 8, 8, 9, 9, 10, 10, 12, 13, 14, 27]","[1, 1, 1, 1, 1, 1, 1, 0, 1, 0, 0]",poultry,env_water,USA:VA,water_appalachian
Water_Delmarva,8,12,8,386,0.82,1.0,SAMN03861578,"serotype=Newport,""antigen_formula=8:e,h:1,2""",122.0,122.0,122.0,USA:VA,water,water,environmental-water,2014.0,"[0.036, 0.955, 0.008]","[8, 8, 8, 9, 9, 10, 10, 12, 13, 14, 27]","[1, 1, 1, 1, 1, 1, 1, 0, 1, 0, 0]",poultry,env_water,USA:VA,water_appalachian
Water_Delmarva,8,12,8,386,0.82,1.0,SAMN03861577,"serotype=Newport,""antigen_formula=8:e,h:1,2""",122.0,122.0,122.0,USA:VA,water,water,environmental-water,2014.0,"[0.036, 0.955, 0.008]","[8, 8, 8, 9, 9, 10, 10, 12, 13, 14, 27]","[1, 1, 1, 1, 1, 1, 1, 0, 1, 0, 0]",poultry,env_water,USA:VA,water_appalachian
Water_Delmarva,8,12,8,386,0.82,1.0,SAMN03861575,"serotype=Newport,""antigen_formula=8:e,h:1,2""",122.0,122.0,122.0,USA:VA,water,water,environmental-water,2014.0,"[0.036, 0.955, 0.008]","[8, 8, 8, 9, 9, 10, 10, 12, 13, 14, 27]","[1, 1, 1, 1, 1, 1, 1, 0, 1, 0, 0]",poultry,env_water,USA:VA,water_appalachian
Water_Delmarva,8,12,8,386,0.82,1.0,SAMN03861566,,122.0,122.0,122.0,USA:VA,water,water,environmental-water,2014.0,"[0.036, 0.955, 0.008]","[8, 8, 8, 9, 9, 10, 10, 12, 13, 14, 27]","[1, 1, 1, 1, 1, 1, 1, 0, 1, 0, 0]",poultry,env_water,USA:VA,water_appalachian
Water_Delmarva,11,15,11,390,0.75,1.0,SAMN03107489,"serotype=Newport,""antigen_formula=8:e,h:1,2""",122705.0,122.0,122.0,USA:VA,environmental-water; water gallon,water gallon,environmental-water,2014.0,"[0.036, 0.955, 0.009]","[11, 11, 11, 12, 12, 13, 13, 15, 16, 17, 29]","[1, 1, 1, 1, 1, 1, 1, 0, 1, 0, 0]",poultry,env_water,USA:VA,water_appalachian
Water_Delmarva,5,11,5,385,0.96,1.0,SAMN03069654,"serotype=Newport,""antigen_formula=8:e,h:1,2""",122.0,122.0,122.0,USA:VA,sediment,sediment,environmental-water,2014.0,"[0.043, 0.945, 0.012]","[5, 5, 7, 8, 8, 9, 9, 11, 12, 13, 26]","[1, 1, 1, 1, 1, 1, 1, 0, 1, 0, 0]",poultry,env_water,USA:VA,water_appalachian
Water_Delmarva,8,8,10,386,0.69,1.0,SAMN02900381,"serotype=Newport,""antigen_formula=8:e,h:1,2""",122.0,122.0,122.0,USA:VA,sediment,sediment,environmental-water,2012.0,"[0.071, 0.915, 0.013]","[8, 10, 10, 10, 11, 11, 12, 12, 14, 14, 27]","[0, 1, 1, 1, 1, 1, 1, 1, 0, 1, 0]",poultry,env_water,USA:VA,water_appalachian
Water_Delmarva,12,26,12,30,0.88,1.0,SAMN03069696,"serotype=Newport,""antigen_formula=8:e,h:1,2""",19218.0,18726.0,120.0,USA:VA,water (10 gal),water gallon,environmental-water,2014.0,"[0.427, 0.482, 0.091]","[12, 13, 16, 26, 26, 26, 27, 27, 27, 30, 32]","[1, 1, 1, 0, 0, 0, 0, 0, 0, 2, 0]",poultry,env_water,USA:VA,water_appalachian
Water_Delmarva,9,9,11,388,0.67,1.0,SAMN02900371,"serotype=Newport,""antigen_formula=8:e,h:1,2""",122.0,122.0,122.0,USA:VA,sediment,sediment,environmental-water,2012.0,"[0.071, 0.915, 0.013]","[9, 11, 11, 11, 12, 12, 13, 13, 15, 15, 28]","[0, 1, 1, 1, 1, 1, 1, 1, 0, 1, 0]",poultry,env_water,USA:VA,water_appalachian
Water_Delmarva,8,8,10,387,0.69,1.0,SAMN02900380,"serotype=Newport,""antigen_formula=8:e,h:1,2""",122.0,122.0,122.0,USA:VA,sediment,sediment,environmental-water,2012.0,"[0.071, 0.915, 0.013]","[8, 10, 10, 10, 11, 11, 12, 12, 14, 14, 27]","[0, 1, 1, 1, 1, 1, 1, 1, 0, 1, 0]",poultry,env_water,USA:VA,water_appalachian
Water_Delmarva,16,30,16,34,0.82,1.0,SAMN02900361,,18726.0,18726.0,120.0,USA:VA,water,water,environmental-water,2012.0,"[0.427, 0.482, 0.091]","[16, 17, 20, 30, 30, 30, 31, 31, 31, 34, 36]","[1, 1, 1, 0, 0, 0, 0, 0, 0, 2, 0]",poultry,env_water,USA:VA,water_appalachian
Water_Delmarva,8,8,10,387,0.69,1.0,SAMN02900335,"serotype=Newport,""antigen_formula=8:e,h:1,2""",122.0,122.0,122.0,USA:VA,water,water,environmental-water,2012.0,"[0.071, 0.915, 0.013]","[8, 10, 10, 10, 11, 11, 12, 12, 14, 14, 27]","[0, 1, 1, 1, 1, 1, 1, 1, 0, 1, 0]",poultry,env_water,USA:VA,water_appalachian
Water_Delmarva,14,26,14,30,0.3,0.0,SAMN02900367,"serotype=Newport,""antigen_formula=8:e,h:1,2""",632.0,632.0,120.0,USA:VA,sediment,sediment,environmental-water,2012.0,"[0.49, 0.422, 0.088]","[14, 15, 20, 26, 26, 26, 27, 27, 27, 30, 32]","[1, 1, 1, 0, 0, 0, 0, 0, 0, 2, 0]",generalist,env_water,USA:VA,water_appalachian
Water_Delmarva,9,9,11,388,0.67,1.0,SAMN02900374,"serotype=Newport,""antigen_formula=8:e,h:1,2""",122.0,122.0,122.0,USA:VA,sediment,sediment,environmental-water,2012.0,"[0.071, 0.915, 0.013]","[9, 11, 11, 11, 12, 12, 13, 13, 15, 15, 28]","[0, 1, 1, 1, 1, 1, 1, 1, 0, 1, 0]",poultry,env_water,USA:VA,water_appalachian
Water_Delmarva,9,9,11,387,0.67,1.0,SAMN02900334,"serotype=Newport,""antigen_formula=8:e,h:1,2""",122.0,122.0,122.0,USA:VA,water,water,environmental-water,2012.0,"[0.071, 0.915, 0.013]","[9, 11, 11, 11, 12, 12, 13, 13, 15, 15, 28]","[0, 1, 1, 1, 1, 1, 1, 1, 0, 1, 0]",poultry,env_water,USA:VA,water_appalachian
Water_Delmarva,38,38,52,58,0.51,0.0,SAMN03463863,"serotype=Newport,""antigen_formula=8:e,h:1,2""",58370.0,6034.0,6034.0,USA:VA,environmental-water; creek sediment,creek sediment,environmental-water,2011.0,"[0.779, 0.112, 0.109]","[38, 52, 52, 52, 53, 54, 57, 58, 59, 59, 63]","[0, 0, 0, 1, 1, 0, 0, 2, 2, 2, 0]",generalist,env_water,USA:VA,water_appalachian
Water_Delmarva,8,8,10,387,0.69,1.0,SAMN02900333,,122.0,122.0,122.0,USA:VA,water,water,environmental-water,2012.0,"[0.071, 0.915, 0.013]","[8, 10, 10, 10, 11, 11, 12, 12, 14, 14, 27]","[0, 1, 1, 1, 1, 1, 1, 1, 0, 1, 0]",poultry,env_water,USA:VA,water_appalachian
Water_Delmarva,38,38,52,58,0.51,0.0,SAMN03463862,"serotype=Newport,""antigen_formula=8:e,h:1,2""",58370.0,6034.0,6034.0,USA:VA,environmental-water; creek sediment,creek sediment,environmental-water,2011.0,"[0.779, 0.112, 0.109]","[38, 52, 52, 52, 53, 54, 57, 58, 59, 59, 63]","[0, 0, 0, 1, 1, 0, 0, 2, 2, 2, 0]",generalist,env_water,USA:VA,water_appalachian
Water_Delmarva,8,8,10,387,0.69,1.0,SAMN03463815,"serotype=Newport,""antigen_formula=8:e,h:1,2""",122.0,122.0,122.0,USA:VA,environmental-water; creek sediment,creek sediment,environmental-water,2011.0,"[0.071, 0.915, 0.013]","[8, 10, 10, 10, 11, 11, 12, 12, 14, 14, 27]","[0, 1, 1, 1, 1, 1, 1, 1, 0, 1, 0]",poultry,env_water,USA:VA,water_appalachian
Water_Delmarva,6,12,6,386,0.82,1.0,SAMN03463905,"serotype=Newport,""antigen_formula=8:e,h:1,2""",122.0,122.0,122.0,USA:VA,environmental-water; creek sediment,creek sediment,environmental-water,2011.0,"[0.046, 0.942, 0.012]","[6, 8, 8, 9, 9, 10, 10, 12, 13, 14, 27]","[1, 1, 1, 1, 1, 1, 1, 0, 1, 0, 0]",poultry,env_water,USA:VA,water_appalachian
Water_Delmarva,11,26,11,30,0.88,1.0,SAMN03861611,"serotype=Newport,""antigen_formula=8:e,h:1,2""",8564.0,120.0,120.0,USA:VA,water,water,environmental-water,2014.0,"[0.438, 0.462, 0.101]","[11, 13, 19, 26, 26, 26, 27, 27, 27, 30, 32]","[1, 1, 1, 0, 0, 0, 0, 0, 0, 2, 0]",poultry,env_water,USA:VA,water_appalachian
Water_Delmarva,11,26,11,30,0.88,1.0,SAMN03861614,,8564.0,120.0,120.0,USA:VA,water,water,environmental-water,2014.0,"[0.438, 0.462, 0.101]","[11, 13, 19, 26, 26, 26, 27, 27, 27, 30, 32]","[1, 1, 1, 0, 0, 0, 0, 0, 0, 2, 0]",poultry,env_water,USA:VA,water_appalachian
Water_Delmarva,15,27,15,31,0.31,0.0,SAMN03861604,,55023.0,19185.0,120.0,USA:VA,sediment,sediment,environmental-water,2014.0,"[0.497, 0.413, 0.09]","[15, 16, 22, 27, 27, 27, 28, 28, 28, 31, 33]","[1, 1, 1, 0, 0, 0, 0, 0, 0, 2, 0]",generalist,env_water,USA:VA,water_appalachian
Water_Delmarva,15,27,15,31,0.31,0.0,SAMN03861609,"serotype=Newport,""antigen_formula=8:e,h:1,2""",632.0,632.0,120.0,USA:VA,water,water,environmental-water,2014.0,"[0.49, 0.422, 0.088]","[15, 16, 21, 27, 27, 27, 28, 28, 28, 31, 33]","[1, 1, 1, 0, 0, 0, 0, 0, 0, 2, 0]",generalist,env_water,USA:VA,water_appalachian
Water_Delmarva,11,11,13,390,0.65,1.0,SAMN03861594,"serotype=Newport,""antigen_formula=8:e,h:1,2""",122.0,122.0,122.0,USA:VA,water,water,environmental-water,2014.0,"[0.071, 0.915, 0.013]","[11, 13, 13, 13, 14, 14, 15, 15, 17, 17, 30]","[0, 1, 1, 1, 1, 1, 1, 1, 0, 1, 0]",poultry,env_water,USA:VA,water_appalachian
Water_Delmarva,12,12,14,391,0.64,1.0,SAMN03861595,,122.0,122.0,122.0,USA:VA,water,water,environmental-water,2014.0,"[0.071, 0.915, 0.013]","[12, 14, 14, 14, 15, 15, 16, 16, 18, 18, 31]","[0, 1, 1, 1, 1, 1, 1, 1, 0, 1, 0]",poultry,env_water,USA:VA,water_appalachian
Water_Delmarva,8,12,8,386,0.82,1.0,SAMN03861570,"serotype=Newport,""antigen_formula=8:e,h:1,2""",122.0,122.0,122.0,USA:VA,water,water,environmental-water,2014.0,"[0.036, 0.955, 0.008]","[8, 8, 8, 9, 9, 10, 10, 12, 13, 14, 27]","[1, 1, 1, 1, 1, 1, 1, 0, 1, 0, 0]",poultry,env_water,USA:VA,water_appalachian
Water_Delmarva,8,12,8,386,0.82,1.0,SAMN03861582,"serotype=Newport,""antigen_formula=8:e,h:1,2""",122.0,122.0,122.0,USA:VA,water,water,environmental-water,2014.0,"[0.036, 0.955, 0.008]","[8, 8, 8, 9, 9, 10, 10, 12, 13, 14, 27]","[1, 1, 1, 1, 1, 1, 1, 0, 1, 0, 0]",poultry,env_water,USA:VA,water_appalachian
Water_Delmarva,16,16,18,395,0.61,1.0,SAMN03861589,"serotype=Newport,""antigen_formula=8:e,h:1,2""",122.0,122.0,122.0,USA:VA,water,water,environmental-water,2014.0,"[0.071, 0.916, 0.013]","[16, 18, 18, 18, 19, 19, 20, 20, 22, 22, 35]","[0, 1, 1, 1, 1, 1, 1, 1, 0, 1, 0]",poultry,env_water,USA:VA,water_appalachian
Water_Delmarva,8,12,8,386,0.82,1.0,SAMN03861567,"serotype=Newport,""antigen_formula=8:e,h:1,2""",122.0,122.0,122.0,USA:VA,water,water,environmental-water,2014.0,"[0.036, 0.955, 0.008]","[8, 8, 8, 9, 9, 10, 10, 12, 13, 14, 27]","[1, 1, 1, 1, 1, 1, 1, 0, 1, 0, 0]",poultry,env_water,USA:VA,water_appalachian
Water_Delmarva,11,15,11,390,0.75,1.0,SAMN03107488,"serotype=Newport,""antigen_formula=8:e,h:1,2""",122705.0,122.0,122.0,USA:VA,environmental-water; water gallon,water gallon,environmental-water,2014.0,"[0.036, 0.955, 0.009]","[11, 11, 11, 12, 12, 13, 13, 15, 16, 17, 29]","[1, 1, 1, 1, 1, 1, 1, 0, 1, 0, 0]",poultry,env_water,USA:VA,water_appalachian
Water_Delmarva,11,15,11,390,0.75,1.0,SAMN03107490,"serotype=Newport,""antigen_formula=8:e,h:1,2""",122705.0,122.0,122.0,USA:VA,environmental-water; water gallon,water gallon,environmental-water,2014.0,"[0.036, 0.955, 0.009]","[11, 11, 11, 12, 12, 13, 13, 15, 16, 17, 29]","[1, 1, 1, 1, 1, 1, 1, 0, 1, 0, 0]",poultry,env_water,USA:VA,water_appalachian
Water_Delmarva,10,10,12,388,0.66,1.0,SAMN03861565,"serotype=Newport,""antigen_formula=8:e,h:1,2""",122.0,122.0,122.0,USA:VA,water,water,environmental-water,2014.0,"[0.071, 0.915, 0.013]","[10, 12, 12, 12, 13, 13, 14, 14, 16, 16, 29]","[0, 1, 1, 1, 1, 1, 1, 1, 0, 1, 0]",poultry,env_water,USA:VA,water_appalachian
Water_Delmarva,11,15,11,390,0.75,1.0,SAMN03107487,"serotype=Newport,""antigen_formula=8:e,h:1,2""",122705.0,122.0,122.0,USA:VA,environmental-water; water gallon,water gallon,environmental-water,2014.0,"[0.036, 0.955, 0.009]","[11, 11, 11, 12, 12, 13, 13, 15, 16, 17, 29]","[1, 1, 1, 1, 1, 1, 1, 0, 1, 0, 0]",poultry,env_water,USA:VA,water_appalachian
Water_Delmarva,14,28,14,32,0.85,1.0,SAMN03069700,"serotype=Newport,""antigen_formula=8:e,h:1,2""",19218.0,18726.0,120.0,USA:VA,water (10 gal),water gallon,environmental-water,2014.0,"[0.427, 0.482, 0.091]","[14, 15, 18, 28, 28, 28, 29, 29, 29, 32, 34]","[1, 1, 1, 0, 0, 0, 0, 0, 0, 2, 0]",poultry,env_water,USA:VA,water_appalachian
Water_Delmarva,8,8,10,387,0.69,1.0,SAMN03069711,"serotype=Newport,""antigen_formula=8:e,h:1,2""",122.0,122.0,122.0,USA:VA,sediment,sediment,environmental-water,2014.0,"[0.071, 0.915, 0.013]","[8, 10, 10, 10, 11, 11, 12, 12, 14, 14, 27]","[0, 1, 1, 1, 1, 1, 1, 1, 0, 1, 0]",poultry,env_water,USA:VA,water_appalachian
Water_Delmarva,12,12,14,391,0.64,1.0,SAMN03069699,"serotype=Newport,""antigen_formula=8:e,h:1,2""",122.0,122.0,122.0,USA:VA,water (10 gal),water gallon,environmental-water,2014.0,"[0.071, 0.915, 0.013]","[12, 14, 14, 14, 15, 15, 16, 16, 18, 18, 31]","[0, 1, 1, 1, 1, 1, 1, 1, 0, 1, 0]",poultry,env_water,USA:VA,water_appalachian
Water_Delmarva,12,12,14,390,0.64,1.0,SAMN03069698,"serotype=Newport,""antigen_formula=8:e,h:1,2""",122.0,122.0,122.0,USA:VA,water (10 gal),water gallon,environmental-water,2014.0,"[0.071, 0.915, 0.013]","[12, 14, 14, 14, 15, 15, 16, 16, 18, 18, 31]","[0, 1, 1, 1, 1, 1, 1, 1, 0, 1, 0]",poultry,env_water,USA:VA,water_appalachian
Water_Delmarva,6,10,6,386,0.88,1.0,SAMN03069689,"serotype=Newport,""antigen_formula=8:e,h:1,2""",122.0,122.0,122.0,USA:VA,water (10 gal),water gallon,environmental-water,2014.0,"[0.036, 0.955, 0.008]","[6, 6, 6, 7, 7, 8, 8, 10, 11, 12, 25]","[1, 1, 1, 1, 1, 1, 1, 0, 1, 0, 0]",poultry,env_water,USA:VA,water_appalachian
Water_Delmarva,12,26,12,30,0.88,1.0,SAMN03069692,"serotype=Newport,""antigen_formula=8:e,h:1,2""",19218.0,18726.0,120.0,USA:VA,water (10 gal),water gallon,environmental-water,2014.0,"[0.427, 0.482, 0.091]","[12, 13, 16, 26, 26, 26, 27, 27, 27, 30, 32]","[1, 1, 1, 0, 0, 0, 0, 0, 0, 2, 0]",poultry,env_water,USA:VA,water_appalachian
Water_Delmarva,15,27,15,31,0.31,0.0,SAMN03069684,"serotype=Newport,""antigen_formula=8:e,h:1,2""",19185.0,19185.0,120.0,USA:VA,water (10 gal),water gallon,environmental-water,2014.0,"[0.498, 0.413, 0.09]","[15, 16, 22, 27, 27, 27, 28, 28, 28, 31, 33]","[1, 1, 1, 0, 0, 0, 0, 0, 0, 2, 0]",generalist,env_water,USA:VA,water_appalachian
Water_Delmarva,38,38,38,47,0.57,0.0,SAMN03069653,"serotype=Newport,""antigen_formula=8:e,h:1,2""",19217.0,19217.0,19217.0,USA:VA,sediment,sediment,environmental-water,2014.0,"[0.824, 0.115, 0.061]","[38, 38, 41, 44, 45, 45, 46, 46, 47, 47, 47]","[1, 0, 0, 0, 0, 0, 0, 0, 0, 2, 1]",bovine,env_water,USA:VA,water_appalachian
Water_Delmarva,8,8,10,387,0.69,1.0,SAMN02900377,,122.0,122.0,122.0,USA:VA,sediment,sediment,environmental-water,2012.0,"[0.071, 0.915, 0.013]","[8, 10, 10, 10, 11, 11, 12, 12, 14, 14, 27]","[0, 1, 1, 1, 1, 1, 1, 1, 0, 1, 0]",poultry,env_water,USA:VA,water_appalachian
Water_Delmarva,8,8,10,387,0.69,1.0,SAMN02900379,"serotype=Newport,""antigen_formula=8:e,h:1,2""",122.0,122.0,122.0,USA:VA,sediment,sediment,environmental-water,2012.0,"[0.071, 0.915, 0.013]","[8, 10, 10, 10, 11, 11, 12, 12, 14, 14, 27]","[0, 1, 1, 1, 1, 1, 1, 1, 0, 1, 0]",poultry,env_water,USA:VA,water_appalachian
Water_Delmarva,9,9,11,387,0.67,1.0,SAMN02900375,,122.0,122.0,122.0,USA:VA,sediment,sediment,environmental-water,2012.0,"[0.071, 0.915, 0.013]","[9, 11, 11, 11, 12, 12, 13, 13, 15, 15, 28]","[0, 1, 1, 1, 1, 1, 1, 1, 0, 1, 0]",poultry,env_water,USA:VA,water_appalachian
Water_Delmarva,9,9,11,388,0.67,1.0,SAMN02900373,"serotype=Newport,""antigen_formula=8:e,h:1,2""",122.0,122.0,122.0,USA:VA,sediment,sediment,environmental-water,2012.0,"[0.071, 0.915, 0.013]","[9, 11, 11, 11, 12, 12, 13, 13, 15, 15, 28]","[0, 1, 1, 1, 1, 1, 1, 1, 0, 1, 0]",poultry,env_water,USA:VA,water_appalachian
Water_Delmarva,9,9,11,388,0.67,1.0,SAMN02900370,"serotype=Newport,""antigen_formula=8:e,h:1,2""",122.0,122.0,122.0,USA:VA,sediment,sediment,environmental-water,2012.0,"[0.071, 0.915, 0.013]","[9, 11, 11, 11, 12, 12, 13, 13, 15, 15, 28]","[0, 1, 1, 1, 1, 1, 1, 1, 0, 1, 0]",poultry,env_water,USA:VA,water_appalachian
Water_Delmarva,10,14,11,10,0.5,2.0,SAMN02900364,"serotype=Infantis,""antigen_formula=7:r:1,5""",638.0,638.0,638.0,USA:VA,sediment,sediment,environmental-water,2012.0,"[0.024, 0.061, 0.915]","[10, 11, 11, 11, 11, 12, 13, 13, 13, 14, 14]","[2, 1, 1, 2, 2, 2, 2, 2, 2, 0, 1]",generalist,env_water,USA:VA,water_appalachian
Water_Delmarva,16,30,16,34,0.82,1.0,SAMN02900363,"serotype=Newport,""antigen_formula=8:e,h:1,2""",18726.0,18726.0,120.0,USA:VA,water,water,environmental-water,2012.0,"[0.427, 0.482, 0.091]","[16, 17, 20, 30, 30, 30, 31, 31, 31, 34, 36]","[1, 1, 1, 0, 0, 0, 0, 0, 0, 2, 0]",poultry,env_water,USA:VA,water_appalachian
Water_Delmarva,16,30,16,34,0.82,1.0,SAMN02900357,"serotype=Newport,""antigen_formula=8:e,h:1,2""",18726.0,18726.0,120.0,USA:VA,water,water,environmental-water,2012.0,"[0.427, 0.482, 0.091]","[16, 17, 20, 30, 30, 30, 31, 31, 31, 34, 36]","[1, 1, 1, 0, 0, 0, 0, 0, 0, 2, 0]",poultry,env_water,USA:VA,water_appalachian
Water_Delmarva,16,30,16,34,0.82,1.0,SAMN02900356,"serotype=Newport,""antigen_formula=8:e,h:1,2""",18726.0,18726.0,120.0,USA:VA,water,water,environmental-water,2012.0,"[0.427, 0.482, 0.091]","[16, 17, 20, 30, 30, 30, 31, 31, 31, 34, 36]","[1, 1, 1, 0, 0, 0, 0, 0, 0, 2, 0]",poultry,env_water,USA:VA,water_appalachian
Water_Delmarva,14,14,16,393,0.62,1.0,SAMN02900277,"serotype=Newport,""antigen_formula=8:e,h:1,2""",122.0,122.0,122.0,USA:VA,water,water,environmental-water,2012.0,"[0.071, 0.916, 0.013]","[14, 16, 16, 16, 17, 17, 18, 18, 20, 20, 33]","[0, 1, 1, 1, 1, 1, 1, 1, 0, 1, 0]",poultry,env_water,USA:VA,water_appalachian
Water_Delmarva,16,30,16,34,0.82,1.0,SAMN02900352,"serotype=Newport,""antigen_formula=8:e,h:1,2""",18726.0,18726.0,120.0,USA:VA,water,water,environmental-water,2012.0,"[0.427, 0.482, 0.091]","[16, 17, 20, 30, 30, 30, 31, 31, 31, 34, 36]","[1, 1, 1, 0, 0, 0, 0, 0, 0, 2, 0]",poultry,env_water,USA:VA,water_appalachian
Water_Delmarva,14,14,16,393,0.62,1.0,SAMN02900274,"serotype=Newport,""antigen_formula=8:e,h:1,2""",122.0,122.0,122.0,USA:VA,water,water,environmental-water,2012.0,"[0.071, 0.916, 0.013]","[14, 16, 16, 16, 17, 17, 18, 18, 20, 20, 33]","[0, 1, 1, 1, 1, 1, 1, 1, 0, 1, 0]",poultry,env_water,USA:VA,water_appalachian
Water_Delmarva,14,14,16,393,0.62,1.0,SAMN02900275,"serotype=Newport,""antigen_formula=8:e,h:1,2""",122.0,122.0,122.0,USA:VA,water,water,environmental-water,2012.0,"[0.071, 0.916, 0.013]","[14, 16, 16, 16, 17, 17, 18, 18, 20, 20, 33]","[0, 1, 1, 1, 1, 1, 1, 1, 0, 1, 0]",poultry,env_water,USA:VA,water_appalachian
Water_Delmarva,11,26,11,30,0.88,1.0,SAMN03861612,"serotype=Newport,""antigen_formula=8:e,h:1,2""",8564.0,120.0,120.0,USA:VA,water,water,environmental-water,2014.0,"[0.438, 0.462, 0.101]","[11, 13, 19, 26, 26, 26, 27, 27, 27, 30, 32]","[1, 1, 1, 0, 0, 0, 0, 0, 0, 2, 0]",poultry,env_water,USA:VA,water_appalachian
Water_Delmarva,8,12,8,386,0.82,1.0,SAMN03861581,"serotype=Newport,""antigen_formula=8:e,h:1,2""",122.0,122.0,122.0,USA:VA,water,water,environmental-water,2014.0,"[0.036, 0.955, 0.008]","[8, 8, 8, 9, 9, 10, 10, 12, 13, 14, 27]","[1, 1, 1, 1, 1, 1, 1, 0, 1, 0, 0]",poultry,env_water,USA:VA,water_appalachian
Water_Delmarva,7,7,9,386,0.71,1.0,SAMN03861572,"serotype=Newport,""antigen_formula=8:e,h:1,2""",122.0,122.0,122.0,USA:VA,water,water,environmental-water,2014.0,"[0.071, 0.915, 0.013]","[7, 9, 9, 9, 10, 10, 11, 11, 13, 13, 26]","[0, 1, 1, 1, 1, 1, 1, 1, 0, 1, 0]",poultry,env_water,USA:VA,water_appalachian
Water_Delmarva,8,12,8,386,0.82,1.0,SAMN03861571,"serotype=Newport,""antigen_formula=8:e,h:1,2""",122.0,122.0,122.0,USA:VA,water,water,environmental-water,2014.0,"[0.036, 0.955, 0.008]","[8, 8, 8, 9, 9, 10, 10, 12, 13, 14, 27]","[1, 1, 1, 1, 1, 1, 1, 0, 1, 0, 0]",poultry,env_water,USA:VA,water_appalachian
Water_Delmarva,8,12,8,386,0.82,1.0,SAMN03861580,"serotype=Newport,""antigen_formula=8:e,h:1,2""",122.0,122.0,122.0,USA:VA,water,water,environmental-water,2014.0,"[0.036, 0.955, 0.008]","[8, 8, 8, 9, 9, 10, 10, 12, 13, 14, 27]","[1, 1, 1, 1, 1, 1, 1, 0, 1, 0, 0]",poultry,env_water,USA:VA,water_appalachian
Water_Delmarva,8,12,8,386,0.82,1.0,SAMN03861573,"serotype=Newport,""antigen_formula=8:e,h:1,2""",122.0,122.0,122.0,USA:VA,water,water,environmental-water,2014.0,"[0.036, 0.955, 0.008]","[8, 8, 8, 9, 9, 10, 10, 12, 13, 14, 27]","[1, 1, 1, 1, 1, 1, 1, 0, 1, 0, 0]",poultry,env_water,USA:VA,water_appalachian
Water_Delmarva,9,13,9,387,0.79,1.0,SAMN03107484,"serotype=Newport,""antigen_formula=8:e,h:1,2""",122.0,122.0,122.0,USA:VA,environmental-water; water gallon,water gallon,environmental-water,2014.0,"[0.036, 0.955, 0.008]","[9, 9, 9, 10, 10, 11, 11, 13, 14, 15, 28]","[1, 1, 1, 1, 1, 1, 1, 0, 1, 0, 0]",poultry,env_water,USA:VA,water_appalachian
Water_Delmarva,7,7,9,386,0.71,1.0,SAMN03069712,"serotype=Newport,""antigen_formula=8:e,h:1,2""",122.0,122.0,122.0,USA:VA,sediment,sediment,environmental-water,2014.0,"[0.071, 0.915, 0.013]","[7, 9, 9, 9, 10, 10, 11, 11, 13, 13, 26]","[0, 1, 1, 1, 1, 1, 1, 1, 0, 1, 0]",poultry,env_water,USA:VA,water_appalachian
Water_Delmarva,9,9,11,387,0.67,1.0,SAMN03069709,"serotype=Newport,""antigen_formula=8:e,h:1,2""",122.0,122.0,122.0,USA:VA,sediment,sediment,environmental-water,2014.0,"[0.071, 0.915, 0.013]","[9, 11, 11, 11, 12, 12, 13, 13, 15, 15, 28]","[0, 1, 1, 1, 1, 1, 1, 1, 0, 1, 0]",poultry,env_water,USA:VA,water_appalachian
Water_Delmarva,38,38,38,47,0.57,0.0,SAMN03069652,"serotype=Newport,""antigen_formula=8:e,h:1,2""",19217.0,19217.0,19217.0,USA:VA,sediment,sediment,environmental-water,2014.0,"[0.824, 0.115, 0.061]","[38, 38, 41, 44, 45, 45, 46, 46, 47, 47, 47]","[1, 0, 0, 0, 0, 0, 0, 0, 0, 2, 1]",bovine,env_water,USA:VA,water_appalachian
Water_Delmarva,8,8,10,387,0.69,1.0,SAMN02900376,"serotype=Newport,""antigen_formula=8:e,h:1,2""",122.0,122.0,122.0,USA:VA,sediment,sediment,environmental-water,2012.0,"[0.071, 0.915, 0.013]","[8, 10, 10, 10, 11, 11, 12, 12, 14, 14, 27]","[0, 1, 1, 1, 1, 1, 1, 1, 0, 1, 0]",poultry,env_water,USA:VA,water_appalachian
Water_Delmarva,38,38,38,47,0.57,0.0,SAMN03069651,"serotype=Newport,""antigen_formula=8:e,h:1,2""",19217.0,19217.0,19217.0,USA:VA,sediment,sediment,environmental-water,2014.0,"[0.824, 0.115, 0.061]","[38, 38, 41, 44, 45, 45, 46, 46, 47, 47, 47]","[1, 0, 0, 0, 0, 0, 0, 0, 0, 2, 1]",bovine,env_water,USA:VA,water_appalachian
Water_Delmarva,8,8,10,387,0.69,1.0,SAMN02900378,"serotype=Newport,""antigen_formula=8:e,h:1,2""",122.0,122.0,122.0,USA:VA,sediment,sediment,environmental-water,2012.0,"[0.071, 0.915, 0.013]","[8, 10, 10, 10, 11, 11, 12, 12, 14, 14, 27]","[0, 1, 1, 1, 1, 1, 1, 1, 0, 1, 0]",poultry,env_water,USA:VA,water_appalachian
Water_Delmarva,9,9,11,388,0.67,1.0,SAMN02900372,"serotype=Newport,""antigen_formula=8:e,h:1,2""",122.0,122.0,122.0,USA:VA,sediment,sediment,environmental-water,2012.0,"[0.071, 0.915, 0.013]","[9, 11, 11, 11, 12, 12, 13, 13, 15, 15, 28]","[0, 1, 1, 1, 1, 1, 1, 1, 0, 1, 0]",poultry,env_water,USA:VA,water_appalachian
Water_Delmarva,14,26,14,30,0.3,0.0,SAMN02900368,"serotype=Newport,""antigen_formula=8:e,h:1,2""",632.0,632.0,120.0,USA:VA,sediment,sediment,environmental-water,2012.0,"[0.49, 0.422, 0.088]","[14, 15, 20, 26, 26, 26, 27, 27, 27, 30, 32]","[1, 1, 1, 0, 0, 0, 0, 0, 0, 2, 0]",generalist,env_water,USA:VA,water_appalachian
Water_Delmarva,16,30,16,34,0.82,1.0,SAMN02900355,"serotype=Newport,""antigen_formula=8:e,h:1,2""",18726.0,18726.0,120.0,USA:VA,water,water,environmental-water,2012.0,"[0.427, 0.482, 0.091]","[16, 17, 20, 30, 30, 30, 31, 31, 31, 34, 36]","[1, 1, 1, 0, 0, 0, 0, 0, 0, 2, 0]",poultry,env_water,USA:VA,water_appalachian
Water_Delmarva,16,30,16,34,0.82,1.0,SAMN02900362,"serotype=Newport,""antigen_formula=8:e,h:1,2""",18726.0,18726.0,120.0,USA:VA,water,water,environmental-water,2012.0,"[0.427, 0.482, 0.091]","[16, 17, 20, 30, 30, 30, 31, 31, 31, 34, 36]","[1, 1, 1, 0, 0, 0, 0, 0, 0, 2, 0]",poultry,env_water,USA:VA,water_appalachian
Water_Delmarva,16,30,16,34,0.82,1.0,SAMN02900354,"serotype=Newport,""antigen_formula=8:e,h:1,2""",18726.0,18726.0,120.0,USA:VA,water,water,environmental-water,2012.0,"[0.421, 0.489, 0.09]","[16, 17, 19, 30, 30, 30, 31, 31, 31, 34, 36]","[1, 1, 1, 0, 0, 0, 0, 0, 0, 2, 0]",poultry,env_water,USA:VA,water_appalachian
Water_Delmarva,17,31,17,35,0.81,1.0,SAMN02900353,"serotype=Newport,""antigen_formula=8:e,h:1,2""",18726.0,18726.0,120.0,USA:VA,water,water,environmental-water,2012.0,"[0.427, 0.482, 0.091]","[17, 18, 21, 31, 31, 31, 32, 32, 32, 35, 37]","[1, 1, 1, 0, 0, 0, 0, 0, 0, 2, 0]",poultry,env_water,USA:VA,water_appalachian
Water_Delmarva,8,8,10,387,0.69,1.0,SAMN02900337,"serotype=Newport,""antigen_formula=8:e,h:1,2""",122.0,122.0,122.0,USA:VA,water,water,environmental-water,2012.0,"[0.071, 0.915, 0.013]","[8, 10, 10, 10, 11, 11, 12, 12, 14, 14, 27]","[0, 1, 1, 1, 1, 1, 1, 1, 0, 1, 0]",poultry,env_water,USA:VA,water_appalachian
Water_Delmarva,8,8,10,387,0.69,1.0,SAMN02900336,,122.0,122.0,122.0,USA:VA,water,water,environmental-water,2012.0,"[0.071, 0.915, 0.013]","[8, 10, 10, 10, 11, 11, 12, 12, 14, 14, 27]","[0, 1, 1, 1, 1, 1, 1, 1, 0, 1, 0]",poultry,env_water,USA:VA,water_appalachian
Water_Delmarva,14,14,16,393,0.62,1.0,SAMN02900278,"serotype=Newport,""antigen_formula=8:e,h:1,2""",122.0,122.0,122.0,USA:VA,water,water,environmental-water,2012.0,"[0.071, 0.916, 0.013]","[14, 16, 16, 16, 17, 17, 18, 18, 20, 20, 33]","[0, 1, 1, 1, 1, 1, 1, 1, 0, 1, 0]",poultry,env_water,USA:VA,water_appalachian
Water_Delmarva,31,35,31,42,0.54,0.0,SAMN02900273,"serotype=Newport,""antigen_formula=8:e,h:1,2""",9349.0,9349.0,9349.0,USA:VA,water,water,environmental-water,2012.0,"[0.687, 0.21, 0.103]","[31, 35, 38, 38, 39, 39, 41, 42, 42, 42, 42]","[1, 0, 0, 0, 0, 0, 1, 0, 1, 1, 2]",bovine,env_water,USA:VA,water_appalachian
Water_Delmarva,15,27,15,31,0.31,0.0,SAMN02900331,"serotype=Newport,""antigen_formula=8:e,h:1,2""",632.0,632.0,120.0,USA:VA,water,water,environmental-water,2012.0,"[0.49, 0.422, 0.088]","[15, 16, 21, 27, 27, 27, 28, 28, 28, 31, 33]","[1, 1, 1, 0, 0, 0, 0, 0, 0, 2, 0]",generalist,env_water,USA:VA,water_appalachian
Water_Delmarva,9,9,11,388,0.67,1.0,SAMN03463864,"serotype=Newport,""antigen_formula=8:e,h:1,2""",122.0,122.0,122.0,USA:VA,environmental-water; creek sediment,creek sediment,environmental-water,2011.0,"[0.071, 0.915, 0.013]","[9, 11, 11, 11, 12, 12, 13, 13, 15, 15, 28]","[0, 1, 1, 1, 1, 1, 1, 1, 0, 1, 0]",poultry,env_water,USA:VA,water_appalachian
Water_Delmarva,5,11,5,386,0.85,1.0,SAMN03463906,"serotype=Newport,""antigen_formula=8:e,h:1,2""",122.0,122.0,122.0,USA:VA,environmental-water; creek sediment,creek sediment,environmental-water,2011.0,"[0.046, 0.942, 0.012]","[5, 7, 7, 8, 8, 9, 9, 11, 12, 13, 26]","[1, 1, 1, 1, 1, 1, 1, 0, 1, 0, 0]",poultry,env_water,USA:VA,water_appalachian
Water_Delmarva,10,10,12,388,0.66,1.0,SAMN04563622,"serotype=Newport,""antigen_formula=8:e,h:1,2""",122.0,122.0,122.0,USA:VA,creek water,creek water,environmental-water,2015.0,"[0.071, 0.915, 0.013]","[10, 12, 12, 12, 13, 13, 14, 14, 16, 16, 29]","[0, 1, 1, 1, 1, 1, 1, 1, 0, 1, 0]",poultry,env_water,USA:VA,water_appalachian
Water_Delmarva,11,26,11,30,0.88,1.0,SAMN03861619,"serotype=Newport,""antigen_formula=8:e,h:1,2""",8564.0,120.0,120.0,USA:VA,water,water,environmental-water,2014.0,"[0.438, 0.462, 0.101]","[11, 13, 19, 26, 26, 26, 27, 27, 27, 30, 32]","[1, 1, 1, 0, 0, 0, 0, 0, 0, 2, 0]",poultry,env_water,USA:VA,water_appalachian
Water_Delmarva,11,26,11,30,0.88,1.0,SAMN03861618,"serotype=Newport,""antigen_formula=8:e,h:1,2""",8564.0,120.0,120.0,USA:VA,water,water,environmental-water,2014.0,"[0.438, 0.462, 0.101]","[11, 13, 19, 26, 26, 26, 27, 27, 27, 30, 32]","[1, 1, 1, 0, 0, 0, 0, 0, 0, 2, 0]",poultry,env_water,USA:VA,water_appalachian
Water_Delmarva,11,26,11,30,0.88,1.0,SAMN03861613,,8564.0,120.0,120.0,USA:VA,water,water,environmental-water,2014.0,"[0.438, 0.462, 0.101]","[11, 13, 19, 26, 26, 26, 27, 27, 27, 30, 32]","[1, 1, 1, 0, 0, 0, 0, 0, 0, 2, 0]",poultry,env_water,USA:VA,water_appalachian
Water_Delmarva,8,12,8,386,0.82,1.0,SAMN03861569,,122.0,122.0,122.0,USA:VA,water,water,environmental-water,2014.0,"[0.036, 0.955, 0.008]","[8, 8, 8, 9, 9, 10, 10, 12, 13, 14, 27]","[1, 1, 1, 1, 1, 1, 1, 0, 1, 0, 0]",poultry,env_water,USA:VA,water_appalachian
Water_Delmarva,8,12,8,386,0.82,1.0,SAMN03861560,"serotype=Newport,""antigen_formula=8:e,h:1,2""",122.0,122.0,122.0,USA:VA,water,water,environmental-water,2014.0,"[0.036, 0.955, 0.008]","[8, 8, 8, 9, 9, 10, 10, 12, 13, 14, 27]","[1, 1, 1, 1, 1, 1, 1, 0, 1, 0, 0]",poultry,env_water,USA:VA,water_appalachian
Water_Delmarva,15,27,15,31,0.31,0.0,SAMN03861563,"serotype=Newport,""antigen_formula=8:e,h:1,2""",632.0,632.0,120.0,USA:VA,water,water,environmental-water,2014.0,"[0.49, 0.422, 0.088]","[15, 16, 21, 27, 27, 27, 28, 28, 28, 31, 33]","[1, 1, 1, 0, 0, 0, 0, 0, 0, 2, 0]",generalist,env_water,USA:VA,water_appalachian
Water_Delmarva,9,12,9,387,0.79,1.0,SAMN03107485,"serotype=Newport,""antigen_formula=8:e,h:1,2""",122.0,122.0,122.0,USA:VA,environmental-water; water gallon,water gallon,environmental-water,2014.0,"[0.038, 0.954, 0.008]","[9, 9, 9, 10, 10, 11, 11, 12, 14, 15, 28]","[1, 1, 1, 1, 1, 1, 1, 0, 1, 0, 0]",poultry,env_water,USA:VA,water_appalachian
Water_Delmarva,3,26,3,52,1.0,1.0,SAMN09469528,"serotype=Typhimurium,""antigen_formula=4:i:1,2""",78612.0,78612.0,78612.0,USA:VA,sediment,sediment,environmental-water,2018.0,"[0.08, 0.84, 0.08]","[3, 7, 7, 7, 7, 8, 8, 9, 9, 9, 10]","[1, 1, 1, 1, 1, 1, 1, 1, 1, 1, 1]",poultry,env_water,USA:VA,water_appalachian
Water_Delmarva,11,11,70,44,0.99,0.0,SAMN09469596,"serotype=Meleagridis,""antigen_formula=3,10:e,h:l,w""",135813.0,31194.0,31194.0,USA:VA,sediment,sediment,environmental-water,2018.0,"[0.842, 0.079, 0.079]","[11, 13, 38, 41, 41, 42, 44, 44, 44, 44, 44]","[0, 0, 0, 0, 0, 0, 0, 0, 0, 0, 2]",bovine,env_water,USA:VA,water_appalachian
Water_Delmarva,12,12,71,45,0.99,0.0,SAMN09469590,"serotype=Meleagridis,""antigen_formula=3,10:e,h:l,w""",135813.0,31194.0,31194.0,USA:VA,sediment,sediment,environmental-water,2018.0,"[0.842, 0.079, 0.079]","[12, 14, 39, 42, 42, 43, 45, 45, 45, 45, 45]","[0, 0, 0, 0, 0, 0, 0, 0, 0, 0, 2]",bovine,env_water,USA:VA,water_appalachian
Water_Delmarva,15,15,94,87,0.5,0.0,SAMN09469691,"serotype=Meleagridis,""antigen_formula=3,10:e,h:l,w""",135804.0,135804.0,75849.0,USA:VA,sediment,sediment,environmental-water,2018.0,"[0.586, 0.191, 0.223]","[15, 87, 90, 91, 93, 93, 94, 94, 95, 96, 96]","[0, 2, 2, 0, 0, 0, 1, 1, 0, 0, 1]",generalist,env_water,USA:VA,water_appalachian
Water_Delmarva,15,15,94,87,0.5,0.0,SAMN09469625,"serotype=Meleagridis,""antigen_formula=3,10:e,h:l,w""",135804.0,135804.0,75849.0,USA:VA,sediment,sediment,environmental-water,2018.0,"[0.586, 0.191, 0.223]","[15, 87, 90, 91, 93, 93, 94, 94, 95, 96, 96]","[0, 2, 2, 0, 0, 0, 1, 1, 0, 0, 1]",generalist,env_water,USA:VA,water_appalachian
Water_Delmarva,163,163,790,516,1.0,0.0,SAMN08640069,"serotype=Bareilly,""antigen_formula=7:y:1,5""",69780.0,69780.0,69780.0,USA:MD,environmental-water; water pond,water pond,environmental-water,2017.0,"[0.913, 0.034, 0.053]","[163, 165, 179, 516, 615, 775, 785, 790, 791, 791, 791]","[0, 0, 0, 2, 0, 0, 0, 1, 1, 0, 2]",wild animal,env_water,USA:MD,water_northeast
Water_Delmarva,163,163,790,516,1.0,0.0,SAMN08640075,"serotype=Bareilly,""antigen_formula=7:y:1,5""",69780.0,69780.0,69780.0,USA:MD,environmental-water; water pond,water pond,environmental-water,2017.0,"[0.913, 0.034, 0.053]","[163, 165, 179, 516, 615, 775, 785, 790, 791, 791, 791]","[0, 0, 0, 2, 0, 0, 0, 1, 1, 0, 2]",wild animal,env_water,USA:MD,water_northeast
Water_Delmarva,2,25,2,52,1.0,1.0,SAMN09631595,"serotype=Typhimurium,""antigen_formula=4:i:1,2""",78612.0,78612.0,78612.0,USA:VA,sediment,sediment,environmental-water,2018.0,"[0.086, 0.827, 0.086]","[2, 6, 6, 6, 6, 7, 7, 8, 8, 9, 9]","[1, 1, 1, 1, 1, 1, 1, 1, 1, 1, 1]",poultry,env_water,USA:VA,water_appalachian
Water_Delmarva,2,11,2,9,1.0,1.0,SAMN09631594,"serotype=Hadar,""antigen_formula=8:z10:e,n,x""",25148.0,1088.0,159.0,USA:VA,sediment,sediment,environmental-water,2018.0,"[0.043, 0.913, 0.043]","[2, 2, 3, 5, 6, 6, 6, 7, 7, 7, 8]","[1, 1, 1, 1, 1, 1, 1, 1, 1, 1, 1]",poultry,env_water,USA:VA,water_appalachian
Water_Delmarva,2,25,2,52,1.0,1.0,SAMN09631593,"serotype=Typhimurium,""antigen_formula=4:i:1,2""",78612.0,78612.0,78612.0,USA:VA,sediment,sediment,environmental-water,2018.0,"[0.086, 0.827, 0.086]","[2, 6, 6, 6, 6, 7, 7, 8, 8, 9, 9]","[1, 1, 1, 1, 1, 1, 1, 1, 1, 1, 1]",poultry,env_water,USA:VA,water_appalachian
Water_Delmarva,2,25,2,52,1.0,1.0,SAMN09631591,"serotype=Typhimurium,""antigen_formula=4:i:1,2""",78612.0,78612.0,78612.0,USA:VA,sediment,sediment,environmental-water,2018.0,"[0.086, 0.827, 0.086]","[2, 6, 6, 6, 6, 7, 7, 8, 8, 9, 9]","[1, 1, 1, 1, 1, 1, 1, 1, 1, 1, 1]",poultry,env_water,USA:VA,water_appalachian
Water_Delmarva,4,27,4,54,1.0,1.0,SAMN09631592,"serotype=Typhimurium,""antigen_formula=4:i:1,2""",78612.0,78612.0,78612.0,USA:VA,sediment,sediment,environmental-water,2018.0,"[0.086, 0.827, 0.086]","[4, 8, 8, 8, 8, 9, 9, 10, 10, 11, 11]","[1, 1, 1, 1, 1, 1, 1, 1, 1, 1, 1]",poultry,env_water,USA:VA,water_appalachian
Water_Delmarva,4,13,4,11,1.0,1.0,SAMN09631599,"serotype=Hadar,""antigen_formula=8:z10:e,n,x""",25148.0,1088.0,159.0,USA:VA,sediment,sediment,environmental-water,2018.0,"[0.043, 0.913, 0.043]","[4, 4, 5, 7, 8, 8, 8, 9, 9, 9, 10]","[1, 1, 1, 1, 1, 1, 1, 1, 1, 1, 1]",poultry,env_water,USA:VA,water_appalachian
Water_Delmarva,2,25,2,52,1.0,1.0,SAMN09631586,"serotype=Typhimurium,""antigen_formula=4:i:1,2""",78612.0,78612.0,78612.0,USA:VA,sediment,sediment,environmental-water,2018.0,"[0.086, 0.827, 0.086]","[2, 6, 6, 6, 6, 7, 7, 8, 8, 9, 9]","[1, 1, 1, 1, 1, 1, 1, 1, 1, 1, 1]",poultry,env_water,USA:VA,water_appalachian
Water_Delmarva,0,50,0,44,0.8,1.0,SAMN08640182,"serotype=Typhimurium,""antigen_formula=4:i:1,2""",71316.0,71316.0,71316.0,USA:MD,environmental-factory/production facility| environmental-water; preprocessing plant water,preprocessing plant water,environmental-factory/production facility| environmental-water,2017.0,"[0.237, 0.525, 0.237]","[0, 28, 28, 29, 29, 29, 30, 30, 30, 30, 30]","[1, 1, 1, 1, 1, 1, 1, 1, 1, 1, 1]",poultry,env_water,USA:MD,water_northeast
Water_Delmarva,3,10,3,14,0.54,0.0,SAMN08640176,"serotype=Liverpool,""antigen_formula=1,3,19:d:e,n,z15""",138966.0,68.0,68.0,USA:MD,environmental-factory/production facility| environmental-water; preprocessing plant water,preprocessing plant water,environmental-factory/production facility| environmental-water,2017.0,"[0.449, 0.368, 0.183]","[3, 10, 12, 13, 13, 13, 13, 13, 14, 14, 14]","[1, 0, 0, 0, 0, 0, 1, 0, 1, 0, 0]",bovine,env_water,USA:MD,water_northeast
Water_Delmarva,1,2,1,3,1.0,1.0,SAMN08640087,"serotype=Infantis,""antigen_formula=7:r:1,5""",4584.0,343.0,343.0,USA:MD,environmental-factory/production facility| environmental-water; preprocessing plant water,preprocessing plant water,environmental-factory/production facility| environmental-water,2017.0,"[0.188, 0.624, 0.188]","[1, 1, 2, 2, 2, 2, 2, 2, 2, 2, 2]","[1, 1, 1, 1, 1, 1, 1, 0, 1, 1, 1]",poultry,env_water,USA:MD,water_northeast
Water_Delmarva,1,2,1,3,1.0,1.0,SAMN08640089,"serotype=Infantis,""antigen_formula=7:r:1,5""",4584.0,343.0,343.0,USA:MD,environmental-factory/production facility| environmental-water; preprocessing plant water,preprocessing plant water,environmental-factory/production facility| environmental-water,2017.0,"[0.188, 0.624, 0.188]","[1, 1, 2, 2, 2, 2, 2, 2, 2, 2, 2]","[1, 1, 1, 1, 1, 1, 1, 0, 1, 1, 1]",poultry,env_water,USA:MD,water_northeast
Water_Delmarva,0,50,0,44,0.8,1.0,SAMN08640084,"serotype=Typhimurium,""antigen_formula=4:i:1,2""",71316.0,71316.0,71316.0,USA:MD,environmental-factory/production facility| environmental-water; preprocessing plant water,preprocessing plant water,environmental-factory/production facility| environmental-water,2017.0,"[0.237, 0.525, 0.237]","[0, 28, 28, 29, 29, 29, 30, 30, 30, 30, 30]","[1, 1, 1, 1, 1, 1, 1, 1, 1, 1, 1]",poultry,env_water,USA:MD,water_northeast
Water_Delmarva,28,459,37,28,1.0,1.0,SAMN08640077,"serotype=Javiana,""antigen_formula=9:l,z28:1,5""",82461.0,19289.0,19289.0,USA:MD,environmental-factory/production facility| environmental-water; preprocessing plant water,preprocessing plant water,environmental-factory/production facility| environmental-water,2017.0,"[0.024, 0.911, 0.065]","[28, 37, 37, 37, 38, 55, 57, 300, 303, 304, 305]","[2, 1, 1, 1, 1, 1, 1, 1, 2, 2, 2]",poultry,env_water,USA:MD,water_northeast
Water_Delmarva,0,50,0,44,0.8,1.0,SAMN08640178,"serotype=Typhimurium,""antigen_formula=4:i:1,2""",71316.0,71316.0,71316.0,USA:MD,environmental-factory/production facility| environmental-water; preprocessing plant water,preprocessing plant water,environmental-factory/production facility| environmental-water,2017.0,"[0.237, 0.525, 0.237]","[0, 28, 28, 29, 29, 29, 30, 30, 30, 30, 30]","[1, 1, 1, 1, 1, 1, 1, 1, 1, 1, 1]",poultry,env_water,USA:MD,water_northeast
Water_Delmarva,1,2,1,3,1.0,1.0,SAMN08640079,"serotype=Infantis,""antigen_formula=7:r:1,5""",4584.0,343.0,343.0,USA:MD,environmental-factory/production facility| environmental-water; preprocessing plant water,preprocessing plant water,environmental-factory/production facility| environmental-water,2017.0,"[0.188, 0.624, 0.188]","[1, 1, 2, 2, 2, 2, 2, 2, 2, 2, 2]","[1, 1, 1, 1, 1, 1, 1, 0, 1, 1, 1]",poultry,env_water,USA:MD,water_northeast
Water_Delmarva,1,2,1,3,1.0,1.0,SAMN08640090,"serotype=Infantis,""antigen_formula=7:r:1,5""",4584.0,343.0,343.0,USA:MD,environmental-factory/production facility| environmental-water; preprocessing plant water,preprocessing plant water,environmental-factory/production facility| environmental-water,2017.0,"[0.188, 0.624, 0.188]","[1, 1, 2, 2, 2, 2, 2, 2, 2, 2, 2]","[1, 1, 1, 1, 1, 1, 1, 0, 1, 1, 1]",poultry,env_water,USA:MD,water_northeast
Water_Delmarva,28,458,36,28,1.0,1.0,SAMN08640177,"serotype=Javiana,""antigen_formula=9:l,z28:1,5""",82461.0,19289.0,19289.0,USA:MD,environmental-factory/production facility| environmental-water; preprocessing plant water,preprocessing plant water,environmental-factory/production facility| environmental-water,2017.0,"[0.023, 0.912, 0.064]","[28, 36, 36, 36, 37, 54, 56, 299, 302, 303, 304]","[2, 1, 1, 1, 1, 1, 1, 1, 2, 2, 2]",poultry,env_water,USA:MD,water_northeast
Water_Delmarva,28,458,36,28,1.0,1.0,SAMN08640057,"serotype=Javiana,""antigen_formula=9:l,z28:1,5""",82461.0,19289.0,19289.0,USA:MD,environmental-factory/production facility| environmental-water; preprocessing plant water,preprocessing plant water,environmental-factory/production facility| environmental-water,2017.0,"[0.023, 0.912, 0.064]","[28, 36, 36, 36, 37, 54, 56, 299, 302, 303, 304]","[2, 1, 1, 1, 1, 1, 1, 1, 2, 2, 2]",poultry,env_water,USA:MD,water_northeast
Water_Delmarva,3,10,3,14,0.54,0.0,SAMN08640091,"serotype=Liverpool,""antigen_formula=1,3,19:d:e,n,z15""",138966.0,68.0,68.0,USA:MD,environmental-factory/production facility| environmental-water; preprocessing plant water,preprocessing plant water,environmental-factory/production facility| environmental-water,2017.0,"[0.449, 0.368, 0.183]","[3, 10, 12, 13, 13, 13, 13, 13, 14, 14, 14]","[1, 0, 0, 0, 0, 0, 1, 0, 1, 0, 0]",bovine,env_water,USA:MD,water_northeast
Water_Delmarva,22,34,22,38,0.34,0.0,SAMN08640080,"serotype=Newport,""antigen_formula=8:e,h:1,2""",138958.0,8571.0,120.0,USA:MD,environmental-factory/production facility| environmental-water; preprocessing plant water,preprocessing plant water,environmental-factory/production facility| environmental-water,2017.0,"[0.498, 0.413, 0.089]","[22, 23, 29, 34, 34, 34, 35, 35, 35, 38, 40]","[1, 1, 1, 0, 0, 0, 0, 0, 0, 2, 0]",generalist,env_water,USA:MD,water_northeast
Water_Delmarva,22,34,22,38,0.34,0.0,SAMN08640180,"serotype=Newport,""antigen_formula=8:e,h:1,2""",138958.0,8571.0,120.0,USA:MD,environmental-factory/production facility| environmental-water; preprocessing plant water,preprocessing plant water,environmental-factory/production facility| environmental-water,2017.0,"[0.498, 0.413, 0.089]","[22, 23, 29, 34, 34, 34, 35, 35, 35, 38, 40]","[1, 1, 1, 0, 0, 0, 0, 0, 0, 2, 0]",generalist,env_water,USA:MD,water_northeast
Water_Delmarva,28,458,36,28,1.0,1.0,SAMN08640076,"serotype=Javiana,""antigen_formula=9:l,z28:1,5""",82461.0,19289.0,19289.0,USA:MD,environmental-factory/production facility| environmental-water; preprocessing plant water,preprocessing plant water,environmental-factory/production facility| environmental-water,2017.0,"[0.023, 0.912, 0.064]","[28, 36, 36, 36, 37, 54, 56, 299, 302, 303, 304]","[2, 1, 1, 1, 1, 1, 1, 1, 2, 2, 2]",poultry,env_water,USA:MD,water_northeast
Water_Delmarva,28,458,36,28,1.0,1.0,SAMN08640082,"serotype=Javiana,""antigen_formula=9:l,z28:1,5""",82461.0,19289.0,19289.0,USA:MD,environmental-factory/production facility| environmental-water; preprocessing plant water,preprocessing plant water,environmental-factory/production facility| environmental-water,2017.0,"[0.023, 0.912, 0.064]","[28, 36, 36, 36, 37, 54, 56, 299, 302, 303, 304]","[2, 1, 1, 1, 1, 1, 1, 1, 2, 2, 2]",poultry,env_water,USA:MD,water_northeast
Water_Delmarva,32,32,43,53,0.59,0.0,SAMN08639999,"serotype=Newport,""antigen_formula=8:e,h:1,2""",140199.0,140199.0,140199.0,USA:MD,environmental-water; environmental reclaimed water,environmental reclaimed water,environmental-water,2017.0,"[0.773, 0.131, 0.097]","[32, 43, 45, 49, 50, 50, 52, 53, 53, 53, 54]","[0, 1, 0, 0, 0, 0, 0, 0, 1, 2, 2]",bovine,env_water,USA:MD,water_northeast
Water_Delmarva,37,45,37,48,0.58,1.0,SAMN08639932,"serotype=Newport,""antigen_formula=8:e,h:1,2""",140198.0,89145.0,8544.0,USA:MD,environmental-water; non tidal fresh water creek,non tidal fresh water creek,environmental-water,2017.0,"[0.378, 0.524, 0.098]","[37, 39, 40, 45, 45, 45, 46, 46, 46, 47, 48]","[1, 1, 1, 0, 0, 0, 0, 0, 0, 1, 1]",poultry,env_water,USA:MD,water_northeast
Water_Delmarva,27,36,27,46,0.61,0.0,SAMN08639995,"serotype=Newport,""antigen_formula=8:e,h:1,2""",119036.0,119036.0,66210.0,USA:MD,environmental-water; non tidal fresh water creek,non tidal fresh water creek,environmental-water,2017.0,"[0.746, 0.152, 0.102]","[27, 36, 41, 41, 43, 44, 46, 47, 50, 51, 51]","[1, 0, 0, 0, 0, 0, 2, 0, 2, 2, 2]",bovine,env_water,USA:MD,water_northeast
Water_Delmarva,38,46,38,49,0.57,1.0,SAMN08639968,"serotype=Newport,""antigen_formula=8:e,h:1,2""",140198.0,89145.0,8544.0,USA:MD,environmental-water; non tidal fresh water creek,non tidal fresh water creek,environmental-water,2017.0,"[0.378, 0.524, 0.098]","[38, 40, 41, 46, 46, 46, 47, 47, 47, 48, 49]","[1, 1, 1, 0, 0, 0, 0, 0, 0, 1, 1]",poultry,env_water,USA:MD,water_northeast
Water_Delmarva,32,32,43,53,0.59,0.0,SAMN08640026,"serotype=Newport,""antigen_formula=8:e,h:1,2""",140199.0,140199.0,140199.0,USA:MD,environmental-water; environmental reclaimed water,environmental reclaimed water,environmental-water,2017.0,"[0.773, 0.131, 0.097]","[32, 43, 45, 49, 50, 50, 52, 53, 53, 53, 54]","[0, 1, 0, 0, 0, 0, 0, 0, 1, 2, 2]",bovine,env_water,USA:MD,water_northeast
Water_Delmarva,114,114,134,193,0.73,0.0,SAMN08640171,"serotype=Bareilly,""antigen_formula=7:y:1,5""",122025.0,122025.0,119007.0,USA:MD,environmental-water; non tidal fresh water creek,non tidal fresh water creek,environmental-water,2017.0,"[0.833, 0.103, 0.064]","[114, 129, 133, 134, 193, 193, 193, 193, 193, 193, 193]","[0, 0, 0, 1, 2, 0, 1, 1, 2, 0, 2]",wild animal,env_water,USA:MD,water_northeast
Water_Delmarva,32,32,43,53,0.59,0.0,SAMN08639969,"serotype=Newport,""antigen_formula=8:e,h:1,2""",140199.0,140199.0,140199.0,USA:MD,environmental-water; environmental reclaimed water,environmental reclaimed water,environmental-water,2017.0,"[0.773, 0.131, 0.097]","[32, 43, 45, 49, 50, 50, 52, 53, 53, 53, 54]","[0, 1, 0, 0, 0, 0, 0, 0, 1, 2, 2]",bovine,env_water,USA:MD,water_northeast
Water_Delmarva,32,32,43,53,0.59,0.0,SAMN08640197,"serotype=Newport,""antigen_formula=8:e,h:1,2""",140199.0,140199.0,140199.0,USA:MD,environmental-water; environmental reclaimed water,environmental reclaimed water,environmental-water,2017.0,"[0.773, 0.131, 0.097]","[32, 43, 45, 49, 50, 50, 52, 53, 53, 53, 54]","[0, 1, 0, 0, 0, 0, 0, 0, 1, 2, 2]",bovine,env_water,USA:MD,water_northeast
Water_Delmarva,32,32,43,53,0.59,0.0,SAMN08639998,"serotype=Newport,""antigen_formula=8:e,h:1,2""",140199.0,140199.0,140199.0,USA:MD,environmental-water; environmental reclaimed water,environmental reclaimed water,environmental-water,2017.0,"[0.773, 0.131, 0.097]","[32, 43, 45, 49, 50, 50, 52, 53, 53, 53, 54]","[0, 1, 0, 0, 0, 0, 0, 0, 1, 2, 2]",bovine,env_water,USA:MD,water_northeast
Water_Delmarva,32,32,43,53,0.59,0.0,SAMN08640191,"serotype=Newport,""antigen_formula=8:e,h:1,2""",140199.0,140199.0,140199.0,USA:MD,environmental-water; environmental reclaimed water,environmental reclaimed water,environmental-water,2017.0,"[0.773, 0.131, 0.097]","[32, 43, 45, 49, 50, 50, 52, 53, 53, 53, 54]","[0, 1, 0, 0, 0, 0, 0, 0, 1, 2, 2]",bovine,env_water,USA:MD,water_northeast
Water_Delmarva,27,36,27,46,0.61,0.0,SAMN08640002,"serotype=I -:-:-,""antigen_formula=-:-:-""",119036.0,119036.0,66210.0,USA:MD,environmental-water; non tidal fresh water creek,non tidal fresh water creek,environmental-water,2017.0,"[0.746, 0.152, 0.102]","[27, 36, 41, 41, 43, 44, 46, 47, 50, 51, 51]","[1, 0, 0, 0, 0, 0, 2, 0, 2, 2, 2]",bovine,env_water,USA:MD,water_northeast
Water_Delmarva,32,32,43,53,0.59,0.0,SAMN08639951,"serotype=Newport,""antigen_formula=8:e,h:1,2""",140199.0,140199.0,140199.0,USA:MD,environmental-water; environmental reclaimed water,environmental reclaimed water,environmental-water,2017.0,"[0.773, 0.131, 0.097]","[32, 43, 45, 49, 50, 50, 52, 53, 53, 53, 54]","[0, 1, 0, 0, 0, 0, 0, 0, 1, 2, 2]",bovine,env_water,USA:MD,water_northeast
Water_Delmarva,32,32,43,53,0.59,0.0,SAMN08639970,"serotype=Newport,""antigen_formula=8:e,h:1,2""",140199.0,140199.0,140199.0,USA:MD,environmental-water; environmental reclaimed water,environmental reclaimed water,environmental-water,2017.0,"[0.773, 0.131, 0.097]","[32, 43, 45, 49, 50, 50, 52, 53, 53, 53, 54]","[0, 1, 0, 0, 0, 0, 0, 0, 1, 2, 2]",bovine,env_water,USA:MD,water_northeast
Water_Delmarva,32,32,43,53,0.59,0.0,SAMN08639949,"serotype=Newport,""antigen_formula=8:e,h:1,2""",140199.0,140199.0,140199.0,USA:MD,environmental-water; environmental reclaimed water,environmental reclaimed water,environmental-water,2017.0,"[0.773, 0.131, 0.097]","[32, 43, 45, 49, 50, 50, 52, 53, 53, 53, 54]","[0, 1, 0, 0, 0, 0, 0, 0, 1, 2, 2]",bovine,env_water,USA:MD,water_northeast
Water_Delmarva,221,221,971,980,0.54,0.0,SAMN08639976,"serotype=Norwich,""antigen_formula=7:e,h:1,6""",69765.0,69765.0,69765.0,USA:MD,environmental-water; non tidal fresh water creek,non tidal fresh water creek,environmental-water,2017.0,"[0.615, 0.193, 0.192]","[221, 902, 969, 971, 971, 971, 971, 971, 979, 980, 980]","[0, 0, 0, 0, 0, 0, 0, 1, 0, 1, 2]",wild animal,env_water,USA:MD,water_northeast
Water_Delmarva,32,32,43,53,0.59,0.0,SAMN08640020,"serotype=Newport,""antigen_formula=8:e,h:1,2""",140199.0,140199.0,140199.0,USA:MD,environmental-water; environmental reclaimed water,environmental reclaimed water,environmental-water,2017.0,"[0.773, 0.131, 0.097]","[32, 43, 45, 49, 50, 50, 52, 53, 53, 53, 54]","[0, 1, 0, 0, 0, 0, 0, 0, 1, 2, 2]",bovine,env_water,USA:MD,water_northeast
Water_Delmarva,37,45,37,48,0.58,1.0,SAMN08640061,"serotype=Newport,""antigen_formula=8:e,h:1,2""",140198.0,89145.0,8544.0,USA:MD,environmental-water; non tidal fresh water creek,non tidal fresh water creek,environmental-water,2017.0,"[0.378, 0.524, 0.098]","[37, 39, 40, 45, 45, 45, 46, 46, 46, 47, 48]","[1, 1, 1, 0, 0, 0, 0, 0, 0, 1, 1]",poultry,env_water,USA:MD,water_northeast
Water_Delmarva,27,36,27,46,0.61,0.0,SAMN08639955,"serotype=Newport,""antigen_formula=8:e,h:1,2""",119036.0,119036.0,66210.0,USA:MD,environmental-water; non tidal fresh water creek,non tidal fresh water creek,environmental-water,2017.0,"[0.746, 0.152, 0.102]","[27, 36, 41, 41, 43, 44, 46, 47, 50, 51, 51]","[1, 0, 0, 0, 0, 0, 2, 0, 2, 2, 2]",bovine,env_water,USA:MD,water_northeast
Water_Delmarva,37,45,37,48,0.58,1.0,SAMN08639997,"serotype=Newport,""antigen_formula=8:e,h:1,2""",140198.0,89145.0,8544.0,USA:MD,environmental-water; non tidal fresh water creek,non tidal fresh water creek,environmental-water,2017.0,"[0.378, 0.524, 0.098]","[37, 39, 40, 45, 45, 45, 46, 46, 46, 47, 48]","[1, 1, 1, 0, 0, 0, 0, 0, 0, 1, 1]",poultry,env_water,USA:MD,water_northeast
Water_Delmarva,46,108,46,249,0.66,0.0,SAMN08640052,"serotype=Newport,""antigen_formula=8:e,h:1,2""",141574.0,83018.0,83018.0,USA:MD,environmental-water; non tidal fresh water creek,non tidal fresh water creek,environmental-water,2017.0,"[0.502, 0.33, 0.168]","[46, 108, 179, 239, 241, 244, 244, 245, 246, 247, 247]","[1, 0, 0, 1, 0, 0, 0, 1, 0, 0, 1]",wild animal,env_water,USA:MD,water_northeast
Water_Delmarva,32,32,43,53,0.59,0.0,SAMN08640022,"serotype=I -:-:-,""antigen_formula=-:-:-""",140199.0,140199.0,140199.0,USA:MD,environmental-water; environmental reclaimed water,environmental reclaimed water,environmental-water,2017.0,"[0.773, 0.131, 0.097]","[32, 43, 45, 49, 50, 50, 52, 53, 53, 53, 54]","[0, 1, 0, 0, 0, 0, 0, 0, 1, 2, 2]",bovine,env_water,USA:MD,water_northeast
Water_Delmarva,27,36,27,46,0.61,0.0,SAMN08639985,"serotype=Newport,""antigen_formula=8:e,h:1,2""",119036.0,119036.0,66210.0,USA:MD,environmental-water; non tidal fresh water creek,non tidal fresh water creek,environmental-water,2017.0,"[0.746, 0.152, 0.102]","[27, 36, 41, 41, 43, 44, 46, 47, 50, 51, 51]","[1, 0, 0, 0, 0, 0, 2, 0, 2, 2, 2]",bovine,env_water,USA:MD,water_northeast
Water_Delmarva,32,32,43,53,0.59,0.0,SAMN08640193,"serotype=Newport,""antigen_formula=8:e,h:1,2""",140199.0,140199.0,140199.0,USA:MD,environmental-water; environmental reclaimed water,environmental reclaimed water,environmental-water,2017.0,"[0.773, 0.131, 0.097]","[32, 43, 45, 49, 50, 50, 52, 53, 53, 53, 54]","[0, 1, 0, 0, 0, 0, 0, 0, 1, 2, 2]",bovine,env_water,USA:MD,water_northeast
Water_Delmarva,109,109,129,188,0.74,0.0,SAMN08640060,"serotype=I -:-:-,""antigen_formula=-:-:-""",141577.0,122025.0,119007.0,USA:MD,environmental-water; non tidal fresh water creek,non tidal fresh water creek,environmental-water,2017.0,"[0.833, 0.103, 0.064]","[109, 124, 128, 129, 188, 188, 188, 188, 188, 188, 188]","[0, 0, 0, 1, 1, 1, 2, 0, 2, 0, 2]",wild animal,env_water,USA:MD,water_northeast
Water_Delmarva,27,36,27,46,0.61,0.0,SAMN08639982,"serotype=Newport,""antigen_formula=8:e,h:1,2""",119036.0,119036.0,66210.0,USA:MD,environmental-water; non tidal fresh water creek,non tidal fresh water creek,environmental-water,2017.0,"[0.746, 0.152, 0.102]","[27, 36, 41, 41, 43, 44, 46, 47, 50, 51, 51]","[1, 0, 0, 0, 0, 0, 2, 0, 2, 2, 2]",bovine,env_water,USA:MD,water_northeast
Water_Delmarva,105,105,126,183,0.74,0.0,SAMN08639996,"serotype=Bareilly,""antigen_formula=7:y:1,5""",119007.0,119007.0,119007.0,USA:MD,environmental-water; non tidal fresh water creek,non tidal fresh water creek,environmental-water,2017.0,"[0.838, 0.099, 0.062]","[105, 120, 121, 126, 183, 183, 183, 183, 183, 183, 183]","[0, 0, 0, 1, 1, 2, 1, 2, 0, 0, 2]",wild animal,env_water,USA:MD,water_northeast
Water_Delmarva,47,109,47,250,0.66,0.0,SAMN08639943,"serotype=Newport,""antigen_formula=8:e,h:1,2""",141574.0,83018.0,83018.0,USA:MD,environmental-water; non tidal fresh water creek,non tidal fresh water creek,environmental-water,2017.0,"[0.503, 0.329, 0.168]","[47, 109, 180, 240, 242, 244, 245, 246, 247, 248, 248]","[1, 0, 0, 1, 0, 0, 0, 1, 0, 0, 1]",wild animal,env_water,USA:MD,water_northeast
Water_Delmarva,1,2,1,3,1.0,1.0,SAMN08640050,"serotype=I -:-:-,""antigen_formula=-:-:-""",4584.0,343.0,343.0,USA:MD,environmental-factory/production facility| environmental-water; preprocessing plant water,preprocessing plant water,environmental-factory/production facility| environmental-water,2017.0,"[0.188, 0.624, 0.188]","[1, 1, 2, 2, 2, 2, 2, 2, 2, 2, 2]","[1, 1, 1, 1, 1, 1, 1, 0, 1, 1, 1]",poultry,env_water,USA:MD,water_northeast
Water_Delmarva,18,18,26,22,0.59,0.0,SAMN08639993,"serotype=Bovismorbificans,""antigen_formula=8:r:1,5""",141601.0,141601.0,22278.0,USA:MD,environmental-water; non tidal fresh water creek,non tidal fresh water creek,environmental-water,2017.0,"[0.857, 0.05, 0.092]","[18, 21, 22, 22, 24, 24, 24, 25, 26, 26, 26]","[0, 0, 2, 0, 0, 0, 0, 2, 1, 1, 1]",bovine,env_water,USA:MD,water_northeast
Water_Delmarva,105,105,126,183,0.74,0.0,SAMN08639989,"serotype=Bareilly,""antigen_formula=7:y:1,5""",119007.0,119007.0,119007.0,USA:MD,environmental-water; non tidal fresh water creek,non tidal fresh water creek,environmental-water,2017.0,"[0.838, 0.099, 0.062]","[105, 120, 121, 126, 183, 183, 183, 183, 183, 183, 183]","[0, 0, 0, 1, 1, 2, 1, 2, 0, 0, 2]",wild animal,env_water,USA:MD,water_northeast
Water_Delmarva,221,221,971,980,0.54,0.0,SAMN08640034,"serotype=Norwich,""antigen_formula=7:e,h:1,6""",69765.0,69765.0,69765.0,USA:MD,environmental-water; non tidal fresh water creek,non tidal fresh water creek,environmental-water,2017.0,"[0.615, 0.193, 0.192]","[221, 902, 969, 971, 971, 971, 971, 971, 979, 980, 980]","[0, 0, 0, 0, 0, 0, 0, 1, 0, 1, 2]",wild animal,env_water,USA:MD,water_northeast
Water_Delmarva,5,61,5,59,1.0,1.0,SAMN10092820,"serotype=Alachua,""antigen_formula=35:z4,z23:-""",144057.0,144057.0,21514.0,USA:VA,environmental-water; sediment,sediment,environmental-water,2018.0,"[0.017, 0.966, 0.017]","[5, 5, 12, 12, 16, 16, 17, 17, 18, 32, 32]","[1, 1, 1, 1, 1, 1, 1, 1, 1, 1, 1]",poultry,env_water,USA:VA,water_appalachian
Water_Delmarva,5,10,5,9,0.84,1.0,SAMN10102726,"serotype=Schwarzengrund,""antigen_formula=4:d:1,7""",4377.0,54.0,54.0,USA:VA,environmental-water; sediment,sediment,environmental-water,2018.0,"[0.105, 0.79, 0.105]","[5, 6, 7, 7, 9, 9, 10, 11, 11, 12, 12]","[1, 1, 1, 1, 2, 1, 0, 1, 0, 1, 2]",poultry,env_water,USA:VA,water_appalachian
Water_Delmarva,35,37,35,40,0.56,1.0,SAMN10102666,"serotype=Mbandaka,""antigen_formula=7:z10:e,n,z15""",144638.0,144638.0,144638.0,USA:VA,environmental-water; sediment,sediment,environmental-water,2018.0,"[0.045, 0.909, 0.045]","[35, 35, 35, 35, 36, 36, 37, 37, 37, 37, 37]","[1, 1, 1, 1, 1, 1, 1, 1, 0, 1, 1]",poultry,env_water,USA:VA,water_appalachian
Water_Delmarva,16,28,16,32,0.31,0.0,SAMN04563709,"serotype=Newport,""antigen_formula=8:e,h:1,2""",632.0,632.0,120.0,USA:VA,creek water,creek water,environmental-water,2015.0,"[0.49, 0.421, 0.088]","[16, 17, 22, 28, 28, 28, 29, 29, 29, 32, 34]","[1, 1, 1, 0, 0, 0, 0, 0, 0, 2, 0]",generalist,env_water,USA:VA,water_appalachian
Water_Delmarva,14,14,16,393,0.62,1.0,SAMN02900282,"serotype=Newport,""antigen_formula=8:e,h:1,2""",122.0,122.0,122.0,USA:VA,water,water,environmental-water,2012.0,"[0.071, 0.916, 0.013]","[14, 16, 16, 16, 17, 17, 18, 18, 20, 20, 33]","[0, 1, 1, 1, 1, 1, 1, 1, 0, 1, 0]",poultry,env_water,USA:VA,water_appalachian
Water_Delmarva,14,14,16,393,0.62,1.0,SAMN02900279,"serotype=Newport,""antigen_formula=8:e,h:1,2""",122.0,122.0,122.0,USA:VA,water,water,environmental-water,2012.0,"[0.071, 0.916, 0.013]","[14, 16, 16, 16, 17, 17, 18, 18, 20, 20, 33]","[0, 1, 1, 1, 1, 1, 1, 1, 0, 1, 0]",poultry,env_water,USA:VA,water_appalachian
Water_Delmarva,20,32,20,34,0.74,1.0,SAMN04933547,"serotype=Newport,""antigen_formula=8:e,h:1,2""",64688.0,8571.0,120.0,USA:VA,environmental-water; sediment,sediment,environmental-water,2015.0,"[0.447, 0.448, 0.106]","[20, 21, 27, 32, 32, 32, 33, 33, 33, 34, 37]","[1, 1, 1, 0, 0, 0, 0, 0, 0, 2, 2]",poultry,env_water,USA:VA,water_appalachian
Water_Delmarva,16,28,16,32,0.31,0.0,SAMN03861841,"serotype=Newport,""antigen_formula=8:e,h:1,2""",11686.0,632.0,120.0,USA:VA,water,water,environmental-water,2015.0,"[0.497, 0.413, 0.09]","[16, 17, 23, 28, 28, 28, 29, 29, 29, 32, 34]","[1, 1, 1, 0, 0, 0, 0, 0, 0, 2, 0]",generalist,env_water,USA:VA,water_appalachian
Water_Delmarva,10,10,12,389,0.66,1.0,SAMN04563621,"serotype=Newport,""antigen_formula=8:e,h:1,2""",122.0,122.0,122.0,USA:VA,creek water,creek water,environmental-water,2015.0,"[0.071, 0.915, 0.013]","[10, 12, 12, 12, 13, 13, 14, 14, 16, 16, 29]","[0, 1, 1, 1, 1, 1, 1, 1, 0, 1, 0]",poultry,env_water,USA:VA,water_appalachian
Water_Delmarva,18,30,18,34,0.32,0.0,SAMN03861901,"serotype=Newport,""antigen_formula=8:e,h:1,2""",51600.0,632.0,120.0,USA:VA,sediment,sediment,environmental-water,2015.0,"[0.49, 0.422, 0.088]","[18, 19, 24, 30, 30, 30, 31, 31, 31, 34, 36]","[1, 1, 1, 0, 0, 0, 0, 0, 0, 2, 0]",generalist,env_water,USA:VA,water_appalachian
Water_Delmarva,10,10,12,389,0.66,1.0,SAMN03861761,"serotype=Newport,""antigen_formula=8:e,h:1,2""",122.0,122.0,122.0,USA:VA,water,water,environmental-water,2015.0,"[0.071, 0.915, 0.013]","[10, 12, 12, 12, 13, 13, 14, 14, 16, 16, 29]","[0, 1, 1, 1, 1, 1, 1, 1, 0, 1, 0]",poultry,env_water,USA:VA,water_appalachian
Water_Delmarva,3,12,3,10,1.0,1.0,SAMN09772647,"serotype=Hadar,""antigen_formula=8:z10:e,n,x""",25148.0,1088.0,159.0,USA:VA,sediment,sediment,environmental-water,2018.0,"[0.078, 0.845, 0.078]","[3, 3, 4, 6, 7, 7, 7, 8, 8, 8, 8]","[1, 1, 1, 1, 1, 1, 1, 1, 1, 1, 1]",poultry,env_water,USA:VA,water_appalachian
Water_Delmarva,30,30,115,58,0.83,0.0,SAMN09772646,"serotype=Montevideo,""antigen_formula=7:g,m,s:-""",131598.0,131598.0,111799.0,USA:VA,sediment,sediment,environmental-water,2018.0,"[0.991, 0.004, 0.004]","[30, 34, 35, 36, 38, 39, 43, 43, 51, 51, 52]","[0, 0, 0, 0, 0, 0, 0, 0, 0, 0, 0]",bovine,env_water,USA:VA,water_appalachian
Water_Delmarva,2,11,2,9,1.0,1.0,SAMN09772648,"serotype=Hadar,""antigen_formula=8:z10:e,n,x""",25148.0,1088.0,159.0,USA:VA,sediment,sediment,environmental-water,2018.0,"[0.043, 0.913, 0.043]","[2, 2, 3, 5, 6, 6, 6, 7, 7, 7, 8]","[1, 1, 1, 1, 1, 1, 1, 1, 1, 1, 1]",poultry,env_water,USA:VA,water_appalachian
Water_Delmarva,6,9,6,9,0.44,0.0,SAMN08639963,"serotype=I -:-:-,""antigen_formula=-:-:-""",8536.0,8536.0,8536.0,USA:MD,pond water,water pond,environmental-water,2017.0,"[0.739, 0.196, 0.065]","[6, 8, 8, 9, 9, 9, 11, 11, 13, 16, 19]","[1, 1, 1, 0, 0, 2, 0, 0, 0, 1, 1]",generalist,env_water,USA:MD,water_northeast
Water_Delmarva,2,12,2,20,0.57,1.0,SAMN10382576,"serotype=Braenderup,""antigen_formula=7:e,h:e,n,z15""",4601.0,4601.0,185.0,USA:VA,environmental-water; sediment,sediment,environmental-water,2018.0,"[0.317, 0.525, 0.158]","[2, 12, 14, 14, 16, 16, 17, 17, 19, 19, 19]","[1, 0, 1, 1, 1, 0, 1, 0, 0, 1, 1]",poultry,env_water,USA:VA,water_appalachian
Water_Delmarva,34,34,121,67,0.83,0.0,SAMN10382587,"serotype=Montevideo,""antigen_formula=7:g,m,s:-""",151670.0,151670.0,151670.0,USA:VA,environmental-water; sediment,sediment,environmental-water,2018.0,"[0.988, 0.006, 0.006]","[34, 38, 42, 43, 43, 47, 48, 52, 57, 58, 59]","[0, 0, 0, 0, 0, 0, 0, 0, 0, 0, 0]",bovine,env_water,USA:VA,water_appalachian
Water_Delmarva,1,2,1,2,0.98,1.0,SAMN10382303,"serotype=Reading,""antigen_formula=4:e,h:1,5""",60573.0,60573.0,593.0,USA:VA,environmental-water; sediment,sediment,environmental-water,2018.0,"[0.256, 0.487, 0.256]","[1, 1, 1, 1, 1, 1, 1, 1, 1, 1, 1]","[1, 1, 1, 1, 1, 1, 1, 1, 1, 1, 1]",poultry,env_water,USA:VA,water_appalachian
Water_Delmarva,7,25,7,2611,0.51,0.0,SAMN10382842,"serotype=Bareilly,""antigen_formula=7:y:1,5""",151674.0,151674.0,151674.0,USA:VA,environmental-water; sediment,sediment,environmental-water,2018.0,"[0.659, 0.237, 0.104]","[7, 25, 1102, 1112, 1118, 1129, 1557, 1560, 1560, 1560, 1560]","[1, 0, 0, 0, 1, 0, 1, 1, 1, 1, 1]",generalist,env_water,USA:VA,water_appalachian
Water_Delmarva,2,12,2,20,0.57,1.0,SAMN10382476,"serotype=Braenderup,""antigen_formula=7:e,h:e,n,z15""",4601.0,4601.0,185.0,USA:VA,environmental-water; sediment,sediment,environmental-water,2018.0,"[0.317, 0.525, 0.158]","[2, 12, 14, 14, 16, 16, 17, 17, 19, 19, 19]","[1, 0, 1, 1, 1, 0, 1, 0, 0, 1, 1]",poultry,env_water,USA:VA,water_appalachian
Water_Delmarva,10,10,26,17,0.78,0.0,SAMN10382482,"serotype=Mbandaka,""antigen_formula=7:z10:e,n,z15""",80794.0,53535.0,14739.0,USA:VA,environmental-water; sediment,sediment,environmental-water,2018.0,"[0.881, 0.045, 0.074]","[10, 11, 15, 17, 18, 18, 18, 19, 19, 20, 20]","[0, 0, 0, 2, 0, 0, 2, 0, 0, 0, 0]",bovine,env_water,USA:VA,water_appalachian
Water_Delmarva,7,25,7,2611,0.51,0.0,SAMN10382848,"serotype=Bareilly,""antigen_formula=7:y:1,5""",151674.0,151674.0,151674.0,USA:VA,environmental-water; sediment,sediment,environmental-water,2018.0,"[0.659, 0.237, 0.104]","[7, 25, 1102, 1112, 1118, 1129, 1557, 1560, 1560, 1560, 1560]","[1, 0, 0, 0, 1, 0, 1, 1, 1, 1, 1]",generalist,env_water,USA:VA,water_appalachian
Water_Delmarva,7,25,7,2611,0.51,0.0,SAMN10382850,"serotype=Bareilly,""antigen_formula=7:y:1,5""",151674.0,151674.0,151674.0,USA:VA,environmental-water; sediment,sediment,environmental-water,2018.0,"[0.659, 0.237, 0.104]","[7, 25, 1102, 1112, 1118, 1129, 1557, 1560, 1560, 1560, 1560]","[1, 0, 0, 0, 1, 0, 1, 1, 1, 1, 1]",generalist,env_water,USA:VA,water_appalachian
Water_Delmarva,10,10,25,17,0.83,0.0,SAMN10382444,"serotype=Mbandaka,""antigen_formula=7:z10:e,n,z15""",80794.0,53535.0,14739.0,USA:VA,environmental-water; sediment,sediment,environmental-water,2018.0,"[0.891, 0.041, 0.068]","[10, 10, 15, 17, 18, 18, 18, 19, 19, 20, 20]","[0, 0, 0, 2, 0, 0, 2, 0, 0, 0, 2]",bovine,env_water,USA:VA,water_appalachian
Water_Delmarva,7,25,7,2611,0.51,0.0,SAMN10382280,"serotype=Bareilly,""antigen_formula=7:y:1,5""",151674.0,151674.0,151674.0,USA:VA,environmental-water; sediment,sediment,environmental-water,2018.0,"[0.659, 0.237, 0.104]","[7, 25, 1102, 1112, 1118, 1129, 1557, 1560, 1560, 1560, 1560]","[1, 0, 0, 0, 1, 0, 1, 1, 1, 1, 1]",generalist,env_water,USA:VA,water_appalachian
Water_Delmarva,2,4,2,4,0.88,1.0,SAMN10382425,"serotype=Reading,""antigen_formula=4:e,h:1,5""",60573.0,60573.0,593.0,USA:VA,environmental-water; sediment,sediment,environmental-water,2018.0,"[0.128, 0.744, 0.128]","[2, 2, 2, 3, 3, 3, 3, 3, 3, 3, 3]","[1, 1, 1, 1, 1, 1, 1, 1, 1, 1, 1]",poultry,env_water,USA:VA,water_appalachian
Water_Delmarva,2,12,2,20,0.57,1.0,SAMN10382293,"serotype=Braenderup,""antigen_formula=7:e,h:e,n,z15""",4601.0,4601.0,185.0,USA:VA,environmental-water; sediment,sediment,environmental-water,2018.0,"[0.317, 0.525, 0.158]","[2, 12, 14, 14, 16, 16, 17, 17, 19, 19, 19]","[1, 0, 1, 1, 1, 0, 1, 0, 0, 1, 1]",poultry,env_water,USA:VA,water_appalachian
Water_Delmarva,49,51,49,62,0.49,0.0,SAMN10589422,"serotype=Cubana,""antigen_formula=13:z29:-""",159175.0,49734.0,49734.0,USA:MD,environmental-factory/production facility| environmental-water; irrigation water,irrigation water,environmental-factory/production facility| environmental-water,2018.0,"[0.484, 0.438, 0.078]","[49, 51, 51, 52, 52, 54, 54, 55, 55, 55, 56]","[1, 1, 0, 1, 0, 0, 0, 1, 1, 1, 1]",wild animal,env_water,USA:MD,water_northeast
Water_Delmarva,83,83,88,99,0.5,1.0,SAMN10287974,"serotype=Muenchen,""antigen_formula=8:d:1,2""",131452.0,80526.0,80526.0,USA:VA,environmental-water; sediment,sediment,environmental-water,2018.0,"[0.287, 0.376, 0.337]","[83, 88, 99, 99, 100, 101, 106, 111, 114, 114, 115]","[0, 1, 2, 2, 1, 1, 1, 2, 2, 2, 2]",wild animal,env_water,USA:VA,water_appalachian
Water_Delmarva,29,29,113,56,0.84,0.0,SAMN10287972,"serotype=Montevideo,""antigen_formula=7:g,m,s:-""",131598.0,131598.0,111799.0,USA:VA,environmental-water; sediment,sediment,environmental-water,2018.0,"[0.992, 0.004, 0.004]","[29, 32, 33, 34, 36, 37, 41, 41, 50, 50, 50]","[0, 0, 0, 0, 0, 0, 0, 0, 0, 0, 0]",bovine,env_water,USA:VA,water_appalachian
Water_Delmarva,2193,2193,2271,2229,0.51,0.0,SAMN06115714,"serotype=IIIb 60:i:[e,n,x,z15],""antigen_formula=60:i:e,n,x,z15""",65782.0,65782.0,65782.0,USA:MD,water,water,environmental-water,2016.0,"[0.708, 0.142, 0.149]","[2193, 2228, 2219, 2225, 2233, 2229, 2235, 2236, 2230, 2234, 2235]","[0, 0, 0, 0, 0, 2, 0, 0, 0, 0, 0]",wild animal,env_water,USA:MD,water_northeast
Water_Delmarva,411,411,2132,663,0.99,0.0,SAMN06115712,"serotype=IIIb 17:z10:e,n,x,z15,""antigen_formula=17:z10:e,n,x,z15""",63917.0,63917.0,63917.0,USA:MD,water,water,environmental-water,2016.0,"[0.997, 0.001, 0.002]","[411, 659, 660, 663, 663, 663, 664, 681, 690, 2062, 2079]","[0, 0, 0, 0, 2, 0, 0, 0, 0, 0, 0]",wild animal,env_water,USA:MD,water_northeast
Water_Delmarva,172,172,794,528,1.0,0.0,SAMN06115711,"serotype=Bareilly,""antigen_formula=7:y:1,5""",64722.0,64722.0,64722.0,USA:MD,water,water,environmental-water,2016.0,"[0.911, 0.035, 0.054]","[172, 179, 191, 528, 625, 781, 792, 794, 794, 794, 794]","[0, 0, 0, 2, 0, 0, 0, 0, 1, 2, 2]",wild animal,env_water,USA:MD,water_northeast
Water_Delmarva,2194,2194,2272,2230,0.51,0.0,SAMN06115713,"serotype=IIIb 60:i:[e,n,x,z15],""antigen_formula=60:i:e,n,x,z15""",65782.0,65782.0,65782.0,USA:MD,water,water,environmental-water,2016.0,"[0.708, 0.142, 0.149]","[2194, 2229, 2220, 2226, 2234, 2230, 2236, 2237, 2231, 2235, 2236]","[0, 0, 0, 0, 0, 2, 0, 0, 0, 0, 0]",wild animal,env_water,USA:MD,water_northeast
Water_Delmarva,13,13,15,391,0.63,1.0,SAMN03861621,"serotype=Newport,""antigen_formula=8:e,h:1,2""",122.0,122.0,122.0,USA:VA,water,water,environmental-water,2014.0,"[0.071, 0.915, 0.013]","[13, 15, 15, 15, 16, 16, 17, 17, 19, 19, 32]","[0, 1, 1, 1, 1, 1, 1, 1, 0, 1, 0]",poultry,env_water,USA:VA,water_appalachian
Water_Delmarva,2,2,43,9,0.92,0.0,SAMN10849466,"serotype=Muenster,""antigen_formula=3,10:e,h:1,5""",39526.0,183.0,183.0,USA:VA,Stream sediment,stream sediment,environmental-water,2018.0,"[0.94, 0.024, 0.036]","[2, 5, 6, 8, 8, 9, 9, 10, 11, 11, 12]","[0, 0, 0, 0, 0, 0, 2, 0, 0, 2, 0]",bovine,env_water,USA:VA,water_appalachian
Water_Delmarva,5,5,25,10,0.88,0.0,SAMN10849458,"serotype=Give,""antigen_formula=3,10:l,v:1,7""",164644.0,8139.0,4162.0,USA:VA,Stream sediment,stream sediment,environmental-water,2018.0,"[0.813, 0.093, 0.093]","[5, 8, 8, 9, 9, 10, 10, 10, 10, 10, 10]","[0, 0, 0, 0, 0, 0, 0, 0, 2, 0, 0]",bovine,env_water,USA:VA,water_appalachian
Water_Delmarva,4,4,24,9,0.91,0.0,SAMN10849464,"serotype=Give,""antigen_formula=3,10:l,v:1,7""",164644.0,8139.0,4162.0,USA:VA,Stream sediment,stream sediment,environmental-water,2018.0,"[0.813, 0.093, 0.093]","[4, 7, 7, 8, 8, 9, 9, 9, 9, 9, 9]","[0, 0, 0, 0, 0, 0, 0, 0, 2, 0, 0]",bovine,env_water,USA:VA,water_appalachian
Water_Delmarva,31,31,113,60,0.87,0.0,SAMN10849459,"serotype=Montevideo,""antigen_formula=7:g,m,s:-""",164640.0,164640.0,164636.0,USA:VA,Stream sediment,stream sediment,environmental-water,2018.0,"[0.984, 0.008, 0.008]","[31, 31, 37, 39, 40, 40, 45, 46, 49, 50, 50]","[0, 0, 0, 0, 0, 0, 0, 0, 0, 0, 0]",bovine,env_water,USA:VA,water_appalachian
Water_Delmarva,48,48,61,59,0.63,0.0,SAMN10849467,"serotype=Typhimurium,""antigen_formula=4:i:1,2""",164642.0,164642.0,113859.0,USA:VA,Stream sediment,stream sediment,environmental-water,2018.0,"[0.59, 0.308, 0.102]","[48, 55, 59, 61, 70, 70, 75, 86, 107, 110, 122]","[0, 0, 2, 1, 1, 1, 1, 0, 0, 1, 0]",wild animal,env_water,USA:VA,water_appalachian
Water_Delmarva,32,32,115,62,0.85,0.0,SAMN10848841,"serotype=Montevideo,""antigen_formula=7:g,m,s:-""",164636.0,164636.0,164636.0,USA:VA,Stream sediment,stream sediment,environmental-water,2018.0,"[0.987, 0.007, 0.007]","[32, 33, 39, 39, 42, 42, 45, 46, 50, 52, 52]","[0, 0, 0, 0, 0, 0, 0, 0, 0, 0, 0]",bovine,env_water,USA:VA,water_appalachian
Water_Delmarva,84,84,89,100,0.5,1.0,SAMN10849461,"serotype=Muenchen,""antigen_formula=8:d:1,2""",131452.0,80526.0,80526.0,USA:VA,Stream sediment,stream sediment,environmental-water,2018.0,"[0.286, 0.376, 0.338]","[84, 89, 100, 100, 101, 102, 107, 112, 115, 115, 116]","[0, 1, 2, 2, 1, 1, 1, 2, 2, 2, 2]",wild animal,env_water,USA:VA,water_appalachian
Water_Delmarva,31,31,114,61,0.86,0.0,SAMN10849463,"serotype=Montevideo,""antigen_formula=7:g,m,s:-""",164636.0,164636.0,164636.0,USA:VA,Stream sediment,stream sediment,environmental-water,2018.0,"[0.984, 0.008, 0.008]","[31, 32, 38, 38, 41, 41, 46, 46, 49, 51, 51]","[0, 0, 0, 0, 0, 0, 0, 0, 0, 0, 0]",bovine,env_water,USA:VA,water_appalachian
Water_Delmarva,51,51,63,59,0.6,0.0,SAMN10849444,"serotype=Cerro,""antigen_formula=18:z4,z23:-""",164645.0,164645.0,164645.0,USA:VA,Stream sediment,stream sediment,environmental-water,2018.0,"[0.987, 0.006, 0.006]","[51, 52, 52, 53, 53, 53, 53, 54, 54, 54, 55]","[0, 0, 0, 0, 0, 0, 0, 0, 0, 0, 0]",wild animal,env_water,USA:VA,water_appalachian
Water_Delmarva,37,37,118,66,0.83,0.0,SAMN10849465,"serotype=Montevideo,""antigen_formula=7:g,m,s:-""",164637.0,164637.0,164637.0,USA:VA,Stream sediment,stream sediment,environmental-water,2018.0,"[0.994, 0.003, 0.003]","[37, 37, 41, 43, 44, 45, 46, 49, 52, 56, 56]","[0, 0, 0, 0, 0, 0, 0, 0, 0, 0, 0]",bovine,env_water,USA:VA,water_appalachian
Water_Delmarva,37,37,119,66,0.83,0.0,SAMN10848825,"serotype=Montevideo,""antigen_formula=7:g,m,s:-""",164637.0,164637.0,164637.0,USA:VA,Stream sediment,stream sediment,environmental-water,2018.0,"[0.995, 0.003, 0.003]","[37, 37, 41, 43, 44, 45, 46, 49, 52, 56, 57]","[0, 0, 0, 0, 0, 0, 0, 0, 0, 0, 0]",bovine,env_water,USA:VA,water_appalachian
Water_Delmarva,1,3,1,3,1.0,1.0,SAMN11310052,"serotype=Reading,""antigen_formula=4:e,h:1,5""",60573.0,60573.0,593.0,USA:VA,Stream sediment,stream sediment,environmental-water,2019.0,"[0.082, 0.835, 0.082]","[1, 1, 1, 1, 2, 2, 2, 2, 2, 2, 2]","[1, 1, 1, 1, 1, 1, 1, 1, 1, 1, 1]",poultry,env_water,USA:VA,water_appalachian
Water_Delmarva,87,87,92,103,0.5,1.0,SAMN11310050,"serotype=Muenchen,""antigen_formula=8:d:1,2""",176890.0,80526.0,80526.0,USA:VA,Stream sediment,stream sediment,environmental-water,2019.0,"[0.308, 0.373, 0.319]","[87, 92, 103, 103, 104, 105, 110, 114, 117, 117, 117]","[0, 1, 2, 2, 1, 1, 1, 2, 2, 2, 2]",wild animal,env_water,USA:VA,water_appalachian
Water_Delmarva,1,3,1,3,1.0,1.0,SAMN11310047,"serotype=Reading,""antigen_formula=4:e,h:1,5""",60573.0,60573.0,593.0,USA:VA,Stream sediment,stream sediment,environmental-water,2019.0,"[0.082, 0.835, 0.082]","[1, 1, 1, 1, 2, 2, 2, 2, 2, 2, 2]","[1, 1, 1, 1, 1, 1, 1, 1, 1, 1, 1]",poultry,env_water,USA:VA,water_appalachian
Water_Delmarva,4,8,4,14,0.99,1.0,SAMN11939689,"serotype=Infantis,""antigen_formula=7:r:1,5""",5816.0,343.0,343.0,USA:VA,water,water,environmental-water,2017.0,"[0.018, 0.964, 0.018]","[4, 4, 4, 4, 4, 4, 4, 5, 5, 5, 5]","[1, 1, 1, 1, 1, 1, 1, 1, 1, 1, 1]",poultry,env_water,USA:VA,water_appalachian
Water_Delmarva,9,9,11,387,0.67,1.0,SAMN04933255,"serotype=Newport,""antigen_formula=8:e,h:1,2""",122.0,122.0,122.0,USA:VA,environmental-water; creek water,creek water,environmental-water,2015.0,"[0.071, 0.915, 0.013]","[9, 11, 11, 11, 12, 12, 13, 13, 15, 15, 28]","[0, 1, 1, 1, 1, 1, 1, 1, 0, 1, 0]",poultry,env_water,USA:VA,water_appalachian
Water_Delmarva,31,35,31,42,0.54,0.0,SAMN14008496,"serotype=Newport,""antigen_formula=8:e,h:1,2""",9349.0,9349.0,9349.0,USA:MD,environmental-water; non tidal fresh water river,non tidal fresh water river,environmental-water,2018.0,"[0.688, 0.209, 0.103]","[31, 35, 38, 38, 39, 39, 41, 42, 42, 42, 42]","[1, 0, 0, 0, 0, 0, 1, 1, 0, 2, 1]",bovine,env_water,USA:MD,water_northeast
Water_Delmarva,3,11,3,10,1.0,1.0,SAMN14008498,"serotype=Infantis,""antigen_formula=7:r:1,5""",4584.0,343.0,343.0,USA:MD,environmental-water; non tidal fresh water river,non tidal fresh water river,environmental-water,2018.0,"[0.063, 0.875, 0.063]","[3, 3, 5, 5, 5, 6, 8, 8, 8, 8, 8]","[1, 1, 1, 1, 1, 1, 1, 1, 1, 1, 1]",poultry,env_water,USA:MD,water_northeast
Water_Delmarva,18,38,18,42,0.81,1.0,SAMN14008499,"serotype=Thompson,""antigen_formula=7:k:1,5""",224515.0,43798.0,17532.0,USA:MD,environmental-water; water pond,pond,environmental-water,2018.0,"[0.062, 0.876, 0.062]","[18, 22, 22, 22, 23, 38, 38, 38, 38, 38, 38]","[1, 1, 1, 1, 1, 1, 1, 1, 0, 1, 0]",poultry,env_water,USA:MD,water_northeast
Water_Delmarva,207,347,207,2584,0.98,0.0,SAMN14008497,"serotype=Bareilly,""antigen_formula=7:y:1,5""",224513.0,224513.0,143159.0,USA:MD,environmental-water; environmental reclaimed water,environmental reclaimed water,environmental-water,2018.0,"[0.814, 0.125, 0.061]","[207, 347, 361, 458, 1102, 1107, 1230, 1232, 1233, 1233, 1233]","[1, 0, 0, 0, 0, 1, 1, 1, 1, 1, 1]",wild animal,env_water,USA:MD,water_northeast
Water_Delmarva,212,212,969,977,0.54,0.0,SAMN14008502,"serotype=Norwich,""antigen_formula=7:e,h:1,6""",119902.0,104005.0,69765.0,USA:MD,environmental-water; non tidal fresh water creek,non tidal fresh water river,environmental-water,2018.0,"[0.615, 0.193, 0.192]","[212, 896, 966, 968, 968, 968, 969, 969, 976, 977, 977]","[0, 0, 0, 0, 0, 0, 0, 1, 0, 2, 0]",wild animal,env_water,USA:MD,water_northeast
Water_Delmarva,19,39,19,44,0.8,1.0,SAMN14008730,"serotype=Thompson,""antigen_formula=7:k:1,5""",224515.0,43798.0,17532.0,USA:MD,environmental-water; water pond,pond,environmental-water,2018.0,"[0.063, 0.88, 0.057]","[19, 23, 23, 24, 24, 39, 39, 39, 39, 39, 40]","[1, 1, 1, 1, 1, 1, 0, 1, 1, 0, 1]",poultry,env_water,USA:MD,water_northeast
Water_Delmarva,207,347,207,2584,0.98,0.0,SAMN14008729,"serotype=Bareilly,""antigen_formula=7:y:1,5""",224513.0,224513.0,143159.0,USA:MD,environmental-water; environmental reclaimed water,environmental reclaimed water,environmental-water,2018.0,"[0.814, 0.125, 0.061]","[207, 347, 361, 458, 1102, 1107, 1230, 1232, 1233, 1233, 1233]","[1, 0, 0, 0, 0, 1, 1, 1, 1, 1, 1]",wild animal,env_water,USA:MD,water_northeast
Water_Delmarva,208,348,208,2584,0.98,0.0,SAMN14008728,"serotype=Bareilly,""antigen_formula=7:y:1,5""",224513.0,224513.0,143159.0,USA:MD,environmental-water; environmental reclaimed water,environmental reclaimed water,environmental-water,2018.0,"[0.814, 0.125, 0.061]","[208, 348, 361, 459, 1103, 1108, 1231, 1233, 1234, 1234, 1234]","[1, 0, 0, 0, 0, 1, 1, 1, 1, 1, 1]",wild animal,env_water,USA:MD,water_northeast
Water_Delmarva,106,106,127,184,0.74,0.0,SAMN14008813,"serotype=Bareilly,""antigen_formula=7:y:1,5""",119007.0,119007.0,119007.0,USA:MD,environmental-water; non tidal fresh water creek,non tidal fresh water river,environmental-water,2018.0,"[0.838, 0.099, 0.062]","[106, 121, 122, 127, 184, 184, 184, 184, 184, 184, 184]","[0, 0, 0, 1, 1, 2, 1, 2, 0, 0, 2]",wild animal,env_water,USA:MD,water_northeast
Water_Delmarva,41,44,41,51,0.53,0.0,SAMN14008838,"serotype=Newport,""antigen_formula=8:e,h:1,2""",224757.0,224757.0,224757.0,USA:MD,environmental-water; water pond,pond,environmental-water,2018.0,"[0.717, 0.193, 0.089]","[41, 44, 47, 47, 48, 48, 50, 50, 51, 51, 51]","[1, 0, 0, 0, 0, 0, 1, 1, 0, 2, 1]",wild animal,env_water,USA:MD,water_northeast
Water_Delmarva,207,347,207,2584,0.98,0.0,SAMN14008853,"serotype=Bareilly,""antigen_formula=7:y:1,5""",224513.0,224513.0,143159.0,USA:MD,environmental-water; environmental reclaimed water,environmental reclaimed water,environmental-water,2018.0,"[0.814, 0.125, 0.061]","[207, 347, 361, 458, 1102, 1107, 1230, 1232, 1233, 1233, 1233]","[1, 0, 0, 0, 0, 1, 1, 1, 1, 1, 1]",wild animal,env_water,USA:MD,water_northeast
Water_Delmarva,167,167,314,324,0.85,0.0,SAMN14008854,"serotype=Typhimurium,""antigen_formula=4:i:1,2""",224754.0,224754.0,105449.0,USA:MD,environmental-water; non tidal fresh water river,non tidal fresh water river,environmental-water,2018.0,"[0.779, 0.115, 0.106]","[167, 169, 314, 315, 316, 316, 317, 318, 318, 318, 319]","[0, 0, 1, 1, 1, 1, 1, 1, 0, 1, 1]",wild animal,env_water,USA:MD,water_northeast
Water_Delmarva,163,163,791,517,1.0,0.0,SAMN14008861,"serotype=Bareilly,""antigen_formula=7:y:1,5""",69780.0,69780.0,69780.0,USA:MD,environmental-water; water pond,pond,environmental-water,2018.0,"[0.913, 0.034, 0.053]","[163, 165, 179, 517, 616, 776, 786, 791, 792, 792, 792]","[0, 0, 0, 2, 0, 0, 0, 1, 1, 0, 2]",wild animal,env_water,USA:MD,water_northeast
Water_Delmarva,106,106,127,184,0.74,0.0,SAMN14010000,"serotype=Bareilly,""antigen_formula=7:y:1,5""",119007.0,119007.0,119007.0,USA:MD,environmental-water; non tidal fresh water creek,non tidal fresh water river,environmental-water,2018.0,"[0.838, 0.099, 0.062]","[106, 121, 122, 127, 184, 184, 184, 184, 184, 184, 184]","[0, 0, 0, 1, 1, 2, 1, 2, 0, 0, 2]",wild animal,env_water,USA:MD,water_northeast
Water_Delmarva,163,163,791,517,1.0,0.0,SAMN14010003,"serotype=Bareilly,""antigen_formula=7:y:1,5""",69780.0,69780.0,69780.0,USA:MD,environmental-water; water pond,pond,environmental-water,2018.0,"[0.913, 0.034, 0.053]","[163, 165, 179, 517, 616, 776, 786, 791, 792, 792, 792]","[0, 0, 0, 2, 0, 0, 0, 1, 1, 0, 2]",wild animal,env_water,USA:MD,water_northeast
Water_Delmarva,17,37,17,42,0.82,1.0,SAMN14009999,"serotype=Thompson,""antigen_formula=7:k:1,5""",224515.0,43798.0,17532.0,USA:MD,environmental-water; water pond,pond,environmental-water,2018.0,"[0.063, 0.88, 0.057]","[17, 21, 21, 22, 22, 37, 37, 37, 37, 37, 38]","[1, 1, 1, 1, 1, 1, 0, 1, 1, 0, 0]",poultry,env_water,USA:MD,water_northeast
Water_Delmarva,107,107,128,185,0.74,0.0,SAMN14207027,"serotype=Bareilly,""antigen_formula=7:y:1,5""",226067.0,226067.0,119007.0,USA:MD,environmental-water; non tidal fresh water creek,non tidal fresh water river,environmental-water,2018.0,"[0.833, 0.103, 0.064]","[107, 122, 126, 128, 185, 185, 185, 185, 185, 185, 185]","[0, 0, 0, 1, 1, 0, 2, 1, 2, 0, 2]",wild animal,env_water,USA:MD,water_northeast
Water_Delmarva,46,108,46,249,0.66,0.0,SAMN14207030,"serotype=Newport,""antigen_formula=8:e,h:1,2""",141574.0,83018.0,83018.0,USA:MD,environmental-water; non tidal fresh water creek,non tidal fresh water river,environmental-water,2018.0,"[0.502, 0.33, 0.168]","[46, 108, 179, 239, 241, 244, 244, 245, 246, 247, 247]","[1, 0, 0, 1, 0, 0, 0, 1, 0, 0, 1]",wild animal,env_water,USA:MD,water_northeast
Water_Delmarva,107,107,128,185,0.74,0.0,SAMN14207022,"serotype=Bareilly,""antigen_formula=7:y:1,5""",226067.0,226067.0,119007.0,USA:MD,environmental-water; non tidal fresh water creek,non tidal fresh water river,environmental-water,2018.0,"[0.833, 0.103, 0.064]","[107, 122, 126, 128, 185, 185, 185, 185, 185, 185, 185]","[0, 0, 0, 1, 1, 0, 2, 1, 2, 0, 2]",wild animal,env_water,USA:MD,water_northeast
Water_Delmarva,46,108,46,249,0.66,0.0,SAMN14207026,"serotype=Newport,""antigen_formula=8:e,h:1,2""",141574.0,83018.0,83018.0,USA:MD,environmental-water; non tidal fresh water creek,non tidal fresh water river,environmental-water,2018.0,"[0.502, 0.33, 0.168]","[46, 108, 179, 239, 241, 244, 244, 245, 246, 247, 247]","[1, 0, 0, 1, 0, 0, 0, 1, 0, 0, 1]",wild animal,env_water,USA:MD,water_northeast
Water_Delmarva,0,2,12,0,1.0,2.0,SAMN14207024,"serotype=Berta,""antigen_formula=9:f,g,t:-""",125.0,125.0,125.0,USA:MD,environmental-water; environmental reclaimed water,environmental reclaimed water,environmental-water,2018.0,"[0.017, 0.007, 0.976]","[0, 1, 2, 2, 2, 4, 6, 8, 9, 9, 10]","[2, 2, 2, 2, 0, 2, 2, 2, 2, 2, 2]",swine,env_water,USA:MD,water_northeast
Water_Delmarva,0,2,12,0,1.0,2.0,SAMN14207025,"serotype=Berta,""antigen_formula=9:f,g,t:-""",125.0,125.0,125.0,USA:MD,environmental-water; environmental reclaimed water,environmental reclaimed water,environmental-water,2018.0,"[0.017, 0.007, 0.976]","[0, 1, 2, 2, 2, 4, 6, 8, 9, 9, 10]","[2, 2, 2, 2, 0, 2, 2, 2, 2, 2, 2]",swine,env_water,USA:MD,water_northeast
Water_Delmarva,4,9,4,8,0.92,1.0,SAMN14207130,"serotype=Infantis,""antigen_formula=7:r:1,5""",4584.0,343.0,343.0,USA:MD,environmental-factory/production facility| environmental-water; preprocessing plant water,preprocessing plant water,environmental-factory/production facility| environmental-water,2018.0,"[0.033, 0.933, 0.033]","[4, 4, 5, 5, 5, 5, 5, 5, 5, 6, 6]","[1, 1, 1, 1, 1, 1, 1, 1, 1, 1, 1]",poultry,env_water,USA:MD,water_northeast
Water_Delmarva,4,10,4,11,0.81,1.0,SAMN14207127,"serotype=Infantis,""antigen_formula=7:r:1,5""",109934.0,343.0,343.0,USA:MD,environmental-water; environmental reclaimed water,environmental reclaimed water,environmental-water,2018.0,"[0.116, 0.768, 0.116]","[4, 7, 7, 7, 8, 8, 8, 8, 9, 9, 9]","[1, 1, 1, 1, 1, 1, 1, 1, 1, 1, 1]",poultry,env_water,USA:MD,water_northeast
Water_Delmarva,4,10,4,11,0.81,1.0,SAMN14207128,"serotype=Infantis,""antigen_formula=7:r:1,5""",109934.0,343.0,343.0,USA:MD,environmental-water; environmental reclaimed water,environmental reclaimed water,environmental-water,2018.0,"[0.116, 0.768, 0.116]","[4, 7, 7, 7, 8, 8, 8, 8, 9, 9, 9]","[1, 1, 1, 1, 1, 1, 1, 1, 1, 1, 1]",poultry,env_water,USA:MD,water_northeast
Water_Delmarva,2070,2463,2070,2464,0.5,0.0,SAMN14207145,"serotype=IV 43:z4,z23:-,""antigen_formula=43:z4,z23:-""",226080.0,226080.0,226080.0,USA:MD,environmental-water; non tidal fresh water river,non tidal fresh water river,environmental-water,2018.0,"[0.473, 0.364, 0.163]","[2070, 2464, 2463, 2463, 2465, 2490, 2490, 2956, 2959, 2961, 2963]","[1, 2, 0, 1, 1, 0, 0, 0, 1, 0, 1]",wild animal,env_water,USA:MD,water_northeast
Water_Delmarva,121,121,142,200,0.72,0.0,SAMN14207125,"serotype=Bareilly,""antigen_formula=7:y:1,5""",226077.0,226077.0,226077.0,USA:MD,environmental-water; non tidal fresh water creek,non tidal fresh water river,environmental-water,2018.0,"[0.837, 0.1, 0.063]","[121, 136, 138, 142, 200, 200, 200, 200, 200, 200, 200]","[0, 0, 0, 1, 1, 2, 1, 2, 0, 0, 2]",wild animal,env_water,USA:MD,water_northeast
Water_Delmarva,1,3,13,1,1.0,2.0,SAMN14207141,"serotype=Berta,""antigen_formula=9:f,g,t:-""",125.0,125.0,125.0,USA:MD,environmental-water; environmental reclaimed water,environmental reclaimed water,environmental-water,2018.0,"[0.017, 0.008, 0.975]","[1, 2, 3, 3, 3, 5, 7, 9, 10, 10, 11]","[2, 2, 0, 2, 2, 2, 2, 2, 2, 2, 2]",swine,env_water,USA:MD,water_northeast
Water_Delmarva,2070,2463,2070,2464,0.5,0.0,SAMN14207143,"serotype=IV 43:z4,z23:-,""antigen_formula=43:z4,z23:-""",226080.0,226080.0,226080.0,USA:MD,environmental-water; non tidal fresh water river,non tidal fresh water river,environmental-water,2018.0,"[0.473, 0.364, 0.163]","[2070, 2464, 2463, 2463, 2465, 2490, 2490, 2956, 2959, 2961, 2963]","[1, 2, 0, 1, 1, 0, 0, 0, 1, 0, 1]",wild animal,env_water,USA:MD,water_northeast
Water_Delmarva,120,120,140,198,0.72,0.0,SAMN14207144,"serotype=Bareilly,""antigen_formula=7:y:1,5""",226077.0,226077.0,226077.0,USA:MD,environmental-water; non tidal fresh water creek,non tidal fresh water river,environmental-water,2018.0,"[0.839, 0.099, 0.062]","[120, 134, 136, 140, 198, 198, 198, 198, 198, 198, 198]","[0, 0, 0, 1, 1, 2, 1, 2, 0, 0, 2]",wild animal,env_water,USA:MD,water_northeast
Water_Delmarva,207,347,207,2584,0.98,0.0,SAMN14207140,"serotype=Bareilly,""antigen_formula=7:y:1,5""",224513.0,224513.0,143159.0,USA:MD,environmental-water; environmental reclaimed water,environmental reclaimed water,environmental-water,2018.0,"[0.814, 0.125, 0.061]","[207, 347, 361, 458, 1102, 1107, 1230, 1232, 1233, 1233, 1233]","[1, 0, 0, 0, 0, 1, 1, 1, 1, 1, 1]",wild animal,env_water,USA:MD,water_northeast
Water_Delmarva,2,7,2,9,0.99,1.0,SAMN14207142,"serotype=Infantis,""antigen_formula=7:r:1,5""",4584.0,343.0,343.0,USA:MD,environmental-factory/production facility| environmental-water; preprocessing plant water,preprocessing plant water,environmental-factory/production facility| environmental-water,2018.0,"[0.121, 0.759, 0.121]","[2, 3, 3, 3, 3, 4, 4, 4, 4, 4, 4]","[1, 1, 1, 1, 1, 1, 1, 1, 1, 1, 1]",poultry,env_water,USA:MD,water_northeast
Water_Delmarva,120,120,140,198,0.72,0.0,SAMN14207126,"serotype=Bareilly,""antigen_formula=7:y:1,5""",226077.0,226077.0,226077.0,USA:MD,environmental-water; non tidal fresh water creek,non tidal fresh water river,environmental-water,2018.0,"[0.839, 0.099, 0.062]","[120, 134, 136, 140, 198, 198, 198, 198, 198, 198, 198]","[0, 0, 0, 1, 1, 2, 1, 2, 0, 0, 2]",wild animal,env_water,USA:MD,water_northeast
Water_Delmarva,5,9,5,6,0.5,1.0,SAMN14207139,"serotype=Berta,""antigen_formula=9:f,g,t:-""",125.0,125.0,125.0,USA:MD,environmental-water; water pond,pond,environmental-water,2018.0,"[0.089, 0.555, 0.356]","[5, 6, 6, 6, 6, 6, 6, 6, 7, 7, 7]","[1, 2, 2, 1, 1, 2, 1, 1, 1, 1, 1]",generalist,env_water,USA:MD,water_northeast
Water_Delmarva,9,9,11,19,0.65,0.0,SAMN14207157,"serotype=I 4,[5],12:i:-,""antigen_formula=4:i:-""",226072.0,93135.0,48.0,USA:MD,environmental-water; water pond,pond,environmental-water,2018.0,"[0.804, 0.128, 0.068]","[9, 10, 11, 11, 13, 15, 15, 15, 15, 15, 15]","[0, 0, 0, 1, 1, 1, 0, 1, 1, 1, 0]",bovine,env_water,USA:MD,water_northeast
Water_Delmarva,8,8,10,18,0.66,0.0,SAMN14207162,"serotype=I 4,[5],12:i:-,""antigen_formula=4:i:-""",226072.0,93135.0,48.0,USA:MD,environmental-water; water pond,pond,environmental-water,2018.0,"[0.804, 0.128, 0.068]","[8, 9, 10, 10, 12, 14, 14, 14, 14, 14, 14]","[0, 0, 0, 1, 1, 0, 1, 1, 1, 0, 1]",bovine,env_water,USA:MD,water_northeast
Water_Delmarva,35,39,35,46,0.54,0.0,SAMN14207159,"serotype=Newport,""antigen_formula=8:e,h:1,2""",226074.0,9349.0,9349.0,USA:MD,environmental-water; non tidal fresh water river,non tidal fresh water river,environmental-water,2018.0,"[0.688, 0.209, 0.103]","[35, 39, 42, 42, 43, 43, 45, 46, 46, 46, 46]","[1, 0, 0, 0, 0, 0, 1, 1, 0, 2, 1]",bovine,env_water,USA:MD,water_northeast
Water_Delmarva,8,8,10,18,0.66,0.0,SAMN14207155,"serotype=I 4,[5],12:i:-,""antigen_formula=4:i:-""",226072.0,93135.0,48.0,USA:MD,environmental-water; water pond,pond,environmental-water,2018.0,"[0.804, 0.128, 0.068]","[8, 9, 10, 10, 12, 14, 14, 14, 14, 14, 14]","[0, 0, 0, 1, 1, 0, 1, 1, 1, 0, 1]",bovine,env_water,USA:MD,water_northeast
Water_Delmarva,36,40,36,47,0.54,0.0,SAMN14207170,"serotype=Newport,""antigen_formula=8:e,h:1,2""",226074.0,9349.0,9349.0,USA:MD,environmental-water; non tidal fresh water river,non tidal fresh water river,environmental-water,2018.0,"[0.688, 0.209, 0.103]","[36, 40, 43, 43, 44, 44, 46, 47, 47, 47, 47]","[1, 0, 0, 0, 0, 0, 1, 1, 0, 2, 1]",bovine,env_water,USA:MD,water_northeast
Water_Delmarva,35,39,35,46,0.54,0.0,SAMN14207166,"serotype=Newport,""antigen_formula=8:e,h:1,2""",226074.0,9349.0,9349.0,USA:MD,environmental-water; non tidal fresh water river,non tidal fresh water river,environmental-water,2018.0,"[0.688, 0.209, 0.103]","[35, 39, 42, 42, 43, 43, 45, 46, 46, 46, 46]","[1, 0, 0, 0, 0, 0, 1, 1, 0, 2, 1]",bovine,env_water,USA:MD,water_northeast
Water_Delmarva,13,21,13,27,0.85,1.0,SAMN14207167,"serotype=Infantis,""antigen_formula=7:r:1,5""",226073.0,226073.0,343.0,USA:MD,environmental-water; environmental reclaimed water,environmental reclaimed water,environmental-water,2018.0,"[0.106, 0.789, 0.106]","[13, 14, 17, 17, 17, 17, 17, 17, 17, 18, 18]","[1, 1, 1, 1, 1, 1, 1, 1, 1, 1, 1]",poultry,env_water,USA:MD,water_northeast
Water_Delmarva,5,9,5,6,0.5,1.0,SAMN14207168,"serotype=Berta,""antigen_formula=9:f,g,t:-""",125.0,125.0,125.0,USA:MD,environmental-water; water pond,pond,environmental-water,2018.0,"[0.089, 0.555, 0.356]","[5, 6, 6, 6, 6, 6, 6, 6, 7, 7, 7]","[1, 2, 2, 1, 1, 2, 1, 1, 1, 1, 1]",generalist,env_water,USA:MD,water_northeast
Water_Delmarva,120,120,140,198,0.72,0.0,SAMN14207169,"serotype=Bareilly,""antigen_formula=7:y:1,5""",226077.0,226077.0,226077.0,USA:MD,environmental-water; non tidal fresh water creek,non tidal fresh water river,environmental-water,2018.0,"[0.839, 0.099, 0.062]","[120, 134, 136, 140, 198, 198, 198, 198, 198, 198, 198]","[0, 0, 0, 1, 1, 2, 1, 2, 0, 0, 2]",wild animal,env_water,USA:MD,water_northeast
Water_Delmarva,36,44,36,47,0.58,1.0,SAMN14207173,"serotype=Newport,""antigen_formula=8:e,h:1,2""",226091.0,89145.0,8544.0,USA:MD,environmental-water; non tidal fresh water creek,non tidal fresh water river,environmental-water,2018.0,"[0.378, 0.524, 0.098]","[36, 38, 39, 44, 44, 44, 45, 45, 45, 46, 47]","[1, 1, 1, 0, 0, 0, 0, 0, 0, 1, 1]",poultry,env_water,USA:MD,water_northeast
Water_Delmarva,9,9,11,19,0.65,0.0,SAMN14207172,"serotype=I 4,[5],12:i:-,""antigen_formula=4:i:-""",226072.0,93135.0,48.0,USA:MD,environmental-water; water pond,pond,environmental-water,2018.0,"[0.804, 0.128, 0.068]","[9, 10, 11, 11, 13, 15, 15, 15, 15, 15, 15]","[0, 0, 0, 1, 1, 1, 0, 1, 1, 1, 0]",bovine,env_water,USA:MD,water_northeast
Water_Delmarva,13,21,13,27,0.85,1.0,SAMN14207174,"serotype=Infantis,""antigen_formula=7:r:1,5""",226073.0,226073.0,343.0,USA:MD,environmental-water; environmental reclaimed water,environmental reclaimed water,environmental-water,2018.0,"[0.106, 0.789, 0.106]","[13, 14, 17, 17, 17, 17, 17, 17, 17, 18, 18]","[1, 1, 1, 1, 1, 1, 1, 1, 1, 1, 1]",poultry,env_water,USA:MD,water_northeast
Water_Delmarva,29,33,29,40,0.54,0.0,SAMN14207175,"serotype=Newport,""antigen_formula=8:e,h:1,2""",9349.0,9349.0,9349.0,USA:MD,environmental-water; non tidal fresh water river,non tidal fresh water river,environmental-water,2018.0,"[0.688, 0.209, 0.103]","[29, 33, 36, 36, 37, 37, 39, 40, 40, 40, 40]","[1, 0, 0, 0, 0, 0, 1, 0, 1, 2, 1]",bovine,env_water,USA:MD,water_northeast
Water_Delmarva,32,32,122,456,1.0,1.0,SAMN14207177,"serotype=I 9:l,z28:-,""antigen_formula=9:l,z28:-""",226097.0,49039.0,21743.0,USA:MD,environmental-water; water pond,pond,environmental-water,2018.0,"[0.047, 0.936, 0.017]","[32, 122, 122, 122, 122, 122, 122, 122, 124, 439, 440]","[0, 1, 1, 1, 1, 1, 1, 1, 1, 1, 1]",poultry,env_water,USA:MD,water_northeast
Water_Delmarva,9,9,11,19,0.5,0.0,SAMN14207199,"serotype=Thompson,""antigen_formula=7:k:1,5""",74233.0,119.0,119.0,USA:MD,environmental-water; non tidal fresh water river,non tidal fresh water river,environmental-water,2018.0,"[0.599, 0.241, 0.16]","[9, 11, 11, 11, 12, 12, 12, 12, 12, 12, 12]","[0, 0, 1, 1, 1, 1, 1, 1, 1, 1, 0]",generalist,env_water,USA:MD,water_northeast
Water_Delmarva,4,4,10,388,0.69,1.0,SAMN14207191,"serotype=Newport,""antigen_formula=8:e,h:1,2""",122.0,122.0,122.0,USA:MD,environmental-factory/production facility| environmental-water; preprocessing plant water,preprocessing plant water,environmental-factory/production facility| environmental-water,2018.0,"[0.123, 0.851, 0.026]","[4, 10, 10, 10, 11, 11, 12, 12, 14, 14, 27]","[0, 1, 1, 1, 1, 1, 1, 1, 0, 1, 0]",poultry,env_water,USA:MD,water_northeast
Water_Delmarva,17,37,17,42,0.82,1.0,SAMN14207188,"serotype=Thompson,""antigen_formula=7:k:1,5""",224515.0,43798.0,17532.0,USA:MD,environmental-water; water pond,pond,environmental-water,2018.0,"[0.063, 0.88, 0.057]","[17, 21, 21, 22, 22, 37, 37, 37, 37, 37, 38]","[1, 1, 1, 1, 1, 1, 0, 1, 1, 0, 0]",poultry,env_water,USA:MD,water_northeast
Water_Delmarva,35,39,35,46,0.54,0.0,SAMN14207182,"serotype=Newport,""antigen_formula=8:e,h:1,2""",226074.0,9349.0,9349.0,USA:MD,environmental-water; non tidal fresh water river,non tidal fresh water river,environmental-water,2018.0,"[0.688, 0.209, 0.103]","[35, 39, 42, 42, 43, 43, 45, 46, 46, 46, 46]","[1, 0, 0, 0, 0, 0, 1, 1, 0, 2, 1]",bovine,env_water,USA:MD,water_northeast
Water_Delmarva,4,4,10,388,0.69,1.0,SAMN14207194,"serotype=Newport,""antigen_formula=8:e,h:1,2""",122.0,122.0,122.0,USA:MD,environmental-factory/production facility| environmental-water; preprocessing plant water,preprocessing plant water,environmental-factory/production facility| environmental-water,2018.0,"[0.123, 0.851, 0.026]","[4, 10, 10, 10, 11, 11, 12, 12, 14, 14, 27]","[0, 1, 1, 1, 1, 1, 1, 1, 0, 1, 0]",poultry,env_water,USA:MD,water_northeast
Water_Delmarva,7,7,13,390,0.65,1.0,SAMN14207197,"serotype=Newport,""antigen_formula=8:e,h:1,2""",122.0,122.0,122.0,USA:MD,environmental-water; non tidal fresh water river,non tidal fresh water river,environmental-water,2018.0,"[0.123, 0.852, 0.026]","[7, 13, 13, 13, 14, 14, 15, 15, 17, 17, 30]","[0, 1, 1, 1, 1, 1, 1, 1, 0, 1, 0]",poultry,env_water,USA:MD,water_northeast
Water_Delmarva,8,8,10,18,0.66,0.0,SAMN14207214,"serotype=I 4,[5],12:i:-,""antigen_formula=4:i:-""",226072.0,93135.0,48.0,USA:MD,environmental-water; water pond,pond,environmental-water,2018.0,"[0.804, 0.128, 0.068]","[8, 9, 10, 10, 12, 14, 14, 14, 14, 14, 14]","[0, 0, 0, 1, 1, 0, 1, 1, 1, 0, 1]",bovine,env_water,USA:MD,water_northeast
Water_Delmarva,207,347,207,2584,0.98,0.0,SAMN14207273,"serotype=Bareilly,""antigen_formula=7:y:1,5""",224513.0,224513.0,143159.0,USA:MD,environmental-water; environmental reclaimed water,environmental reclaimed water,environmental-water,2018.0,"[0.814, 0.125, 0.061]","[207, 347, 361, 458, 1102, 1107, 1230, 1232, 1233, 1233, 1233]","[1, 0, 0, 0, 0, 1, 1, 1, 1, 1, 1]",wild animal,env_water,USA:MD,water_northeast
Water_Delmarva,111,111,132,187,0.73,0.0,SAMN14207279,"serotype=Bareilly,""antigen_formula=7:y:1,5""",226098.0,226098.0,226098.0,USA:MD,environmental-water; non tidal fresh water creek,non tidal fresh water river,environmental-water,2018.0,"[0.835, 0.101, 0.064]","[111, 125, 130, 132, 187, 187, 187, 187, 187, 187, 188]","[0, 0, 0, 1, 1, 1, 2, 0, 2, 0, 2]",wild animal,env_water,USA:MD,water_northeast
Water_Delmarva,42,43,42,54,0.52,0.0,SAMN14207272,"serotype=Cubana,""antigen_formula=13:z29:-""",226094.0,226094.0,226094.0,USA:MD,environmental-factory/production facility| environmental-water; preprocessing plant water,preprocessing plant water,environmental-factory/production facility| environmental-water,2018.0,"[0.507, 0.395, 0.099]","[42, 43, 43, 45, 46, 47, 47, 48, 48, 48, 48]","[1, 0, 0, 1, 1, 1, 1, 0, 1, 1, 1]",wild animal,env_water,USA:MD,water_northeast
Water_Delmarva,32,32,122,456,1.0,1.0,SAMN14207270,"serotype=I 9:l,z28:-,""antigen_formula=9:l,z28:-""",226097.0,49039.0,21743.0,USA:MD,environmental-water; water pond,pond,environmental-water,2018.0,"[0.047, 0.936, 0.017]","[32, 122, 122, 122, 122, 122, 122, 122, 124, 439, 440]","[0, 1, 1, 1, 1, 1, 1, 1, 1, 1, 1]",poultry,env_water,USA:MD,water_northeast
Water_Delmarva,42,43,42,54,0.52,0.0,SAMN14207278,"serotype=Cubana,""antigen_formula=13:z29:-""",226094.0,226094.0,226094.0,USA:MD,environmental-factory/production facility| environmental-water; preprocessing plant water,preprocessing plant water,environmental-factory/production facility| environmental-water,2018.0,"[0.507, 0.395, 0.099]","[42, 43, 43, 45, 46, 47, 47, 48, 48, 48, 48]","[1, 0, 0, 1, 1, 1, 1, 0, 1, 1, 1]",wild animal,env_water,USA:MD,water_northeast
Water_Delmarva,9,9,11,19,0.65,0.0,SAMN14207276,"serotype=I 4,[5],12:i:-,""antigen_formula=4:i:-""",226072.0,93135.0,48.0,USA:MD,environmental-water; water pond,pond,environmental-water,2018.0,"[0.804, 0.128, 0.068]","[9, 10, 11, 11, 13, 15, 15, 15, 15, 15, 15]","[0, 0, 0, 1, 1, 1, 1, 1, 0, 0, 1]",bovine,env_water,USA:MD,water_northeast
Water_Delmarva,35,43,35,46,0.58,1.0,SAMN14207570,"serotype=Newport,""antigen_formula=8:e,h:1,2""",226091.0,89145.0,8544.0,USA:MD,environmental-water; non tidal fresh water creek,non tidal fresh water river,environmental-water,2018.0,"[0.378, 0.524, 0.098]","[35, 37, 38, 43, 43, 43, 44, 44, 44, 45, 46]","[1, 1, 1, 0, 0, 0, 0, 0, 0, 1, 1]",poultry,env_water,USA:MD,water_northeast
Water_Delmarva,14,14,14,18,0.5,0.0,SAMN14207572,"serotype=Thompson,""antigen_formula=7:k:1,5""",226114.0,226114.0,119.0,USA:MD,environmental-water; non tidal fresh water river,non tidal fresh water river,environmental-water,2018.0,"[0.548, 0.412, 0.04]","[14, 14, 14, 14, 14, 14, 14, 15, 15, 15, 15]","[1, 0, 1, 1, 0, 1, 0, 1, 1, 0, 0]",generalist,env_water,USA:MD,water_northeast
Water_Delmarva,113,113,134,191,0.73,0.0,SAMN14207573,"serotype=Bareilly,""antigen_formula=7:y:1,5""",226103.0,226103.0,226077.0,USA:MD,environmental-water; non tidal fresh water creek,non tidal fresh water river,environmental-water,2018.0,"[0.835, 0.102, 0.064]","[113, 127, 132, 134, 191, 191, 191, 191, 191, 191, 191]","[0, 0, 0, 1, 1, 2, 1, 2, 0, 0, 2]",wild animal,env_water,USA:MD,water_northeast
Water_Delmarva,34,38,34,45,0.54,0.0,SAMN14405147,"serotype=Newport,""antigen_formula=8:e,h:1,2""",9349.0,9349.0,9349.0,USA:MD,Non-Tidal Freshwater River,non tidal fresh water river,environmental-water,2018.0,"[0.688, 0.209, 0.103]","[34, 38, 41, 41, 42, 42, 44, 45, 45, 45, 45]","[1, 0, 0, 0, 0, 0, 1, 1, 0, 2, 1]",bovine,env_water,USA:MD,water_northeast
Water_Delmarva,168,168,795,521,1.0,0.0,SAMN14405148,"serotype=Bareilly,""antigen_formula=7:y:1,5""",228309.0,228309.0,70502.0,USA:MD,Non-Tidal Freshwater River,non tidal fresh water river,environmental-water,2018.0,"[0.913, 0.034, 0.053]","[168, 168, 186, 521, 620, 780, 791, 795, 795, 795, 795]","[0, 0, 0, 2, 0, 0, 0, 1, 1, 1, 2]",wild animal,env_water,USA:MD,water_northeast
Water_Delmarva,34,38,34,45,0.54,0.0,SAMN14406261,"serotype=Newport,""antigen_formula=8:e,h:1,2""",9349.0,9349.0,9349.0,USA:MD,Non-Tidal Freshwater River,non tidal fresh water river,environmental-water,2018.0,"[0.688, 0.209, 0.103]","[34, 38, 41, 41, 42, 42, 44, 45, 45, 45, 45]","[1, 0, 0, 0, 0, 0, 1, 1, 0, 2, 1]",bovine,env_water,USA:MD,water_northeast
Water_Delmarva,34,38,34,45,0.54,0.0,SAMN14406260,"serotype=Newport,""antigen_formula=8:e,h:1,2""",9349.0,9349.0,9349.0,USA:MD,Non-Tidal Freshwater River,non tidal fresh water river,environmental-water,2018.0,"[0.688, 0.209, 0.103]","[34, 38, 41, 41, 42, 42, 44, 45, 45, 45, 45]","[1, 0, 0, 0, 0, 0, 1, 1, 0, 2, 1]",bovine,env_water,USA:MD,water_northeast
Water_Delmarva,169,169,795,521,1.0,0.0,SAMN14406262,"serotype=Bareilly,""antigen_formula=7:y:1,5""",228309.0,228309.0,70502.0,USA:MD,Non-Tidal Freshwater River,non tidal fresh water river,environmental-water,2018.0,"[0.913, 0.034, 0.053]","[169, 169, 187, 521, 620, 780, 791, 795, 795, 795, 795]","[0, 0, 0, 2, 0, 0, 0, 1, 1, 1, 2]",wild animal,env_water,USA:MD,water_northeast
Water_Delmarva,17,37,17,42,0.82,1.0,SAMN14453526,"serotype=Thompson,""antigen_formula=7:k:1,5""",224515.0,43798.0,17532.0,USA:MD,pond water,pond,environmental-water,2018.0,"[0.063, 0.88, 0.057]","[17, 21, 21, 22, 22, 37, 37, 37, 37, 37, 38]","[1, 1, 1, 1, 1, 1, 0, 1, 1, 0, 0]",poultry,env_water,USA:MD,water_northeast
Water_Delmarva,17,37,17,42,0.82,1.0,SAMN14453524,"serotype=Thompson,""antigen_formula=7:k:1,5""",224515.0,43798.0,17532.0,USA:MD,pond water,pond,environmental-water,2018.0,"[0.063, 0.88, 0.057]","[17, 21, 21, 22, 22, 37, 37, 37, 37, 37, 38]","[1, 1, 1, 1, 1, 1, 0, 1, 1, 0, 0]",poultry,env_water,USA:MD,water_northeast
Water_Delmarva,113,113,134,191,0.73,0.0,SAMN14453530,"serotype=Bareilly,""antigen_formula=7:y:1,5""",226103.0,226103.0,226077.0,USA:MD,Non-Tidal Freshwater Creek,non tidal fresh water river,environmental-water,2018.0,"[0.835, 0.102, 0.064]","[113, 127, 132, 134, 191, 191, 191, 191, 191, 191, 191]","[0, 0, 0, 1, 1, 2, 1, 2, 0, 0, 2]",wild animal,env_water,USA:MD,water_northeast
Water_Delmarva,4,12,4,11,0.99,1.0,SAMN14453520,"serotype=Infantis,""antigen_formula=7:r:1,5""",4584.0,343.0,343.0,USA:MD,Non-Tidal Freshwater River,non tidal fresh water river,environmental-water,2018.0,"[0.063, 0.875, 0.063]","[4, 4, 6, 6, 6, 7, 9, 9, 9, 9, 9]","[1, 1, 1, 1, 1, 1, 1, 1, 1, 1, 1]",poultry,env_water,USA:MD,water_northeast
Water_Delmarva,106,106,127,184,0.74,0.0,SAMN14453518,"serotype=Bareilly,""antigen_formula=7:y:1,5""",119007.0,119007.0,119007.0,USA:MD,Non-Tidal Freshwater Creek,non tidal fresh water river,environmental-water,2018.0,"[0.838, 0.099, 0.062]","[106, 121, 122, 127, 184, 184, 184, 184, 184, 184, 184]","[0, 0, 0, 1, 1, 1, 2, 2, 0, 0, 2]",wild animal,env_water,USA:MD,water_northeast
Water_Delmarva,34,38,34,45,0.54,0.0,SAMN14453543,"serotype=Newport,""antigen_formula=8:e,h:1,2""",9349.0,9349.0,9349.0,USA:MD,Non-Tidal Freshwater River,non tidal fresh water river,environmental-water,2018.0,"[0.688, 0.209, 0.103]","[34, 38, 41, 41, 42, 42, 44, 45, 45, 45, 45]","[1, 0, 0, 0, 0, 0, 1, 1, 0, 2, 1]",bovine,env_water,USA:MD,water_northeast
Water_Delmarva,4,12,4,11,0.99,1.0,SAMN14453547,"serotype=Infantis,""antigen_formula=7:r:1,5""",4584.0,343.0,343.0,USA:MD,Non-Tidal Freshwater River,non tidal fresh water river,environmental-water,2018.0,"[0.063, 0.875, 0.063]","[4, 4, 6, 6, 6, 7, 9, 9, 9, 9, 9]","[1, 1, 1, 1, 1, 1, 1, 1, 1, 1, 1]",poultry,env_water,USA:MD,water_northeast
Water_Delmarva,4,12,4,11,0.99,1.0,SAMN14453536,"serotype=Infantis,""antigen_formula=7:r:1,5""",4584.0,343.0,343.0,USA:MD,Non-Tidal Freshwater River,non tidal fresh water river,environmental-water,2018.0,"[0.063, 0.875, 0.063]","[4, 4, 6, 6, 6, 7, 9, 9, 9, 9, 9]","[1, 1, 1, 1, 1, 1, 1, 1, 1, 1, 1]",poultry,env_water,USA:MD,water_northeast
Water_Delmarva,4,10,4,11,0.98,1.0,SAMN14453535,"serotype=Infantis,""antigen_formula=7:r:1,5""",4584.0,343.0,343.0,USA:MD,Preprocessing Plant Water,preprocessing plant water,environmental-factory/production facility| environmental-water,2018.0,"[0.026, 0.947, 0.026]","[4, 4, 5, 5, 5, 6, 6, 7, 7, 8, 8]","[1, 1, 1, 1, 1, 1, 1, 1, 1, 1, 1]",poultry,env_water,USA:MD,water_northeast
Water_Delmarva,17,37,17,42,0.82,1.0,SAMN14453554,"serotype=Thompson,""antigen_formula=7:k:1,5""",224515.0,43798.0,17532.0,USA:MD,pond water,pond,environmental-water,2018.0,"[0.063, 0.88, 0.057]","[17, 21, 21, 22, 22, 37, 37, 37, 37, 37, 38]","[1, 1, 1, 1, 1, 1, 0, 1, 1, 0, 0]",poultry,env_water,USA:MD,water_northeast
Water_Delmarva,4,10,4,11,0.98,1.0,SAMN14453538,"serotype=Infantis,""antigen_formula=7:r:1,5""",4584.0,343.0,343.0,USA:MD,Preprocessing Plant Water,preprocessing plant water,environmental-factory/production facility| environmental-water,2018.0,"[0.026, 0.947, 0.026]","[4, 4, 5, 5, 5, 6, 6, 7, 7, 8, 8]","[1, 1, 1, 1, 1, 1, 1, 1, 1, 1, 1]",poultry,env_water,USA:MD,water_northeast
Water_Delmarva,106,106,128,185,0.74,0.0,SAMN14453540,"serotype=Bareilly,""antigen_formula=7:y:1,5""",119007.0,119007.0,119007.0,USA:MD,Non-Tidal Freshwater Creek,non tidal fresh water river,environmental-water,2018.0,"[0.836, 0.101, 0.063]","[106, 122, 123, 128, 185, 185, 185, 185, 185, 185, 185]","[0, 0, 0, 1, 1, 1, 2, 2, 0, 0, 2]",wild animal,env_water,USA:MD,water_northeast
Water_Delmarva,113,113,134,191,0.73,0.0,SAMN14453537,"serotype=Bareilly,""antigen_formula=7:y:1,5""",226103.0,226103.0,226077.0,USA:MD,Non-Tidal Freshwater Creek,non tidal fresh water river,environmental-water,2018.0,"[0.835, 0.102, 0.064]","[113, 127, 132, 134, 191, 191, 191, 191, 191, 191, 191]","[0, 0, 0, 1, 1, 2, 1, 2, 0, 0, 2]",wild animal,env_water,USA:MD,water_northeast
Water_Delmarva,4,10,4,11,0.98,1.0,SAMN14453541,"serotype=Infantis,""antigen_formula=7:r:1,5""",4584.0,343.0,343.0,USA:MD,Preprocessing Plant Water,preprocessing plant water,environmental-factory/production facility| environmental-water,2018.0,"[0.026, 0.947, 0.026]","[4, 4, 5, 5, 5, 6, 6, 7, 7, 8, 8]","[1, 1, 1, 1, 1, 1, 1, 1, 1, 1, 1]",poultry,env_water,USA:MD,water_northeast
Water_Delmarva,4,12,4,11,0.99,1.0,SAMN14453539,"serotype=Infantis,""antigen_formula=7:r:1,5""",4584.0,343.0,343.0,USA:MD,Non-Tidal Freshwater River,non tidal fresh water river,environmental-water,2018.0,"[0.063, 0.875, 0.063]","[4, 4, 6, 6, 6, 7, 9, 9, 9, 9, 9]","[1, 1, 1, 1, 1, 1, 1, 1, 1, 1, 1]",poultry,env_water,USA:MD,water_northeast
Water_Delmarva,5,11,5,12,0.96,1.0,SAMN14453553,"serotype=Infantis,""antigen_formula=7:r:1,5""",4584.0,343.0,343.0,USA:MD,Preprocessing Plant Water,preprocessing plant water,environmental-factory/production facility| environmental-water,2018.0,"[0.026, 0.947, 0.026]","[5, 5, 6, 6, 6, 7, 7, 8, 8, 9, 9]","[1, 1, 1, 1, 1, 1, 1, 1, 1, 1, 1]",poultry,env_water,USA:MD,water_northeast
Water_Delmarva,20,20,99,92,0.5,0.0,SAMN15369710,"serotype=Meleagridis,""antigen_formula=3,10:e,h:l,w""",209991.0,209991.0,75849.0,USA:VA,environmental-water; stream sediment,stream sediment,environmental-water,2019.0,"[0.586, 0.191, 0.222]","[20, 92, 95, 96, 98, 98, 99, 99, 100, 101, 101]","[0, 2, 2, 0, 0, 0, 1, 1, 0, 0, 1]",generalist,env_water,USA:VA,water_appalachian
Water_Delmarva,21,21,100,93,0.5,0.0,SAMN15369709,"serotype=Meleagridis,""antigen_formula=3,10:e,h:l,w""",209991.0,209991.0,75849.0,USA:VA,environmental-water; stream sediment,stream sediment,environmental-water,2019.0,"[0.586, 0.191, 0.222]","[21, 93, 96, 97, 99, 99, 100, 100, 101, 102, 102]","[0, 2, 2, 0, 0, 0, 1, 1, 0, 0, 1]",generalist,env_water,USA:VA,water_appalachian
Water_Delmarva,15,27,15,31,0.31,0.0,SAMN09865689,"serotype=Newport,""antigen_formula=8:e,h:1,2""",632.0,632.0,120.0,USA:VA,water,water,environmental-water,2012.0,"[0.49, 0.422, 0.088]","[15, 16, 21, 27, 27, 27, 28, 28, 28, 31, 33]","[1, 1, 1, 0, 0, 0, 0, 0, 0, 2, 0]",generalist,env_water,USA:VA,water_appalachian
Water_Delmarva,58,58,261,259,1.0,0.0,SAMN09865691,"serotype=Newport,""antigen_formula=8:e,h:1,2""",54515.0,54515.0,54515.0,USA:VA,environmental-water; water,water,environmental-water,2014.0,"[0.798, 0.101, 0.101]","[58, 60, 253, 255, 259, 259, 259, 259, 259, 260, 260]","[0, 0, 0, 0, 0, 0, 0, 0, 2, 0, 2]",wild animal,env_water,USA:VA,water_appalachian
Water_Delmarva,39,39,53,59,0.51,0.0,SAMN09865687,"serotype=Newport,""antigen_formula=8:e,h:1,2""",58370.0,6034.0,6034.0,USA:VA,environmental-water; creek water,creek water,environmental-water,2011.0,"[0.779, 0.112, 0.109]","[39, 53, 53, 53, 54, 55, 58, 59, 60, 60, 64]","[0, 0, 0, 1, 1, 0, 0, 2, 2, 2, 0]",wild animal,env_water,USA:VA,water_appalachian
Water_Delmarva,39,39,53,59,0.51,0.0,SAMN09865686,"serotype=Newport,""antigen_formula=8:e,h:1,2""",58370.0,6034.0,6034.0,USA:VA,environmental-water; creek water,creek water,environmental-water,2011.0,"[0.779, 0.112, 0.109]","[39, 53, 53, 53, 54, 55, 58, 59, 60, 60, 64]","[0, 0, 0, 1, 1, 0, 0, 2, 2, 2, 0]",wild animal,env_water,USA:VA,water_appalachian
Water_Delmarva,30,34,30,41,0.55,0.0,SAMN09865688,"serotype=Newport,""antigen_formula=8:e,h:1,2""",9349.0,9349.0,9349.0,USA:VA,water,water,environmental-water,2012.0,"[0.726, 0.181, 0.093]","[30, 34, 37, 38, 38, 38, 41, 41, 41, 41, 42]","[1, 0, 0, 0, 0, 0, 1, 1, 0, 2, 1]",bovine,env_water,USA:VA,water_appalachian
Water_Delmarva,10,10,12,388,0.66,1.0,SAMN09865682,"serotype=Newport,""antigen_formula=8:e,h:1,2""",122.0,122.0,122.0,USA:VA,environmental-water; creek sediment,creek sediment,environmental-water,2011.0,"[0.071, 0.915, 0.013]","[10, 12, 12, 12, 13, 13, 14, 14, 16, 16, 29]","[0, 1, 1, 1, 1, 1, 1, 1, 0, 1, 0]",poultry,env_water,USA:VA,water_appalachian
Water_Delmarva,15,29,15,33,0.84,1.0,SAMN09865680,"serotype=Newport,""antigen_formula=8:e,h:1,2""",18726.0,18726.0,120.0,USA:VA,environmental-water; water creek,water creek,environmental-water,2011.0,"[0.427, 0.482, 0.091]","[15, 16, 19, 29, 29, 29, 30, 30, 30, 33, 35]","[1, 1, 1, 0, 0, 0, 0, 0, 0, 2, 0]",poultry,env_water,USA:VA,water_appalachian
Water_Delmarva,28,28,101,101,0.53,0.0,SAMN16591847,"serotype=Muenster,""antigen_formula=3,10:e,h:1,5""",72797.0,72797.0,55189.0,USA:VA,Bearded Dragon Water from enclosure,bearded dragon water from enclosure,environmental-water| other animal,2020.0,"[0.601, 0.198, 0.201]","[28, 95, 101, 101, 101, 101, 101, 102, 102, 102, 102]","[0, 0, 0, 1, 2, 0, 2, 0, 0, 2, 2]",generalist,env_water,USA:VA,water_appalachian
Water_Delmarva,8,37,8,40,1.0,1.0,SAMN02900280,"serotype=Schwarzengrund,""antigen_formula=4:d:1,7""",380.0,380.0,380.0,USA:VA,water,water,environmental-water,2012.0,"[0.104, 0.792, 0.104]","[8, 8, 9, 22, 23, 23, 24, 24, 24, 24, 24]","[1, 1, 1, 1, 1, 1, 1, 1, 1, 1, 1]",poultry,env_water,USA:VA,water_appalachian
Water_Delmarva,7,10,7,10,0.45,0.0,SAMN19222176,"serotype=Typhimurium,""antigen_formula=4:i:1,2""",8536.0,8536.0,8536.0,USA:MD,environmental-water; pond water,pond water,environmental-water,2019.0,"[0.739, 0.196, 0.065]","[7, 9, 9, 10, 10, 10, 12, 12, 14, 17, 20]","[1, 1, 1, 0, 0, 2, 0, 0, 0, 1, 1]",generalist,env_water,USA:MD,water_northeast
Water_Delmarva,2,9,2,8,1.0,1.0,SAMN19222181,"serotype=Thompson,""antigen_formula=7:k:1,5""",10098.0,119.0,119.0,USA:MD,environmental-water; tidal brackish river water,tidal brackish river water,environmental-water,2019.0,"[0.014, 0.972, 0.014]","[2, 2, 2, 2, 3, 3, 3, 3, 3, 3, 4]","[1, 1, 1, 1, 1, 1, 1, 1, 1, 1, 1]",poultry,env_water,USA:MD,water_northeast
Water_Delmarva,52,54,52,52,0.53,1.0,SAMN19222184,"serotype=Mbandaka,""antigen_formula=7:z10:e,n,z15""",276213.0,276213.0,276213.0,USA:MD,environmental-water; tidal brackish river water,tidal brackish river water,environmental-water,2019.0,"[0.039, 0.889, 0.072]","[52, 52, 52, 52, 52, 52, 53, 54, 55, 55, 55]","[1, 1, 2, 1, 1, 1, 1, 0, 0, 0, 1]",wild animal,env_water,USA:MD,water_northeast
Water_Delmarva,0,6,0,3,0.17,2.0,SAMN19222182,"serotype=Infantis,""antigen_formula=7:r:1,5""",43.0,43.0,43.0,USA:MD,environmental-water; tidal brackish river water,tidal brackish river water,environmental-water,2019.0,"[0.133, 0.345, 0.522]","[0, 1, 3, 5, 6, 6, 7, 7, 7, 8, 8]","[1, 1, 2, 2, 0, 2, 2, 2, 2, 0, 2]",generalist,env_water,USA:MD,water_northeast
Water_Delmarva,10,13,10,14,0.73,1.0,SAMN19222185,"serotype=I -:r:1,5,""antigen_formula=-:r:1,5""",276195.0,343.0,343.0,USA:MD,environmental-water; tidal brackish river water,tidal brackish river water,environmental-water,2019.0,"[0.019, 0.962, 0.019]","[10, 10, 10, 11, 11, 11, 11, 11, 11, 11, 12]","[1, 1, 1, 1, 1, 1, 1, 1, 1, 1, 1]",poultry,env_water,USA:MD,water_northeast
Water_Delmarva,10,13,10,14,0.73,1.0,SAMN19222183,"serotype=I -:r:1,5,""antigen_formula=-:r:1,5""",276195.0,343.0,343.0,USA:MD,environmental-water; tidal brackish river water,tidal brackish river water,environmental-water,2019.0,"[0.019, 0.962, 0.019]","[10, 10, 10, 11, 11, 11, 11, 11, 11, 11, 12]","[1, 1, 1, 1, 1, 1, 1, 1, 1, 1, 1]",poultry,env_water,USA:MD,water_northeast
Water_Delmarva,1,9,1,10,1.0,1.0,SAMN19222186,"serotype=Infantis,""antigen_formula=7:r:1,5""",55620.0,343.0,343.0,USA:MD,environmental-water; tidal brackish river water,tidal brackish river water,environmental-water,2019.0,"[0.035, 0.93, 0.035]","[1, 1, 3, 3, 3, 3, 3, 3, 4, 5, 5]","[1, 1, 1, 1, 1, 1, 1, 1, 1, 1, 1]",poultry,env_water,USA:MD,water_northeast
Water_Delmarva,0,1,0,0,1.0,1.0,SAMN19222188,"serotype=Infantis,""antigen_formula=7:r:1,5""",4584.0,343.0,343.0,USA:MD,environmental-water; tidal brackish river water,tidal brackish river water,environmental-water,2019.0,"[0.007, 0.978, 0.015]","[0, 0, 0, 0, 0, 0, 0, 0, 0, 0, 1]","[1, 2, 1, 1, 1, 1, 1, 1, 1, 1, 1]",poultry,env_water,USA:MD,water_northeast
Water_Delmarva,1,9,1,10,1.0,1.0,SAMN19222187,"serotype=Infantis,""antigen_formula=7:r:1,5""",55620.0,343.0,343.0,USA:MD,environmental-water; tidal brackish river water,tidal brackish river water,environmental-water,2019.0,"[0.035, 0.93, 0.035]","[1, 1, 3, 3, 3, 3, 3, 3, 4, 5, 5]","[1, 1, 1, 1, 1, 1, 1, 1, 1, 1, 1]",poultry,env_water,USA:MD,water_northeast
Water_Delmarva,52,54,52,52,0.53,1.0,SAMN19222177,"serotype=Mbandaka,""antigen_formula=7:z10:e,n,z15""",276213.0,276213.0,276213.0,USA:MD,environmental-water; tidal brackish river water,tidal brackish river water,environmental-water,2019.0,"[0.04, 0.883, 0.078]","[52, 52, 52, 52, 52, 52, 53, 54, 55, 55, 55]","[2, 1, 1, 1, 1, 1, 1, 0, 1, 0, 0]",wild animal,env_water,USA:MD,water_northeast
Water_Delmarva,10,10,11,12,0.59,0.0,SAMN19222178,"serotype=Thompson,""antigen_formula=7:k:1,5""",240557.0,119.0,119.0,USA:MD,environmental-water; tidal brackish river water,tidal brackish river water,environmental-water,2019.0,"[0.897, 0.055, 0.048]","[10, 11, 11, 11, 12, 12, 13, 13, 13, 14, 14]","[0, 0, 0, 1, 2, 0, 0, 0, 1, 0, 0]",bovine,env_water,USA:MD,water_northeast
Water_Delmarva,23,23,28,29,0.57,0.0,SAMN19222180,"serotype=Typhimurium,""antigen_formula=4:i:1,2""",240534.0,240534.0,92.0,USA:MD,environmental-water; tidal brackish river water,tidal brackish river water,environmental-water,2019.0,"[0.812, 0.108, 0.08]","[23, 28, 28, 29, 32, 32, 32, 33, 33, 36, 38]","[0, 1, 0, 2, 0, 1, 0, 1, 0, 0, 1]",bovine,env_water,USA:MD,water_northeast
Water_Delmarva,2,10,2,11,1.0,1.0,SAMN19222179,"serotype=Infantis,""antigen_formula=7:r:1,5""",55620.0,343.0,343.0,USA:MD,environmental-water; tidal brackish river water,tidal brackish river water,environmental-water,2019.0,"[0.035, 0.93, 0.035]","[2, 2, 4, 4, 4, 4, 4, 4, 5, 6, 6]","[1, 1, 1, 1, 1, 1, 1, 1, 1, 1, 1]",poultry,env_water,USA:MD,water_northeast
Water_Delmarva,30,34,30,41,0.54,0.0,SAMN19320176,"serotype=Newport,""antigen_formula=8:e,h:1,2""",9349.0,9349.0,9349.0,USA:MD,environmental-water; tidal brackish river water,tidal brackish river water,environmental-water,2019.0,"[0.688, 0.209, 0.103]","[30, 34, 37, 37, 38, 38, 40, 41, 41, 41, 41]","[1, 0, 0, 0, 0, 0, 1, 0, 1, 2, 1]",bovine,env_water,USA:MD,water_northeast
Water_Delmarva,109,120,109,126,0.64,1.0,SAMN19320185,"serotype=Saintpaul,""antigen_formula=4:e,h:1,2""",192902.0,192902.0,8757.0,USA:MD,environmental-water; non-tidal freshwater creek,non-tidal freshwater creek,environmental-water,2019.0,"[0.327, 0.552, 0.121]","[109, 109, 120, 125, 126, 141, 344, 2655, 2655, 2657, 2657]","[1, 1, 0, 1, 2, 0, 1, 0, 0, 0, 0]",wild animal,env_water,USA:MD,water_northeast
Water_Delmarva,2314,2314,2314,2314,0.5,0.0,SAMN19320178,"serotype=IV [1],40:z4,z32:-,""antigen_formula=40:z4,z32:-""",273523.0,273523.0,273523.0,USA:MD,environmental-water; non-tidal freshwater creek,non-tidal freshwater creek,environmental-water,2019.0,"[0.678, 0.229, 0.093]","[2314, 2314, 2315, 2314, 2322, 2322, 2344, 2953, 2955, 2956, 2957]","[2, 1, 1, 0, 0, 0, 1, 0, 0, 0, 0]",wild animal,env_water,USA:MD,water_northeast
Water_Delmarva,175,175,795,527,1.0,0.0,SAMN19320153,"serotype=Bareilly,""antigen_formula=7:y:1,5""",273520.0,273520.0,273520.0,USA:MD,environmental-water; tidal brackish river water,tidal brackish river water,environmental-water,2019.0,"[0.912, 0.035, 0.053]","[175, 176, 193, 527, 625, 781, 792, 795, 795, 795, 795]","[0, 0, 0, 2, 0, 0, 0, 2, 0, 2, 1]",wild animal,env_water,USA:MD,water_northeast
Water_Delmarva,170,170,795,523,1.0,0.0,SAMN19320182,"serotype=I -:y:1,5,""antigen_formula=-:y:1,5""",273521.0,228309.0,70502.0,USA:MD,environmental-water; tidal brackish river water,tidal brackish river water,environmental-water,2019.0,"[0.913, 0.034, 0.053]","[170, 170, 187, 523, 622, 780, 792, 795, 795, 795, 795]","[0, 0, 0, 2, 0, 0, 0, 2, 2, 1, 0]",wild animal,env_water,USA:MD,water_northeast
Water_Delmarva,175,175,795,527,1.0,0.0,SAMN19320150,"serotype=Bareilly,""antigen_formula=7:y:1,5""",273520.0,273520.0,273520.0,USA:MD,environmental-water; tidal brackish river water,tidal brackish river water,environmental-water,2019.0,"[0.912, 0.035, 0.053]","[175, 176, 193, 527, 625, 781, 792, 795, 795, 795, 795]","[0, 0, 0, 2, 0, 0, 0, 2, 0, 2, 1]",wild animal,env_water,USA:MD,water_northeast
Water_Delmarva,33,33,44,54,0.59,0.0,SAMN19320157,"serotype=Newport,""antigen_formula=8:e,h:1,2""",140199.0,140199.0,140199.0,USA:MD,environmental-water; reclaimed water,reclaimed water,environmental-water,2019.0,"[0.773, 0.131, 0.097]","[33, 44, 46, 50, 51, 51, 53, 54, 54, 54, 55]","[0, 1, 0, 0, 0, 0, 0, 0, 1, 2, 2]",bovine,env_water,USA:MD,water_northeast
Water_Delmarva,33,33,44,54,0.59,0.0,SAMN19320166,"serotype=Newport,""antigen_formula=8:e,h:1,2""",140199.0,140199.0,140199.0,USA:MD,environmental-water; reclaimed water,reclaimed water,environmental-water,2019.0,"[0.773, 0.131, 0.097]","[33, 44, 46, 50, 51, 51, 53, 54, 54, 54, 55]","[0, 1, 0, 0, 0, 0, 0, 0, 1, 2, 2]",bovine,env_water,USA:MD,water_northeast
Water_Delmarva,212,212,969,977,0.55,0.0,SAMN19320160,"serotype=Norwich,""antigen_formula=7:e,h:1,6""",119902.0,104005.0,69765.0,USA:MD,environmental-water; non-tidal freshwater creek,non-tidal freshwater creek,environmental-water,2019.0,"[0.615, 0.193, 0.192]","[212, 896, 966, 968, 968, 968, 969, 969, 976, 977, 977]","[0, 0, 0, 0, 0, 0, 0, 1, 0, 2, 1]",wild animal,env_water,USA:MD,water_northeast
Water_Delmarva,190,190,812,544,1.0,0.0,SAMN19320155,"serotype=Bareilly,""antigen_formula=7:y:1,5""",273516.0,273516.0,273516.0,USA:MD,environmental-water; tidal brackish river water,tidal brackish river water,environmental-water,2019.0,"[0.907, 0.037, 0.056]","[190, 213, 225, 544, 640, 799, 812, 813, 813, 813, 813]","[0, 0, 0, 2, 0, 0, 1, 2, 2, 1, 1]",wild animal,env_water,USA:MD,water_northeast
Water_Delmarva,217,217,971,980,0.54,0.0,SAMN19320173,"serotype=Norwich,""antigen_formula=7:e,h:1,6""",69765.0,69765.0,69765.0,USA:MD,environmental-water; non-tidal freshwater creek,non-tidal freshwater creek,environmental-water,2019.0,"[0.615, 0.193, 0.192]","[217, 901, 969, 971, 971, 971, 971, 971, 979, 980, 980]","[0, 0, 0, 0, 0, 0, 0, 1, 0, 1, 0]",wild animal,env_water,USA:MD,water_northeast
Water_Delmarva,217,217,971,980,0.54,0.0,SAMN19320210,"serotype=Norwich,""antigen_formula=7:e,h:1,6""",69765.0,69765.0,69765.0,USA:MD,environmental-water; non-tidal freshwater creek,non-tidal freshwater creek,environmental-water,2019.0,"[0.615, 0.193, 0.192]","[217, 901, 969, 971, 971, 971, 971, 971, 979, 980, 980]","[0, 0, 0, 0, 0, 0, 0, 1, 0, 1, 0]",wild animal,env_water,USA:MD,water_northeast
Water_Delmarva,30,34,30,41,0.54,0.0,SAMN19320219,"serotype=Newport,""antigen_formula=8:e,h:1,2""",9349.0,9349.0,9349.0,USA:MD,environmental-water; tidal brackish river water,tidal brackish river water,environmental-water,2019.0,"[0.688, 0.209, 0.103]","[30, 34, 37, 37, 38, 38, 40, 41, 41, 41, 41]","[1, 0, 0, 0, 0, 0, 1, 1, 0, 2, 1]",bovine,env_water,USA:MD,water_northeast
Water_Delmarva,11,15,11,390,0.75,1.0,SAMN19320227,"serotype=Newport,""antigen_formula=8:e,h:1,2""",11220.0,122.0,122.0,USA:MD,environmental-water; tidal brackish river water,tidal brackish river water,environmental-water,2019.0,"[0.036, 0.955, 0.008]","[11, 11, 11, 12, 12, 13, 13, 15, 16, 17, 30]","[1, 1, 1, 1, 1, 1, 1, 0, 1, 0, 0]",poultry,env_water,USA:MD,water_northeast
Water_Delmarva,37,37,48,58,0.58,0.0,SAMN19320168,"serotype=Newport,""antigen_formula=8:e,h:1,2""",140199.0,140199.0,140199.0,USA:MD,environmental-water; reclaimed water,reclaimed water,environmental-water,2019.0,"[0.773, 0.131, 0.096]","[37, 48, 50, 54, 55, 55, 57, 58, 58, 58, 59]","[0, 1, 0, 0, 0, 0, 0, 0, 1, 2, 2]",bovine,env_water,USA:MD,water_northeast
Water_Delmarva,10,10,12,20,0.5,0.0,SAMN19320222,"serotype=Thompson,""antigen_formula=7:k:1,5""",74233.0,119.0,119.0,USA:MD,environmental-water; tidal brackish river water,tidal brackish river water,environmental-water,2019.0,"[0.599, 0.241, 0.16]","[10, 12, 12, 12, 13, 13, 13, 13, 13, 13, 13]","[0, 1, 0, 1, 1, 1, 1, 1, 1, 1, 1]",generalist,env_water,USA:MD,water_northeast
Water_Delmarva,11,11,13,21,0.5,0.0,SAMN19320216,"serotype=Thompson,""antigen_formula=7:k:1,5""",74233.0,119.0,119.0,USA:MD,environmental-water; tidal brackish river water,tidal brackish river water,environmental-water,2019.0,"[0.599, 0.241, 0.16]","[11, 13, 13, 13, 14, 14, 14, 14, 14, 14, 14]","[0, 1, 0, 1, 1, 1, 1, 1, 0, 1, 1]",generalist,env_water,USA:MD,water_northeast
Water_Delmarva,33,33,44,54,0.59,0.0,SAMN19320164,"serotype=Newport,""antigen_formula=8:e,h:1,2""",140199.0,140199.0,140199.0,USA:MD,environmental-water; reclaimed water,reclaimed water,environmental-water,2019.0,"[0.773, 0.131, 0.096]","[33, 44, 46, 50, 51, 51, 53, 54, 54, 54, 55]","[0, 1, 0, 0, 0, 0, 0, 0, 1, 2, 2]",bovine,env_water,USA:MD,water_northeast
Water_Delmarva,217,217,971,980,0.54,0.0,SAMN19320171,"serotype=Norwich,""antigen_formula=7:e,h:1,6""",69765.0,69765.0,69765.0,USA:MD,environmental-water; non-tidal freshwater creek,non-tidal freshwater creek,environmental-water,2019.0,"[0.615, 0.193, 0.192]","[217, 901, 969, 971, 971, 971, 971, 971, 979, 980, 980]","[0, 0, 0, 0, 0, 0, 0, 1, 0, 1, 2]",wild animal,env_water,USA:MD,water_northeast
Water_Delmarva,3,9,3,8,0.95,1.0,SAMN19320228,"serotype=Infantis,""antigen_formula=7:r:1,5""",72528.0,343.0,343.0,USA:MD,environmental-water; pre-processing plant water,pre-processing plant water,environmental-water,2019.0,"[0.205, 0.589, 0.205]","[3, 4, 6, 6, 6, 6, 6, 6, 6, 6, 6]","[1, 1, 1, 1, 1, 1, 1, 1, 1, 1, 1]",poultry,env_water,USA:MD,water_northeast
Water_Delmarva,217,217,971,980,0.54,0.0,SAMN19320212,"serotype=Norwich,""antigen_formula=7:e,h:1,6""",69765.0,69765.0,69765.0,USA:MD,environmental-water; non-tidal freshwater creek,non-tidal freshwater creek,environmental-water,2019.0,"[0.615, 0.193, 0.192]","[217, 901, 969, 971, 971, 971, 971, 971, 979, 980, 980]","[0, 0, 0, 0, 0, 0, 0, 1, 0, 1, 0]",wild animal,env_water,USA:MD,water_northeast
Water_Delmarva,11,331,11,334,0.53,1.0,SAMN08595295,"serotype=Saintpaul,""antigen_formula=4:e,h:1,2""",8385.0,637.0,637.0,USA:VA,water,water,environmental-water,2017.0,"[0.312, 0.559, 0.129]","[11, 321, 321, 331, 333, 334, 341, 2650, 2652, 2653, 2654]","[1, 1, 1, 0, 1, 2, 0, 0, 0, 2, 0]",generalist,env_water,USA:VA,water_appalachian
Water_Delmarva,173,173,224,174,0.52,0.0,SAMN03069714,"serotype=Give,""antigen_formula=3,10:l,v:1,7""",19198.0,19198.0,19198.0,USA:VA,environmental-water; sediment,sediment,environmental-water,2014.0,"[0.451, 0.109, 0.44]","[173, 174, 181, 186, 186, 186, 186, 186, 186, 186, 187]","[0, 2, 2, 0, 0, 0, 2, 0, 0, 0, 0]",wild animal,env_water,USA:VA,water_appalachian
Water_Delmarva,164,164,793,525,1.0,0.0,SAMN03069703,"serotype=Bareilly,""antigen_formula=7:y:1,5""",16969.0,16969.0,16969.0,USA:VA,water (10 gal),water gallon,environmental-water,2014.0,"[0.911, 0.035, 0.054]","[164, 173, 187, 525, 617, 781, 793, 793, 793, 793, 793]","[0, 0, 0, 2, 0, 0, 2, 1, 1, 0, 2]",wild animal,env_water,USA:VA,water_appalachian
Water_Delmarva,11,15,86,11,0.66,2.0,SAMN03069668,"serotype=Bovismorbificans,""antigen_formula=8:r:1,5""",19221.0,19221.0,19221.0,USA:VA,water (10 gal),water gallon,environmental-water,2014.0,"[0.017, 0.008, 0.975]","[11, 12, 13, 13, 14, 15, 15, 15, 16, 17, 18]","[2, 2, 2, 2, 2, 2, 0, 2, 0, 2, 2]",swine,env_water,USA:VA,water_appalachian
Water_Delmarva,19,19,168,47,1.0,1.0,SAMN03069636,"serotype=Gaminara,""antigen_formula=16:d:1,7""",19223.0,19223.0,18643.0,USA:VA,water,water,environmental-water,2014.0,"[0.319, 0.372, 0.309]","[19, 47, 168, 174, 1259, 1259, 1262, 1273, 1273, 1277, 1285]","[0, 2, 1, 1, 1, 1, 1, 2, 0, 0, 0]",poultry,env_water,USA:VA,water_appalachian
Water_Delmarva,170,171,221,170,0.48,2.0,SAMN03069628,"serotype=Gallinarum or Enteritidis,""antigen_formula=9:g,m:-""",19199.0,19199.0,19199.0,USA:VA,water,water,environmental-water,2014.0,"[0.425, 0.122, 0.453]","[170, 171, 180, 184, 184, 184, 184, 184, 184, 184, 185]","[2, 0, 2, 0, 0, 0, 0, 2, 0, 0, 0]",wild animal,env_water,USA:VA,water_appalachian
Water_Delmarva,3,23,3,21,0.19,2.0,SAMN08595307,"serotype=Muenchen,""antigen_formula=8:d:1,2""",35047.0,35047.0,35047.0,USA:VA,water,water,environmental-water,2017.0,"[0.152, 0.105, 0.743]","[3, 6, 21, 22, 23, 23, 23, 24, 96, 96, 100]","[1, 1, 2, 2, 0, 2, 0, 2, 2, 0, 0]",generalist,env_water,USA:VA,water_appalachian
Water_Delmarva,29,464,37,29,1.0,1.0,SAMN08595305,"serotype=Javiana,""antigen_formula=9:l,z28:1,5""",49867.0,49867.0,49867.0,USA:VA,water,water,environmental-water,2017.0,"[0.024, 0.912, 0.064]","[29, 37, 37, 37, 38, 56, 58, 303, 306, 307, 307]","[2, 1, 1, 1, 1, 1, 1, 1, 2, 2, 2]",poultry,env_water,USA:VA,water_appalachian
Water_Delmarva,20,37,20,66,0.68,0.0,SAMN08595551,"serotype=Oranienburg,""antigen_formula=7:m,t:-""",110318.0,110318.0,62383.0,USA:VA,environmental-water; sediment,sediment,environmental-water,2017.0,"[0.872, 0.086, 0.042]","[20, 37, 37, 38, 39, 40, 48, 49, 50, 51, 56]","[1, 0, 0, 0, 0, 0, 0, 0, 0, 1, 0]",bovine,env_water,USA:VA,water_appalachian
Water_Delmarva,10,486,11,10,0.46,2.0,SAMN08595501,"serotype=Javiana,""antigen_formula=9:l,z28:1,5""",590.0,590.0,590.0,USA:VA,water,water,environmental-water,2017.0,"[0.008, 0.044, 0.949]","[10, 11, 13, 14, 15, 16, 36, 114, 285, 286, 301]","[2, 1, 1, 2, 2, 2, 2, 1, 1, 1, 2]",generalist,env_water,USA:VA,water_appalachian
Water_Delmarva,7,7,13,391,0.65,1.0,SAMN19856638,"serotype=Newport,""antigen_formula=8:e,h:1,2""",122.0,122.0,122.0,USA:MD,environmental-water; water,water,environmental-water,2017.0,"[0.123, 0.852, 0.026]","[7, 13, 13, 13, 14, 14, 15, 15, 17, 17, 30]","[0, 1, 1, 1, 1, 1, 1, 1, 0, 1, 0]",poultry,env_water,USA:MD,water_northeast
Water_Delmarva,79,79,807,542,1.0,0.0,SAMN19856557,"serotype=Bareilly,""antigen_formula=7:y:1,5""",70498.0,70498.0,70498.0,USA:MD,environmental-water; water,water,environmental-water,2017.0,"[0.888, 0.046, 0.066]","[79, 159, 215, 542, 638, 791, 805, 807, 807, 807, 807]","[0, 0, 0, 2, 0, 0, 0, 1, 0, 2, 2]",wild animal,env_water,USA:MD,water_northeast
Water_Delmarva,2,5,2,6,0.88,1.0,SAMN19856736,"serotype=Infantis,""antigen_formula=7:r:1,5""",4584.0,343.0,343.0,USA:MD,environmental-water; water,water,environmental-water,2016.0,"[0.075, 0.851, 0.075]","[2, 3, 3, 3, 3, 3, 3, 4, 4, 4, 4]","[1, 1, 1, 1, 1, 1, 1, 1, 1, 1, 1]",poultry,env_water,USA:MD,water_northeast
Water_Delmarva,6,6,12,389,0.66,1.0,SAMN19856730,"serotype=Newport,""antigen_formula=8:e,h:1,2""",122.0,122.0,122.0,USA:MD,environmental-water; water,water,environmental-water,2017.0,"[0.123, 0.852, 0.026]","[6, 12, 12, 12, 13, 13, 14, 14, 16, 16, 29]","[0, 1, 1, 1, 1, 1, 1, 1, 0, 1, 0]",poultry,env_water,USA:MD,water_northeast
Water_Delmarva,21,33,21,37,0.34,0.0,SAMN19856727,"serotype=Newport,""antigen_formula=8:e,h:1,2""",275178.0,8571.0,120.0,USA:MD,environmental-water; water,water,environmental-water,2018.0,"[0.498, 0.413, 0.089]","[21, 22, 28, 33, 33, 33, 34, 34, 34, 37, 39]","[1, 1, 1, 0, 0, 0, 0, 0, 0, 2, 0]",generalist,env_water,USA:MD,water_northeast
Water_Delmarva,3,6,3,7,0.96,1.0,SAMN19856739,"serotype=Infantis,""antigen_formula=7:r:1,5""",4584.0,343.0,343.0,USA:MD,environmental-water; water,water,environmental-water,2016.0,"[0.075, 0.851, 0.075]","[3, 3, 4, 4, 4, 4, 5, 5, 5, 5, 5]","[1, 1, 1, 1, 1, 1, 1, 1, 1, 1, 1]",poultry,env_water,USA:MD,water_northeast
Water_Delmarva,3,5,3,6,0.94,1.0,SAMN19856737,"serotype=Infantis,""antigen_formula=7:r:1,5""",4584.0,343.0,343.0,USA:MD,environmental-water; water,water,environmental-water,2016.0,"[0.082, 0.835, 0.082]","[3, 3, 3, 3, 4, 4, 4, 4, 4, 4, 4]","[1, 1, 1, 1, 1, 1, 1, 1, 1, 1, 1]",poultry,env_water,USA:MD,water_northeast
Water_Delmarva,2153,2153,2162,2161,0.5,0.0,SAMN19856616,"serotype=IV 44:z36,[z38]:-,""antigen_formula=44:z36,z38:-""",275149.0,275149.0,275149.0,USA:MD,environmental-water; water,water,environmental-water,2018.0,"[0.713, 0.191, 0.096]","[2153, 2153, 2161, 2161, 2162, 2164, 2442, 2953, 2958, 2960, 2962]","[0, 0, 2, 0, 1, 1, 1, 0, 1, 0, 1]",wild animal,env_water,USA:MD,water_northeast
Water_Delmarva,79,79,805,542,1.0,0.0,SAMN19856546,"serotype=Bareilly,""antigen_formula=7:y:1,5""",70498.0,70498.0,70498.0,USA:MD,environmental-water; water,water,environmental-water,2018.0,"[0.888, 0.046, 0.066]","[79, 158, 214, 542, 637, 789, 803, 805, 805, 805, 805]","[0, 0, 0, 2, 0, 0, 0, 1, 0, 2, 2]",wild animal,env_water,USA:MD,water_northeast
Water_Delmarva,77,77,77,77,0.49,0.0,SAMN19856635,"serotype=Norwich,""antigen_formula=7:e,h:1,6""",275144.0,7964.0,639.0,USA:MD,environmental-water; water,water,environmental-water,2018.0,"[0.465, 0.385, 0.15]","[77, 77, 77, 77, 77, 78, 118, 122, 122, 122, 123]","[1, 1, 2, 0, 1, 0, 0, 0, 0, 1, 0]",wild animal,env_water,USA:MD,water_northeast
Water_Delmarva,1,2,1,4,0.27,0.0,SAMN19856581,"serotype=Typhimurium,""antigen_formula=4:i:1,2""",53242.0,53242.0,53242.0,USA:MD,environmental-water; water,water,environmental-water,2018.0,"[0.584, 0.332, 0.084]","[1, 1, 2, 2, 2, 3, 4, 5, 6, 6, 6]","[1, 1, 0, 0, 1, 0, 2, 0, 1, 1, 1]",generalist,env_water,USA:MD,water_northeast
Water_Delmarva,23,35,23,39,0.35,0.0,SAMN19856549,"serotype=Newport,""antigen_formula=8:e,h:1,2""",9352.0,8571.0,120.0,USA:MD,environmental-water; water,water,environmental-water,2018.0,"[0.498, 0.413, 0.089]","[23, 24, 30, 35, 35, 35, 36, 36, 36, 39, 41]","[1, 1, 1, 0, 0, 0, 0, 0, 0, 2, 0]",generalist,env_water,USA:MD,water_northeast
Water_Delmarva,5,8,5,13,0.83,1.0,SAMN19856583,"serotype=Kentucky,""antigen_formula=8:i:z6""",275140.0,2763.0,126.0,USA:MD,environmental-water; water,water,environmental-water,2017.0,"[0.016, 0.968, 0.016]","[5, 5, 5, 6, 6, 6, 6, 7, 7, 7, 8]","[1, 1, 1, 1, 1, 1, 1, 1, 1, 1, 0]",poultry,env_water,USA:MD,water_northeast
Water_Delmarva,20,20,29,24,0.69,0.0,SAMN19856731,"serotype=Newport,""antigen_formula=8:e,h:1,2""",6304.0,6304.0,3108.0,USA:MD,environmental-water; water,water,environmental-water,2018.0,"[0.992, 0.003, 0.005]","[20, 20, 20, 21, 21, 21, 24, 26, 28, 29, 29]","[0, 0, 0, 0, 0, 0, 2, 0, 2, 1, 0]",bovine,env_water,USA:MD,water_northeast
Water_Delmarva,17,21,17,27,0.74,1.0,SAMN19856729,"serotype=Infantis,""antigen_formula=7:r:1,5""",275139.0,275139.0,343.0,USA:MD,environmental-water; water,water,environmental-water,2018.0,"[0.01, 0.979, 0.01]","[17, 17, 17, 17, 17, 17, 17, 17, 18, 18, 18]","[1, 1, 1, 1, 1, 1, 1, 1, 1, 1, 1]",poultry,env_water,USA:MD,water_northeast
Water_Delmarva,70,70,70,70,0.49,0.0,SAMN19856728,"serotype=Norwich,""antigen_formula=7:e,h:1,6""",49609.0,7964.0,639.0,USA:MD,environmental-water; water,water,environmental-water,2016.0,"[0.463, 0.385, 0.152]","[70, 70, 70, 70, 70, 71, 112, 116, 117, 117, 117]","[1, 1, 1, 2, 0, 0, 0, 0, 0, 0, 1]",wild animal,env_water,USA:MD,water_northeast
Water_Delmarva,177,176,222,177,0.48,2.0,SAMN19856585,"serotype=Give,""antigen_formula=3,10:l,v:1,7""",275138.0,275138.0,275138.0,USA:MD,environmental-water; water,water,environmental-water,2017.0,"[0.355, 0.139, 0.506]","[177, 178, 183, 186, 187, 187, 187, 187, 187, 187, 187]","[2, 0, 2, 0, 0, 2, 0, 0, 0, 0, 0]",wild animal,env_water,USA:MD,water_northeast
Water_Delmarva,73,73,806,542,1.0,0.0,SAMN19856570,"serotype=Bareilly,""antigen_formula=7:y:1,5""",275136.0,275136.0,275136.0,USA:MD,environmental-water; water,water,environmental-water,2018.0,"[0.888, 0.046, 0.066]","[73, 155, 211, 542, 635, 791, 804, 806, 806, 806, 806]","[0, 0, 0, 2, 0, 0, 0, 2, 1, 0, 2]",wild animal,env_water,USA:MD,water_northeast
Water_Delmarva,19,31,19,35,0.33,0.0,SAMN19856573,"serotype=Newport,""antigen_formula=8:e,h:1,2""",8571.0,8571.0,120.0,USA:MD,environmental-water; water,water,environmental-water,2018.0,"[0.498, 0.413, 0.09]","[19, 20, 26, 31, 31, 31, 32, 32, 32, 35, 37]","[1, 1, 1, 0, 0, 0, 0, 0, 0, 2, 0]",generalist,env_water,USA:MD,water_northeast
Water_Delmarva,7,32,7,35,1.0,1.0,SAMN19856588,"serotype=Senftenberg,""antigen_formula=1,3,19:g,s,t:-""",275135.0,4700.0,42.0,USA:MD,environmental-water; water,water,environmental-water,2018.0,"[0.005, 0.99, 0.005]","[7, 7, 8, 11, 11, 11, 12, 13, 13, 13, 29]","[1, 1, 1, 1, 1, 1, 1, 1, 1, 1, 1]",poultry,env_water,USA:MD,water_northeast
Water_Delmarva,4,12,4,13,0.91,1.0,SAMN19856554,"serotype=Infantis,""antigen_formula=7:r:1,5""",176903.0,159323.0,343.0,USA:MD,environmental-water; water,water,environmental-water,2017.0,"[0.1, 0.8, 0.1]","[4, 6, 7, 8, 10, 10, 10, 10, 11, 11, 11]","[1, 1, 1, 1, 1, 1, 1, 1, 1, 1, 1]",poultry,env_water,USA:MD,water_northeast
Water_Delmarva,73,73,806,542,1.0,0.0,SAMN19856634,"serotype=Bareilly,""antigen_formula=7:y:1,5""",275136.0,275136.0,275136.0,USA:MD,environmental-water; water,water,environmental-water,2018.0,"[0.888, 0.046, 0.066]","[73, 155, 211, 542, 635, 791, 804, 806, 806, 806, 806]","[0, 0, 0, 2, 0, 0, 0, 2, 1, 0, 2]",wild animal,env_water,USA:MD,water_northeast
Water_Delmarva,70,70,70,70,0.49,0.0,SAMN19856560,"serotype=Norwich,""antigen_formula=7:e,h:1,6""",49609.0,7964.0,639.0,USA:MD,environmental-water; water,water,environmental-water,2017.0,"[0.463, 0.385, 0.152]","[70, 70, 70, 70, 70, 71, 112, 116, 117, 117, 117]","[1, 1, 1, 2, 0, 0, 0, 0, 0, 0, 1]",wild animal,env_water,USA:MD,water_northeast
Water_Delmarva,73,73,73,73,0.49,0.0,SAMN19856734,"serotype=Norwich,""antigen_formula=7:e,h:1,6""",49144.0,49144.0,639.0,USA:MD,environmental-water; water,water,environmental-water,2016.0,"[0.457, 0.389, 0.154]","[73, 73, 73, 73, 73, 75, 116, 120, 121, 121, 121]","[1, 1, 2, 1, 0, 0, 0, 0, 0, 0, 1]",wild animal,env_water,USA:MD,water_northeast
Water_Delmarva,11,50,11,45,0.96,1.0,SAMN19856633,"serotype=Typhimurium,""antigen_formula=4:i:1,2""",275188.0,275188.0,13.0,USA:MD,environmental-water; water,water,environmental-water,2016.0,"[0.172, 0.656, 0.172]","[11, 18, 19, 22, 23, 24, 24, 24, 24, 24, 24]","[1, 1, 1, 1, 1, 1, 1, 1, 1, 1, 1]",poultry,env_water,USA:MD,water_northeast
Water_Delmarva,13,13,15,390,0.63,1.0,SAMN19856732,"serotype=Newport,""antigen_formula=8:e,h:1,2""",275206.0,122.0,122.0,USA:MD,environmental-water; water,water,environmental-water,2017.0,"[0.071, 0.915, 0.013]","[13, 15, 15, 15, 16, 16, 17, 17, 19, 19, 32]","[0, 1, 1, 1, 1, 1, 1, 1, 0, 1, 0]",poultry,env_water,USA:MD,water_northeast
Water_Delmarva,75,75,75,75,0.49,0.0,SAMN19856568,"serotype=Norwich,""antigen_formula=7:e,h:1,6""",275144.0,7964.0,639.0,USA:MD,environmental-water; water,water,environmental-water,2017.0,"[0.463, 0.385, 0.152]","[75, 75, 75, 75, 75, 76, 116, 120, 121, 121, 121]","[1, 1, 2, 0, 1, 0, 0, 0, 0, 0, 1]",wild animal,env_water,USA:MD,water_northeast
Water_Delmarva,27,29,27,31,0.48,0.0,SAMN19856639,"serotype=Montevideo,""antigen_formula=7:g,m,s:-""",275200.0,97069.0,485.0,USA:MD,environmental-water; water,water,environmental-water,2017.0,"[0.582, 0.314, 0.103]","[27, 28, 29, 29, 29, 30, 31, 35, 35, 35, 35]","[1, 1, 0, 0, 0, 1, 2, 1, 1, 0, 2]",generalist,env_water,USA:MD,water_northeast
Water_Delmarva,1,34,1,39,1.0,1.0,SAMN19856577,"serotype=Enteritidis,""antigen_formula=9:g,m:-""",4551.0,4551.0,4551.0,USA:MD,environmental-water; water,water,environmental-water,2017.0,"[0.128, 0.744, 0.128]","[1, 1, 1, 2, 2, 2, 2, 2, 2, 2, 2]","[1, 1, 1, 1, 1, 1, 1, 1, 1, 1, 1]",poultry,env_water,USA:MD,water_northeast
Water_Delmarva,75,75,75,75,0.49,0.0,SAMN19856547,"serotype=Norwich,""antigen_formula=7:e,h:1,6""",275144.0,7964.0,639.0,USA:MD,environmental-water; water,water,environmental-water,2018.0,"[0.463, 0.385, 0.152]","[75, 75, 75, 75, 75, 76, 116, 120, 121, 121, 121]","[1, 1, 2, 0, 1, 0, 0, 0, 0, 0, 1]",wild animal,env_water,USA:MD,water_northeast
Water_Delmarva,72,72,72,72,0.49,0.0,SAMN19856745,"serotype=Norwich,""antigen_formula=7:e,h:1,6""",49609.0,7964.0,639.0,USA:MD,environmental-water; water,water,environmental-water,2016.0,"[0.463, 0.385, 0.152]","[72, 72, 72, 72, 72, 73, 114, 118, 119, 119, 119]","[1, 1, 1, 2, 0, 0, 0, 0, 0, 0, 1]",wild animal,env_water,USA:MD,water_northeast
Water_Delmarva,72,72,72,72,0.49,0.0,SAMN19856740,"serotype=Norwich,""antigen_formula=7:e,h:1,6""",49144.0,49144.0,639.0,USA:MD,environmental-water; water,water,environmental-water,2018.0,"[0.457, 0.389, 0.154]","[72, 72, 72, 72, 72, 74, 115, 119, 120, 120, 120]","[1, 1, 2, 1, 0, 0, 0, 0, 0, 0, 1]",wild animal,env_water,USA:MD,water_northeast
Water_Delmarva,2,5,2,6,0.99,1.0,SAMN19856631,"serotype=Infantis,""antigen_formula=7:r:1,5""",4584.0,343.0,343.0,USA:MD,environmental-water; water,water,environmental-water,2016.0,"[0.075, 0.851, 0.075]","[2, 2, 3, 3, 3, 3, 4, 4, 4, 4, 4]","[1, 1, 1, 1, 1, 1, 1, 1, 1, 1, 1]",poultry,env_water,USA:MD,water_northeast
Water_Delmarva,26,458,34,26,1.0,1.0,SAMN19856632,"serotype=Javiana,""antigen_formula=9:l,z28:1,5""",19289.0,19289.0,19289.0,USA:MD,environmental-water; water,water,environmental-water,2016.0,"[0.023, 0.912, 0.064]","[26, 34, 34, 34, 35, 52, 54, 299, 301, 302, 303]","[2, 1, 1, 1, 1, 1, 1, 1, 2, 2, 2]",poultry,env_water,USA:MD,water_northeast
Water_Delmarva,9,335,9,337,0.53,1.0,SAMN19856640,"serotype=Saintpaul,""antigen_formula=4:e,h:1,2""",637.0,637.0,637.0,USA:MD,environmental-water; water,water,environmental-water,2017.0,"[0.311, 0.559, 0.129]","[9, 324, 324, 335, 336, 337, 343, 2651, 2653, 2654, 2655]","[1, 1, 1, 0, 1, 2, 0, 0, 0, 2, 0]",generalist,env_water,USA:MD,water_northeast
Water_Delmarva,2155,2155,2165,2164,0.5,0.0,SAMN19856726,"serotype=IV 44:z36,[z38]:-,""antigen_formula=44:z36,z38:-""",275197.0,275197.0,275197.0,USA:MD,environmental-water; water,water,environmental-water,2017.0,"[0.713, 0.191, 0.096]","[2155, 2155, 2164, 2164, 2165, 2167, 2446, 2953, 2958, 2960, 2962]","[0, 0, 2, 0, 1, 1, 1, 0, 1, 0, 1]",wild animal,env_water,USA:MD,water_northeast
Water_Delmarva,25,37,25,41,0.36,0.0,SAMN19856733,"serotype=Newport,""antigen_formula=8:e,h:1,2""",275194.0,8571.0,120.0,USA:MD,environmental-water; water,water,environmental-water,2016.0,"[0.498, 0.413, 0.089]","[25, 26, 32, 37, 37, 37, 38, 38, 38, 41, 43]","[1, 1, 1, 0, 0, 0, 0, 0, 0, 2, 0]",generalist,env_water,USA:MD,water_northeast
Water_Delmarva,8,334,8,337,0.53,1.0,SAMN19856725,"serotype=Saintpaul,""antigen_formula=4:e,h:1,2""",637.0,637.0,637.0,USA:MD,environmental-water; water,water,environmental-water,2018.0,"[0.312, 0.559, 0.129]","[8, 324, 324, 334, 336, 337, 343, 2650, 2652, 2653, 2654]","[1, 1, 1, 0, 1, 2, 0, 0, 0, 2, 0]",generalist,env_water,USA:MD,water_northeast
Water_Delmarva,3,5,3,6,0.88,1.0,SAMN19856563,"serotype=Infantis,""antigen_formula=7:r:1,5""",4584.0,343.0,343.0,USA:MD,environmental-water; water,water,environmental-water,2017.0,"[0.082, 0.835, 0.082]","[3, 3, 3, 3, 4, 4, 4, 4, 4, 4, 4]","[1, 1, 1, 1, 1, 1, 1, 1, 1, 1, 1]",poultry,env_water,USA:MD,water_northeast
Water_Delmarva,7,7,10,11,0.6,0.0,SAMN19856619,"serotype=Thompson,""antigen_formula=7:k:1,5""",275217.0,119.0,119.0,USA:MD,environmental-water; water,water,environmental-water,2018.0,"[0.679, 0.168, 0.153]","[7, 10, 10, 11, 12, 12, 12, 13, 13, 13, 13]","[0, 1, 0, 2, 0, 0, 1, 1, 1, 0, 1]",bovine,env_water,USA:MD,water_northeast
Water_Delmarva,21,33,21,37,0.34,0.0,SAMN19856548,"serotype=Newport,""antigen_formula=8:e,h:1,2""",275178.0,8571.0,120.0,USA:MD,environmental-water; water,water,environmental-water,2017.0,"[0.498, 0.413, 0.089]","[21, 22, 28, 33, 33, 33, 34, 34, 34, 37, 39]","[1, 1, 1, 0, 0, 0, 0, 0, 0, 2, 0]",generalist,env_water,USA:MD,water_northeast
Water_Delmarva,3,7,3,9,0.73,1.0,SAMN19856561,"serotype=Infantis,""antigen_formula=7:r:1,5""",117015.0,343.0,343.0,USA:MD,environmental-water; water,water,environmental-water,2016.0,"[0.181, 0.638, 0.181]","[3, 6, 6, 6, 6, 7, 7, 7, 7, 7, 7]","[1, 1, 1, 1, 1, 1, 1, 1, 1, 1, 1]",poultry,env_water,USA:MD,water_northeast
Water_Delmarva,7,32,7,35,1.0,1.0,SAMN19856575,"serotype=Senftenberg,""antigen_formula=1,3,19:g,s,t:-""",275135.0,4700.0,42.0,USA:MD,environmental-water; water,water,environmental-water,2018.0,"[0.005, 0.99, 0.005]","[7, 7, 8, 11, 11, 11, 12, 13, 13, 13, 29]","[1, 1, 1, 1, 1, 1, 1, 1, 1, 1, 1]",poultry,env_water,USA:MD,water_northeast
Water_Delmarva,2,10,2,11,0.97,1.0,SAMN19856596,"serotype=Infantis,""antigen_formula=7:r:1,5""",176903.0,159323.0,343.0,USA:MD,environmental-water; water,water,environmental-water,2017.0,"[0.1, 0.8, 0.1]","[2, 4, 5, 6, 8, 8, 8, 8, 9, 9, 9]","[1, 1, 1, 1, 1, 1, 1, 1, 1, 1, 1]",poultry,env_water,USA:MD,water_northeast
Water_Delmarva,19,31,19,35,0.33,0.0,SAMN19856622,"serotype=Newport,""antigen_formula=8:e,h:1,2""",8571.0,8571.0,120.0,USA:MD,environmental-water; water,water,environmental-water,2018.0,"[0.498, 0.413, 0.09]","[19, 20, 26, 31, 31, 31, 32, 32, 32, 35, 37]","[1, 1, 1, 0, 0, 0, 0, 0, 0, 2, 0]",generalist,env_water,USA:MD,water_northeast
Water_Delmarva,4,34,4,39,1.0,1.0,SAMN19856558,"serotype=Cerro,""antigen_formula=18:z4,z23:-""",58630.0,58630.0,58630.0,USA:MD,environmental-water; water,water,environmental-water,2017.0,"[0.042, 0.923, 0.035]","[4, 4, 4, 6, 28, 28, 29, 30, 34, 38, 39]","[1, 1, 1, 1, 1, 1, 1, 1, 0, 0, 2]",poultry,env_water,USA:MD,water_northeast
Water_Delmarva,20,20,29,24,0.69,0.0,SAMN19856565,"serotype=Newport,""antigen_formula=8:e,h:1,2""",6304.0,6304.0,3108.0,USA:MD,environmental-water; water,water,environmental-water,2018.0,"[0.992, 0.003, 0.005]","[20, 20, 20, 21, 21, 21, 24, 26, 28, 29, 29]","[0, 0, 0, 0, 0, 0, 2, 0, 2, 1, 0]",bovine,env_water,USA:MD,water_northeast
Water_Delmarva,6,6,12,389,0.66,1.0,SAMN19856579,"serotype=Newport,""antigen_formula=8:e,h:1,2""",122.0,122.0,122.0,USA:MD,environmental-water; water,water,environmental-water,2017.0,"[0.123, 0.852, 0.026]","[6, 12, 12, 12, 13, 13, 14, 14, 16, 16, 29]","[0, 1, 1, 1, 1, 1, 1, 1, 0, 1, 0]",poultry,env_water,USA:MD,water_northeast
Water_Delmarva,2,14,2,19,1.0,1.0,SAMN19856562,"serotype=Infantis,""antigen_formula=7:r:1,5""",68616.0,343.0,343.0,USA:MD,environmental-water; water,water,environmental-water,2017.0,"[0.039, 0.922, 0.039]","[2, 3, 4, 4, 5, 5, 7, 7, 9, 9, 9]","[1, 1, 1, 1, 1, 1, 1, 1, 1, 1, 1]",poultry,env_water,USA:MD,water_northeast
Water_Delmarva,7,9,7,10,0.76,1.0,SAMN19856624,"serotype=Infantis,""antigen_formula=7:r:1,5""",4584.0,343.0,343.0,USA:MD,environmental-water; water,water,environmental-water,2018.0,"[0.082, 0.835, 0.082]","[7, 7, 7, 7, 8, 8, 8, 8, 8, 8, 8]","[1, 1, 1, 1, 1, 1, 1, 1, 1, 1, 1]",poultry,env_water,USA:MD,water_northeast
Water_Delmarva,14,53,14,47,0.94,1.0,SAMN19856552,"serotype=Typhimurium,""antigen_formula=4:i:1,2""",275188.0,275188.0,13.0,USA:MD,environmental-water; water,water,environmental-water,2017.0,"[0.172, 0.656, 0.172]","[14, 21, 22, 25, 26, 27, 27, 27, 27, 27, 27]","[1, 1, 1, 1, 1, 1, 1, 1, 1, 1, 1]",poultry,env_water,USA:MD,water_northeast
Water_Delmarva,74,74,807,543,1.0,0.0,SAMN19856738,"serotype=Bareilly,""antigen_formula=7:y:1,5""",275136.0,275136.0,275136.0,USA:MD,environmental-water; water,water,environmental-water,2017.0,"[0.888, 0.046, 0.066]","[74, 156, 212, 543, 636, 792, 805, 807, 807, 807, 807]","[0, 0, 0, 2, 0, 0, 0, 2, 2, 1, 0]",wild animal,env_water,USA:MD,water_northeast
Water_Delmarva,19,31,19,35,0.33,0.0,SAMN19856629,"serotype=Newport,""antigen_formula=8:e,h:1,2""",8571.0,8571.0,120.0,USA:MD,environmental-water; water,water,environmental-water,2018.0,"[0.498, 0.413, 0.09]","[19, 20, 26, 31, 31, 31, 32, 32, 32, 35, 37]","[1, 1, 1, 0, 0, 0, 0, 0, 0, 2, 0]",generalist,env_water,USA:MD,water_northeast
Water_Delmarva,26,458,34,26,1.0,1.0,SAMN19856627,"serotype=Javiana,""antigen_formula=9:l,z28:1,5""",19289.0,19289.0,19289.0,USA:MD,environmental-water; water,water,environmental-water,2016.0,"[0.023, 0.912, 0.064]","[26, 34, 34, 34, 35, 52, 54, 299, 301, 302, 303]","[2, 1, 1, 1, 1, 1, 1, 1, 2, 2, 2]",poultry,env_water,USA:MD,water_northeast
Water_Delmarva,2,2,2,5,0.5,1.0,SAMN19856741,"serotype=Infantis,""antigen_formula=7:r:1,5""",4595.0,36.0,36.0,USA:MD,environmental-water; water,water,environmental-water,2018.0,"[0.341, 0.606, 0.053]","[2, 2, 2, 2, 3, 3, 3, 3, 4, 4, 4]","[1, 0, 0, 1, 1, 1, 1, 1, 1, 1, 1]",generalist,env_water,USA:MD,water_northeast
Water_Delmarva,38,41,38,370,1.0,1.0,SAMN06115787,"serotype=IV 44:z36,[z38]:-,""antigen_formula=44:z36,z38:-""",65830.0,65830.0,12948.0,USA:MD,water,water,environmental-water,2016.0,"[0.393, 0.471, 0.137]","[38, 41, 65, 365, 366, 366, 366, 367, 368, 369, 370]","[1, 0, 1, 0, 0, 0, 0, 0, 1, 0, 2]",poultry,env_water,USA:MD,water_northeast
Water_Delmarva,41,41,95,99,0.52,0.0,SAMN06115793,"serotype=Typhimurium,""antigen_formula=4:i:1,2""",65808.0,65808.0,65808.0,USA:MD,water,water,environmental-water,2016.0,"[0.617, 0.192, 0.19]","[41, 94, 94, 95, 95, 95, 95, 95, 95, 95, 96]","[0, 0, 0, 1, 0, 0, 0, 0, 0, 0, 0]",wild animal,env_water,USA:MD,water_northeast
Water_Delmarva,11,11,45,40,1.0,0.0,SAMN06115853,"serotype=Typhimurium,""antigen_formula=4:i:1,2""",60781.0,4475.0,4475.0,USA:MD,water,water,environmental-water,2016.0,"[0.983, 0.008, 0.008]","[11, 11, 11, 13, 13, 15, 18, 18, 18, 18, 18]","[0, 0, 0, 0, 0, 0, 0, 0, 0, 0, 0]",bovine,env_water,USA:MD,water_northeast
Water_Delmarva,2161,2161,2164,2163,0.5,0.0,SAMN06115859,"serotype=IV 44:z36,[z38]:-,""antigen_formula=44:z36,z38:-""",65838.0,65838.0,65838.0,USA:MD,water,water,environmental-water,2016.0,"[0.713, 0.192, 0.096]","[2161, 2161, 2163, 2163, 2164, 2166, 2444, 2950, 2956, 2958, 2960]","[0, 0, 2, 0, 1, 1, 1, 0, 1, 0, 1]",wild animal,env_water,USA:MD,water_northeast
Water_Delmarva,32,36,32,43,0.54,0.0,SAMN06115827,"serotype=Newport,""antigen_formula=8:e,h:1,2""",9349.0,9349.0,9349.0,USA:MD,water,water,environmental-water,2016.0,"[0.687, 0.209, 0.103]","[32, 36, 39, 39, 40, 40, 42, 43, 43, 43, 43]","[1, 0, 0, 0, 0, 0, 1, 1, 0, 1, 2]",bovine,env_water,USA:MD,water_northeast
Water_Delmarva,16,490,18,16,0.5,2.0,SAMN02900330,"serotype=I 2:l,z28:1,5,""antigen_formula=2:l,z28:1,5""",590.0,590.0,590.0,USA:VA,water,water,environmental-water,2012.0,"[0.008, 0.044, 0.949]","[16, 18, 20, 20, 21, 22, 42, 119, 291, 292, 307]","[2, 1, 2, 1, 2, 2, 2, 1, 1, 1, 2]",generalist,env_water,USA:VA,water_appalachian
Water_Delmarva,5,11,5,15,0.51,0.0,SAMN02350542,"serotype=Litchfield,""antigen_formula=8:l,v:1,2""",34429.0,13146.0,13146.0,USA:VA,pond water,water pond,environmental-water,2005.0,"[0.389, 0.295, 0.316]","[5, 11, 15, 36, 36, 37, 37, 37, 38, 39, 39]","[1, 0, 2, 0, 0, 1, 1, 2, 2, 2, 1]",generalist,env_water,USA:VA,water_appalachian
Water_Salinas_CA,24,24,30,32,0.58,0.0,,,,,,,,,,,"[0.893, 0.061, 0.046]","[24, 26, 26, 27, 30, 30, 30, 30, 31]","[0, 0, 0, 0, 1, 1, 0, 1, 0]",bovine,,,
Water_Salinas_CA,17,17,23,29,0.57,0.0,,,,,,,,,,,"[0.918, 0.041, 0.041]","[17, 20, 21, 21, 21, 21, 21, 23, 23]","[0, 0, 0, 0, 0, 0, 0, 1, 1]",bovine,,,
Water_Salinas_CA,32,32,52,40,0.55,0.0,,,,,,,,,,,"[0.599, 0.152, 0.249]","[32, 40, 46, 46, 46, 48, 48, 48, 48]","[0, 2, 0, 0, 0, 0, 0, 0, 0]",bovine,,,
Water_Salinas_CA,13,180,13,187,0.5,1.0,,,,,,,,,,,"[0.266, 0.489, 0.245]","[13, 180, 180, 181, 181, 184, 184, 185, 186]","[1, 0, 0, 1, 1, 0, 1, 1, 0]",generalist,,,
Water_Salinas_CA,25,191,25,197,0.5,1.0,,,,,,,,,,,"[0.263, 0.49, 0.247]","[25, 191, 191, 191, 191, 195, 195, 195, 195]","[1, 0, 1, 1, 0, 1, 1, 0, 0]",generalist,,,
Water_Salinas_CA,54,187,54,192,0.5,1.0,,,,,,,,,,,"[0.265, 0.486, 0.249]","[54, 187, 187, 187, 187, 190, 191, 191, 191]","[1, 0, 0, 1, 1, 0, 1, 1, 0]",wild animal,,,
Water_Salinas_CA,5,179,5,185,0.5,1.0,,,,,,,,,,,"[0.263, 0.49, 0.247]","[5, 179, 179, 179, 179, 183, 183, 183, 184]","[1, 1, 0, 1, 0, 1, 0, 1, 0]",generalist,,,
Water_Salinas_CA,12,184,12,190,0.5,1.0,,,,,,,,,,,"[0.262, 0.492, 0.246]","[12, 183, 184, 184, 184, 187, 187, 187, 189]","[1, 1, 1, 0, 0, 1, 1, 0, 0]",generalist,,,
Water_Salinas_CA,59,191,59,195,0.5,1.0,,,,,,,,,,,"[0.269, 0.485, 0.246]","[59, 191, 191, 191, 191, 193, 193, 195, 195]","[1, 1, 1, 0, 0, 0, 0, 1, 1]",wild animal,,,
Water_Salinas_CA,66,198,66,204,0.5,1.0,,,,,,,,,,,"[0.266, 0.489, 0.245]","[66, 197, 197, 198, 198, 200, 200, 202, 202]","[1, 1, 1, 0, 0, 0, 0, 1, 1]",wild animal,,,
Water_Salinas_CA,39,39,46,45,0.56,0.0,,,,,,,,,,,"[0.731, 0.123, 0.145]","[39, 42, 45, 45, 46, 46, 46, 46, 46]","[0, 0, 0, 2, 1, 1, 1, 1, 0]",wild animal,,,
Water_Salinas_CA,46,214,215,46,0.5,2.0,,,,,,,,,,,"[0.214, 0.212, 0.574]","[46, 214, 215, 215, 215, 215, 215, 215, 215]","[2, 0, 1, 1, 1, 1, 1, 1, 1]",wild animal,,,
Water_Salinas_CA,17,182,17,187,0.49,1.0,,,,,,,,,,,"[0.266, 0.487, 0.247]","[17, 182, 182, 184, 184, 186, 187, 187, 187]","[1, 0, 0, 1, 1, 1, 0, 2, 1]",generalist,,,
Water_Salinas_CA,19,186,19,193,0.5,1.0,,,,,,,,,,,"[0.266, 0.489, 0.245]","[19, 186, 186, 187, 187, 190, 190, 191, 192]","[1, 0, 0, 1, 1, 0, 1, 1, 1]",generalist,,,
Water_Salinas_CA,18,183,18,190,0.5,1.0,,,,,,,,,,,"[0.267, 0.488, 0.245]","[18, 183, 183, 184, 184, 186, 187, 187, 189]","[1, 0, 0, 1, 1, 0, 1, 1, 0]",generalist,,,
Water_Salinas_CA,12,13,12,48,0.43,0.0,,,,,,,,,,,"[0.93, 0.055, 0.015]","[12, 12, 13, 13, 13, 15, 29, 40, 41]","[1, 1, 0, 0, 0, 0, 0, 0, 0]",generalist,,,
Water_Salinas_CA,26,26,32,33,0.57,0.0,,,,,,,,,,,"[0.906, 0.054, 0.041]","[26, 27, 27, 30, 31, 32, 32, 32, 33]","[0, 0, 0, 0, 0, 1, 1, 1, 2]",bovine,,,
Water_Salinas_CA,16,181,16,187,0.49,1.0,,,,,,,,,,,"[0.268, 0.488, 0.244]","[16, 181, 181, 183, 183, 185, 186, 187, 187]","[1, 0, 0, 1, 1, 1, 0, 1, 2]",generalist,,,
Water_Salinas_CA,64,195,64,200,0.5,1.0,,,,,,,,,,,"[0.267, 0.486, 0.246]","[64, 195, 195, 195, 195, 198, 199, 200, 200]","[1, 0, 1, 1, 0, 0, 0, 1, 1]",wild animal,,,
Water_Salinas_CA,17,17,23,29,0.57,0.0,,,,,,,,,,,"[0.918, 0.041, 0.041]","[17, 20, 21, 21, 21, 21, 21, 23, 23]","[0, 0, 0, 0, 0, 0, 0, 1, 1]",bovine,,,
Water_Salinas_CA,62,194,62,200,0.5,1.0,,,,,,,,,,,"[0.267, 0.486, 0.246]","[62, 194, 194, 194, 194, 195, 197, 198, 198]","[1, 1, 0, 1, 0, 0, 0, 1, 0]",wild animal,,,
Water_Salinas_CA,16,16,19,33,0.48,0.0,,,,,,,,,,,"[0.535, 0.268, 0.197]","[16, 19, 19, 20, 20, 20, 20, 20, 20]","[0, 1, 1, 1, 1, 1, 1, 0, 1]",generalist,,,
Water_Salinas_CA,5,5,5,5,0.5,2.0,,,,,,,,,,,"[0.213, 0.213, 0.575]","[5, 5, 5, 5, 5, 5, 5, 5, 5]","[2, 2, 1, 2, 0, 1, 2, 2, 2]",generalist,,,
Water_Salinas_CA,1,5,1,6,0.97,1.0,,,,,,,,,,,"[0.113, 0.793, 0.093]","[1, 3, 3, 4, 4, 5, 5, 5, 6]","[1, 1, 1, 1, 1, 1, 1, 0, 1]",poultry,,,
Water_Salinas_CA,16,183,16,190,0.5,1.0,,,,,,,,,,,"[0.266, 0.489, 0.245]","[16, 183, 183, 184, 184, 187, 187, 187, 189]","[1, 0, 0, 1, 1, 0, 1, 1, 0]",generalist,,,
Water_Salinas_CA,55,187,55,194,0.5,1.0,,,,,,,,,,,"[0.267, 0.488, 0.246]","[55, 187, 187, 187, 187, 190, 191, 191, 192]","[1, 1, 0, 0, 1, 0, 1, 0, 1]",wild animal,,,
Water_Salinas_CA,67,197,67,202,0.5,1.0,,,,,,,,,,,"[0.267, 0.488, 0.246]","[67, 195, 197, 197, 197, 199, 200, 200, 200]","[1, 1, 0, 1, 0, 0, 0, 1, 1]",wild animal,,,
Water_Salinas_CA,157,182,233,157,0.5,2.0,,,,,,,,,,,"[0.289, 0.192, 0.519]","[157, 182, 195, 195, 195, 195, 195, 195, 195]","[2, 0, 0, 0, 0, 0, 0, 2, 0]",wild animal,,,
Water_Salinas_CA,64,195,64,200,0.5,1.0,,,,,,,,,,,"[0.267, 0.486, 0.246]","[64, 195, 195, 195, 195, 198, 199, 200, 200]","[1, 1, 0, 1, 0, 0, 0, 1, 1]",wild animal,,,
Water_Salinas_CA,25,25,31,33,0.57,0.0,,,,,,,,,,,"[0.917, 0.047, 0.036]","[25, 27, 27, 27, 30, 31, 31, 31, 32]","[0, 0, 0, 0, 0, 1, 1, 1, 0]",bovine,,,
Water_Salinas_CA,59,190,59,195,0.5,1.0,,,,,,,,,,,"[0.267, 0.486, 0.246]","[59, 190, 190, 190, 190, 192, 193, 194, 194]","[1, 1, 0, 1, 0, 0, 0, 1, 1]",wild animal,,,
Water_Salinas_CA,59,191,59,197,0.5,1.0,,,,,,,,,,,"[0.267, 0.486, 0.246]","[59, 191, 191, 191, 191, 193, 194, 195, 195]","[1, 1, 0, 1, 0, 0, 0, 1, 1]",wild animal,,,
Water_Salinas_CA,6,21,6,22,0.99,1.0,,,,,,,,,,,"[0.124, 0.76, 0.116]","[6, 6, 6, 21, 21, 22, 22, 22, 22]","[1, 1, 1, 1, 0, 0, 0, 2, 0]",poultry,,,
Water_Salinas_CA,17,17,74,54,0.99,0.0,,,,,,,,,,,"[0.978, 0.009, 0.013]","[17, 21, 21, 21, 24, 54, 71, 71, 71]","[0, 0, 0, 0, 0, 2, 2, 2, 2]",bovine,,,
Water_Salinas_CA,27,27,40,31,0.49,0.0,,,,,,,,,,,"[0.459, 0.129, 0.412]","[27, 31, 36, 37, 38, 38, 38, 39, 39]","[0, 2, 2, 0, 0, 2, 2, 0, 2]",generalist,,,
Water_Salinas_CA,5,5,6,8,0.66,0.0,,,,,,,,,,,"[0.795, 0.094, 0.111]","[5, 6, 6, 6, 8, 8, 8, 9, 9]","[0, 0, 1, 0, 0, 2, 2, 0, 2]",bovine,,,
Water_Salinas_CA,138,164,218,138,0.5,2.0,,,,,,,,,,,"[0.293, 0.191, 0.516]","[138, 164, 179, 179, 180, 180, 180, 180, 180]","[2, 0, 0, 0, 0, 2, 0, 0, 0]",wild animal,,,
Water_Salinas_CA,11,13,11,48,0.42,0.0,,,,,,,,,,,"[0.93, 0.055, 0.015]","[11, 11, 13, 13, 13, 13, 27, 39, 40]","[1, 1, 0, 0, 0, 0, 0, 0, 0]",generalist,,,
Water_Salinas_CA,57,189,57,195,0.5,1.0,,,,,,,,,,,"[0.267, 0.486, 0.246]","[57, 189, 189, 189, 189, 191, 192, 193, 193]","[1, 0, 1, 1, 0, 0, 0, 1, 1]",wild animal,,,
Water_Salinas_CA,77,77,91,91,0.57,0.0,,,,,,,,,,,"[0.556, 0.284, 0.16]","[77, 84, 91, 91, 95, 95, 100, 109, 110]","[0, 0, 1, 2, 1, 1, 1, 0, 0]",wild animal,,,
Water_Salinas_CA,25,189,25,195,0.5,1.0,,,,,,,,,,,"[0.266, 0.489, 0.245]","[25, 189, 189, 190, 190, 193, 193, 194, 195]","[1, 0, 0, 1, 1, 0, 1, 1, 0]",generalist,,,
Water_Salinas_CA,59,192,59,197,0.5,1.0,,,,,,,,,,,"[0.264, 0.494, 0.242]","[59, 191, 191, 192, 192, 195, 195, 195, 197]","[1, 1, 1, 0, 0, 1, 0, 1, 0]",wild animal,,,
Water_Salinas_CA,59,192,59,198,0.5,1.0,,,,,,,,,,,"[0.267, 0.486, 0.246]","[59, 192, 192, 192, 192, 194, 195, 195, 195]","[1, 1, 0, 1, 0, 0, 0, 1, 1]",wild animal,,,
Water_Salinas_CA,8,8,11,10,0.68,0.0,,,,,,,,,,,"[0.933, 0.034, 0.034]","[8, 8, 9, 9, 9, 10, 10, 10, 10]","[0, 0, 0, 0, 0, 0, 0, 2, 0]",bovine,,,
Water_Salinas_CA,64,197,64,203,0.5,1.0,,,,,,,,,,,"[0.267, 0.488, 0.245]","[64, 195, 195, 197, 197, 198, 200, 200, 200]","[1, 1, 1, 0, 0, 0, 0, 1, 1]",wild animal,,,
Water_Salinas_CA,60,192,60,198,0.5,1.0,,,,,,,,,,,"[0.267, 0.488, 0.246]","[60, 192, 192, 192, 192, 194, 195, 195, 195]","[1, 1, 0, 1, 0, 0, 1, 0, 1]",wild animal,,,
Water_Salinas_CA,96,96,102,111,0.53,0.0,,,,,,,,,,,"[0.732, 0.181, 0.087]","[96, 102, 102, 102, 108, 111, 114, 114, 119]","[0, 0, 1, 0, 1, 2, 1, 1, 1]",wild animal,,,
Water_Salinas_CA,60,193,60,198,0.5,1.0,,,,,,,,,,,"[0.267, 0.485, 0.248]","[60, 193, 193, 194, 194, 195, 195, 197, 197]","[1, 0, 0, 1, 1, 0, 0, 1, 1]",wild animal,,,
Water_Salinas_CA,19,23,25,19,0.43,2.0,,,,,,,,,,,"[0.408, 0.179, 0.413]","[19, 23, 23, 25, 27, 27, 27, 27, 27]","[2, 0, 0, 1, 1, 1, 1, 1, 1]",generalist,,,
Water_Salinas_CA,1,1,13,4,1.0,0.0,,,,,,,,,,,"[0.962, 0.013, 0.025]","[1, 1, 1, 4, 4, 6, 13, 16, 17]","[0, 0, 0, 0, 2, 0, 1, 0, 1]",bovine,,,
Water_Salinas_CA,18,41,34,18,0.84,2.0,,,,,,,,,,,"[0.008, 0.008, 0.984]","[18, 19, 20, 20, 21, 25, 25, 27, 27]","[2, 2, 2, 2, 2, 2, 2, 2, 2]",swine,,,
Water_Salinas_CA,60,192,60,198,0.5,1.0,,,,,,,,,,,"[0.267, 0.488, 0.246]","[60, 191, 192, 192, 192, 194, 195, 195, 195]","[1, 1, 0, 0, 1, 0, 0, 1, 1]",wild animal,,,
Water_Salinas_CA,19,34,45,19,0.55,2.0,,,,,,,,,,,"[0.224, 0.148, 0.628]","[19, 34, 43, 43, 43, 45, 45, 46, 46]","[2, 0, 2, 2, 2, 1, 2, 0, 1]",swine,,,
Water_Salinas_CA,6,180,6,186,0.5,1.0,,,,,,,,,,,"[0.263, 0.49, 0.247]","[6, 180, 180, 180, 180, 184, 184, 184, 185]","[1, 0, 1, 1, 0, 0, 1, 1, 0]",generalist,,,
Water_Salinas_CA,9,182,9,187,0.5,1.0,,,,,,,,,,,"[0.263, 0.49, 0.247]","[9, 182, 182, 182, 182, 186, 186, 186, 187]","[1, 0, 1, 0, 1, 0, 1, 1, 0]",generalist,,,
Water_Salinas_CA,57,192,57,198,0.49,1.0,,,,,,,,,,,"[0.269, 0.484, 0.247]","[57, 192, 192, 194, 194, 195, 195, 195, 197]","[1, 0, 0, 1, 1, 0, 0, 1, 1]",wild animal,,,
Water_Salinas_CA,259,259,264,267,0.69,0.0,,,,,,,,,,,"[0.968, 0.016, 0.016]","[259, 259, 259, 260, 262, 264, 264, 264, 264]","[0, 0, 0, 0, 0, 0, 1, 0, 0]",wild animal,,,
Water_Salinas_CA,20,20,27,33,0.58,0.0,,,,,,,,,,,"[0.906, 0.047, 0.047]","[20, 24, 25, 26, 26, 26, 26, 27, 27]","[0, 0, 0, 0, 0, 0, 0, 0, 1]",bovine,,,
Water_Salinas_CA,39,41,39,48,0.52,0.0,,,,,,,,,,,"[0.848, 0.106, 0.045]","[39, 41, 41, 42, 42, 42, 43, 44, 45]","[1, 0, 0, 0, 0, 0, 1, 0, 0]",wild animal,,,
Water_Salinas_CA,20,35,36,20,0.77,2.0,,,,,,,,,,,"[0.122, 0.089, 0.79]","[20, 22, 32, 35, 35, 36, 37, 37, 38]","[2, 2, 2, 0, 0, 1, 2, 0, 2]",swine,,,
Water_Salinas_CA,5,5,16,18,0.47,0.0,,,,,,,,,,,"[0.534, 0.27, 0.196]","[5, 16, 16, 16, 16, 16, 16, 17, 17]","[0, 1, 1, 1, 1, 1, 1, 1, 0]",generalist,,,
Water_Salinas_CA,4,5,6,4,0.62,2.0,,,,,,,,,,,"[0.119, 0.119, 0.763]","[4, 4, 5, 5, 5, 5, 5, 5, 5]","[2, 2, 2, 2, 0, 0, 2, 2, 2]",swine,,,
Water_Salinas_CA,22,22,29,31,0.6,0.0,,,,,,,,,,,"[0.883, 0.065, 0.052]","[22, 24, 25, 27, 29, 29, 29, 29, 30]","[0, 0, 0, 0, 1, 1, 0, 1, 0]",bovine,,,
Water_Salinas_CA,16,18,16,74,1.0,1.0,,,,,,,,,,,"[0.044, 0.939, 0.017]","[16, 17, 17, 18, 19, 23, 25, 35, 72]","[1, 1, 1, 0, 1, 1, 1, 1, 0]",poultry,,,
Water_Salinas_CA,25,25,27,25,0.54,2.0,,,,,,,,,,,"[0.262, 0.096, 0.642]","[25, 25, 26, 27, 27, 27, 27, 27, 27]","[0, 2, 2, 2, 2, 2, 1, 1, 2]",swine,,,
Water_Salinas_CA,67,67,69,68,0.5,0.0,,,,,,,,,,,"[0.598, 0.055, 0.347]","[67, 68, 68, 68, 68, 68, 68, 68, 69]","[0, 2, 0, 2, 2, 0, 0, 2, 2]",wild animal,,,
Water_Salinas_CA,8,24,20,8,0.96,2.0,,,,,,,,,,,"[0.027, 0.028, 0.945]","[8, 8, 9, 15, 19, 20, 20, 21, 21]","[2, 2, 2, 2, 2, 2, 1, 1, 2]",swine,,,
Water_Salinas_CA,38,70,48,38,0.51,2.0,,,,,,,,,,,"[0.2, 0.29, 0.511]","[38, 48, 70, 72, 73, 73, 73, 73, 73]","[2, 1, 0, 2, 1, 0, 2, 0, 0]",generalist,,,
Water_Salinas_CA,38,43,38,368,1.0,1.0,,,,,,,,,,,"[0.385, 0.476, 0.139]","[38, 43, 64, 365, 365, 366, 366, 366, 368]","[1, 0, 1, 0, 0, 0, 0, 0, 2]",poultry,,,
Water_Salinas_CA,6,6,8,6,0.5,2.0,,,,,,,,,,,"[0.176, 0.07, 0.754]","[6, 6, 6, 6, 6, 6, 8, 8, 8]","[2, 0, 2, 2, 2, 0, 2, 2, 2]",generalist,,,
Water_Salinas_CA,18,18,75,55,0.99,0.0,,,,,,,,,,,"[0.978, 0.009, 0.013]","[18, 22, 22, 22, 25, 55, 72, 72, 72]","[0, 0, 0, 0, 0, 2, 2, 2, 2]",bovine,,,
Water_Salinas_CA,20,20,23,35,0.39,0.0,,,,,,,,,,,"[0.453, 0.427, 0.12]","[20, 23, 24, 30, 31, 33, 34, 35, 35]","[0, 1, 1, 1, 0, 1, 0, 2, 2]",generalist,,,
Water_Salinas_CA,2629,2630,2629,2632,0.5,1.0,,,,,,,,,,,"[0.255, 0.629, 0.117]","[2629, 2629, 2630, 2631, 2632, 2632, 2634, 2640, 2643]","[1, 1, 0, 1, 2, 1, 0, 1, 0]",wild animal,,,
Water_Salinas_CA,24,24,27,27,0.54,0.0,,,,,,,,,,,"[0.721, 0.15, 0.129]","[24, 26, 27, 27, 27, 27, 27, 27, 27]","[0, 0, 1, 0, 1, 1, 1, 2, 1]",bovine,,,
Water_Salinas_CA,30,53,46,30,0.74,2.0,,,,,,,,,,,"[0.007, 0.007, 0.986]","[30, 31, 32, 32, 33, 36, 37, 39, 40]","[2, 2, 2, 2, 2, 2, 2, 2, 2]",swine,,,
Water_Salinas_CA,84,84,97,97,0.56,0.0,,,,,,,,,,,"[0.545, 0.297, 0.158]","[84, 90, 97, 97, 101, 101, 106, 116, 118]","[0, 0, 2, 1, 1, 1, 1, 0, 0]",wild animal,,,
Water_Salinas_CA,6,21,6,36,0.99,1.0,,,,,,,,,,,"[0.064, 0.875, 0.061]","[6, 6, 11, 13, 13, 13, 21, 22, 22]","[1, 1, 1, 1, 1, 1, 0, 0, 0]",poultry,,,
Water_Salinas_CA,20,34,45,20,0.55,2.0,,,,,,,,,,,"[0.225, 0.146, 0.629]","[20, 34, 43, 43, 43, 45, 45, 46, 46]","[2, 0, 2, 2, 2, 1, 2, 0, 1]",swine,,,
Water_Salinas_CA,187,189,189,187,0.5,2.0,,,,,,,,,,,"[0.293, 0.286, 0.42]","[187, 189, 189, 189, 189, 189, 190, 190, 190]","[2, 0, 1, 0, 1, 1, 2, 0, 0]",wild animal,,,
Water_Salinas_CA,4,4,15,17,0.47,0.0,,,,,,,,,,,"[0.534, 0.27, 0.196]","[4, 15, 15, 15, 15, 15, 15, 16, 16]","[0, 1, 1, 1, 1, 1, 1, 1, 0]",generalist,,,
Water_Salinas_CA,58,225,228,58,0.5,2.0,,,,,,,,,,,"[0.214, 0.209, 0.576]","[58, 225, 225, 227, 228, 228, 228, 228, 228]","[2, 2, 0, 0, 1, 1, 1, 1, 1]",wild animal,,,
Water_Salinas_CA,71,71,85,85,0.58,0.0,,,,,,,,,,,"[0.563, 0.279, 0.158]","[71, 77, 85, 85, 89, 89, 93, 102, 104]","[0, 0, 1, 2, 1, 1, 1, 0, 0]",wild animal,,,
Water_Salinas_CA,79,79,93,92,0.56,0.0,,,,,,,,,,,"[0.546, 0.287, 0.167]","[79, 87, 92, 93, 97, 97, 102, 111, 111]","[0, 0, 2, 1, 1, 1, 1, 0, 0]",wild animal,,,
Water_Salinas_CA,22,22,79,58,0.98,0.0,,,,,,,,,,,"[0.977, 0.009, 0.013]","[22, 26, 26, 26, 29, 58, 76, 76, 76]","[0, 0, 0, 0, 0, 2, 2, 2, 2]",bovine,,,
Water_Salinas_CA,62,194,62,200,0.5,1.0,,,,,,,,,,,"[0.267, 0.486, 0.246]","[62, 194, 194, 194, 194, 195, 197, 198, 198]","[1, 1, 1, 0, 0, 0, 0, 1, 1]",wild animal,,,
Water_Salinas_CA,270,270,275,278,0.69,0.0,,,,,,,,,,,"[0.969, 0.017, 0.014]","[270, 270, 271, 272, 275, 275, 275, 276, 277]","[0, 0, 0, 0, 0, 0, 1, 0, 0]",wild animal,,,
Water_Salinas_CA,66,197,66,204,0.5,1.0,,,,,,,,,,,"[0.271, 0.485, 0.244]","[66, 197, 197, 198, 198, 199, 200, 200, 202]","[1, 0, 0, 1, 1, 0, 1, 0, 1]",wild animal,,,
Water_Salinas_CA,54,54,102,61,0.87,2.0,,,,,,,,,,,"[0.073, 0.027, 0.9]","[54, 61, 71, 72, 73, 74, 76, 86, 93]","[0, 2, 2, 2, 2, 2, 2, 2, 2]",wild animal,,,
Water_Salinas_CA,111,111,113,111,0.5,0.0,,,,,,,,,,,"[0.576, 0.212, 0.212]","[111, 111, 111, 111, 111, 111, 111, 111, 111]","[0, 2, 0, 2, 0, 0, 2, 0, 2]",wild animal,,,
Water_Salinas_CA,35,35,74,82,0.92,0.0,,,,,,,,,,,"[0.969, 0.016, 0.015]","[35, 38, 41, 43, 54, 74, 77, 78, 78]","[0, 0, 0, 0, 0, 1, 0, 0, 0]",bovine,,,
Water_Salinas_CA,16,38,16,20,0.62,1.0,,,,,,,,,,,"[0.05, 0.9, 0.05]","[16, 16, 17, 17, 17, 18, 18, 19, 19]","[1, 1, 1, 1, 1, 1, 1, 1, 1]",poultry,,,
Water_Salinas_CA,32,43,32,43,0.48,1.0,,,,,,,,,,,"[0.253, 0.389, 0.359]","[32, 43, 43, 44, 45, 45, 45, 46, 46]","[1, 0, 2, 2, 2, 2, 2, 1, 2]",generalist,,,
Water_Salinas_CA,40,40,59,51,0.71,0.0,,,,,,,,,,,"[0.93, 0.035, 0.035]","[40, 41, 42, 44, 44, 45, 46, 46, 46]","[0, 0, 0, 0, 0, 0, 0, 0, 0]",wild animal,,,
Water_Salinas_CA,1,6,1,4,1.0,1.0,,,,,,,,,,,"[0.075, 0.851, 0.075]","[1, 1, 2, 2, 2, 2, 3, 3, 3]","[1, 1, 1, 1, 1, 1, 1, 1, 1]",poultry,,,
Water_Salinas_CA,4,20,4,19,1.0,1.0,,,,,,,,,,,"[0.133, 0.702, 0.165]","[4, 4, 8, 19, 20, 20, 21, 22, 22]","[1, 1, 1, 2, 0, 2, 2, 2, 1]",poultry,,,
Water_Salinas_CA,328,328,341,339,0.52,0.0,,,,,,,,,,,"[0.817, 0.071, 0.112]","[328, 330, 333, 339, 340, 340, 341, 342, 342]","[0, 0, 0, 2, 2, 2, 1, 2, 0]",wild animal,,,
Water_Salinas_CA,13,26,13,27,0.52,1.0,,,,,,,,,,,"[0.21, 0.579, 0.21]","[13, 25, 25, 25, 25, 25, 25, 25, 26]","[1, 1, 1, 1, 1, 1, 1, 1, 1]",generalist,,,
Water_Salinas_CA,18,20,18,24,0.65,1.0,,,,,,,,,,,"[0.23, 0.63, 0.14]","[18, 20, 20, 21, 24, 25, 25, 25, 26]","[1, 1, 0, 1, 2, 1, 1, 1, 0]",poultry,,,
Water_Salinas_CA,87,87,100,97,0.57,0.0,,,,,,,,,,,"[0.563, 0.271, 0.166]","[87, 92, 97, 100, 105, 105, 109, 118, 119]","[0, 0, 2, 1, 1, 1, 1, 0, 0]",wild animal,,,
Water_Salinas_CA,13,13,20,17,0.57,0.0,,,,,,,,,,,"[0.926, 0.037, 0.037]","[13, 15, 15, 16, 16, 16, 17, 17, 17]","[0, 0, 0, 0, 0, 0, 0, 0, 2]",bovine,,,
Water_Salinas_CA,65,197,65,203,0.5,1.0,,,,,,,,,,,"[0.269, 0.485, 0.246]","[65, 197, 197, 197, 197, 198, 200, 200, 200]","[1, 1, 0, 1, 0, 0, 0, 1, 1]",wild animal,,,
Water_Salinas_CA,79,79,93,92,0.56,0.0,,,,,,,,,,,"[0.553, 0.283, 0.164]","[79, 86, 92, 93, 97, 97, 102, 111, 111]","[0, 0, 2, 1, 1, 1, 1, 0, 0]",wild animal,,,
Water_Salinas_CA,13,15,13,16,0.53,1.0,,,,,,,,,,,"[0.263, 0.571, 0.165]","[13, 15, 15, 15, 16, 16, 16, 16, 16]","[1, 1, 0, 1, 1, 2, 1, 0, 1]",generalist,,,
Water_Salinas_CA,46,46,58,62,0.66,0.0,,,,,,,,,,,"[0.572, 0.309, 0.119]","[46, 51, 58, 62, 68, 68, 73, 83, 105]","[0, 0, 1, 2, 1, 1, 1, 0, 0]",wild animal,,,
Water_Salinas_CA,100,100,107,114,0.53,0.0,,,,,,,,,,,"[0.735, 0.174, 0.092]","[100, 106, 106, 107, 111, 114, 118, 118, 123]","[0, 0, 0, 1, 1, 2, 1, 1, 1]",wild animal,,,
Water_Salinas_CA,22,193,22,200,0.5,1.0,,,,,,,,,,,"[0.264, 0.49, 0.247]","[22, 193, 193, 194, 194, 198, 198, 199, 199]","[1, 0, 0, 1, 1, 1, 1, 0, 0]",generalist,,,
Water_Salinas_CA,93,93,96,93,0.5,0.0,,,,,,,,,,,"[0.511, 0.137, 0.353]","[93, 93, 95, 95, 96, 96, 96, 96, 96]","[0, 2, 0, 2, 0, 0, 1, 2, 0]",wild animal,,,
Water_Salinas_CA,104,104,110,118,0.53,0.0,,,,,,,,,,,"[0.731, 0.178, 0.091]","[104, 110, 110, 110, 116, 118, 122, 122, 127]","[0, 0, 1, 0, 1, 2, 1, 1, 1]",wild animal,,,
Water_Salinas_CA,25,29,31,25,0.44,2.0,,,,,,,,,,,"[0.402, 0.191, 0.407]","[25, 29, 29, 31, 32, 33, 33, 33, 33]","[2, 0, 0, 1, 1, 1, 1, 1, 1]",generalist,,,
Water_Salinas_CA,48,48,59,62,0.67,0.0,,,,,,,,,,,"[0.577, 0.306, 0.118]","[48, 51, 59, 62, 69, 69, 74, 84, 106]","[0, 0, 1, 2, 1, 1, 1, 0, 0]",wild animal,,,
Water_Salinas_CA,59,190,59,195,0.5,1.0,,,,,,,,,,,"[0.266, 0.489, 0.245]","[59, 189, 190, 190, 190, 192, 193, 193, 194]","[1, 1, 1, 0, 0, 0, 0, 1, 1]",wild animal,,,
Water_Salinas_CA,51,51,72,64,0.66,0.0,,,,,,,,,,,"[0.906, 0.047, 0.047]","[51, 54, 54, 57, 57, 58, 58, 59, 59]","[0, 0, 0, 0, 0, 0, 0, 0, 0]",wild animal,,,
Water_Salinas_CA,87,215,87,222,0.5,1.0,,,,,,,,,,,"[0.264, 0.487, 0.249]","[87, 215, 215, 216, 216, 218, 218, 218, 218]","[1, 0, 0, 1, 1, 0, 1, 0, 1]",wild animal,,,
Water_Salinas_CA,61,61,116,97,0.82,0.0,,,,,,,,,,,"[0.977, 0.01, 0.013]","[61, 65, 65, 65, 68, 97, 114, 114, 114]","[0, 0, 0, 0, 0, 2, 2, 2, 2]",wild animal,,,
Water_Salinas_CA,79,79,93,93,0.58,0.0,,,,,,,,,,,"[0.563, 0.279, 0.158]","[79, 84, 93, 93, 97, 97, 102, 111, 111]","[0, 0, 1, 2, 1, 1, 1, 0, 0]",wild animal,,,
Water_Salinas_CA,79,79,93,93,0.58,0.0,,,,,,,,,,,"[0.571, 0.275, 0.155]","[79, 84, 93, 93, 97, 97, 102, 111, 111]","[0, 0, 1, 2, 1, 1, 1, 0, 0]",wild animal,,,
Water_Salinas_CA,105,105,111,116,0.53,0.0,,,,,,,,,,,"[0.734, 0.166, 0.1]","[105, 110, 111, 111, 116, 116, 123, 123, 128]","[0, 0, 0, 1, 2, 1, 1, 1, 1]",wild animal,,,
Water_Salinas_CA,13,13,19,22,0.75,0.0,,,,,,,,,,,"[0.942, 0.031, 0.028]","[13, 13, 13, 16, 19, 19, 20, 20, 20]","[0, 0, 0, 0, 0, 1, 1, 1, 0]",bovine,,,
Water_Salinas_CA,37,37,76,83,0.91,0.0,,,,,,,,,,,"[0.97, 0.015, 0.015]","[37, 40, 43, 45, 55, 76, 79, 79, 80]","[0, 0, 0, 0, 0, 1, 0, 0, 0]",bovine,,,
Water_Salinas_CA,51,193,51,200,0.5,1.0,,,,,,,,,,,"[0.266, 0.49, 0.244]","[51, 193, 193, 194, 194, 197, 198, 198, 199]","[1, 0, 0, 1, 1, 1, 1, 0, 0]",wild animal,,,
Water_Salinas_CA,35,37,35,43,0.54,1.0,,,,,,,,,,,"[0.096, 0.834, 0.07]","[35, 35, 36, 36, 36, 37, 38, 38, 38]","[1, 1, 1, 1, 1, 0, 0, 1, 1]",poultry,,,
Water_Salinas_CA,15,15,20,17,0.53,0.0,,,,,,,,,,,"[0.663, 0.094, 0.243]","[15, 16, 17, 17, 17, 17, 18, 18, 18]","[0, 0, 2, 2, 2, 0, 0, 2, 2]",generalist,,,
Water_Salinas_CA,8,22,8,12,0.6,1.0,,,,,,,,,,,"[0.051, 0.76, 0.189]","[8, 10, 10, 10, 11, 12, 12, 20, 20]","[1, 1, 1, 1, 1, 2, 2, 2, 1]",poultry,,,
Water_Salinas_CA,21,21,23,24,0.5,0.0,,,,,,,,,,,"[0.599, 0.241, 0.16]","[21, 23, 23, 23, 24, 24, 24, 24, 24]","[0, 1, 1, 0, 1, 1, 1, 2, 1]",generalist,,,
Water_Salinas_CA,34,198,34,205,0.5,1.0,,,,,,,,,,,"[0.267, 0.486, 0.247]","[34, 198, 198, 199, 199, 200, 202, 203, 203]","[1, 0, 0, 1, 1, 0, 1, 1, 1]",generalist,,,
Water_Salinas_CA,79,79,93,91,0.57,0.0,,,,,,,,,,,"[0.558, 0.277, 0.166]","[79, 85, 91, 93, 97, 97, 102, 111, 111]","[0, 0, 2, 1, 1, 1, 1, 0, 0]",wild animal,,,
Water_Salinas_CA,70,70,84,85,0.57,0.0,,,,,,,,,,,"[0.551, 0.29, 0.159]","[70, 77, 84, 85, 88, 88, 93, 102, 102]","[0, 0, 1, 2, 1, 1, 1, 0, 0]",wild animal,,,
Water_Salinas_CA,18,19,21,18,0.58,2.0,,,,,,,,,,,"[0.191, 0.101, 0.707]","[18, 19, 19, 20, 21, 21, 21, 21, 21]","[2, 2, 0, 2, 2, 2, 1, 2, 2]",swine,,,
Water_Salinas_CA,308,308,324,322,0.52,0.0,,,,,,,,,,,"[0.819, 0.091, 0.091]","[308, 311, 316, 322, 322, 322, 322, 322, 322]","[0, 0, 0, 0, 0, 2, 2, 0, 0]",wild animal,,,
Water_Salinas_CA,10,10,16,19,0.8,0.0,,,,,,,,,,,"[0.942, 0.031, 0.028]","[10, 10, 11, 13, 16, 16, 17, 17, 17]","[0, 0, 0, 0, 0, 1, 0, 1, 1]",bovine,,,
Water_Salinas_CA,81,81,95,93,0.57,0.0,,,,,,,,,,,"[0.561, 0.278, 0.162]","[81, 87, 93, 95, 99, 99, 104, 113, 114]","[0, 0, 2, 1, 1, 1, 1, 0, 0]",wild animal,,,
Water_Salinas_CA,11,12,13,11,0.5,2.0,,,,,,,,,,,"[0.176, 0.07, 0.754]","[11, 12, 12, 12, 12, 12, 13, 13, 13]","[2, 0, 2, 2, 0, 2, 2, 2, 1]",generalist,,,
Water_Salinas_CA,86,86,100,99,0.57,0.0,,,,,,,,,,,"[0.55, 0.299, 0.151]","[86, 90, 99, 100, 102, 102, 107, 119, 120]","[0, 0, 2, 1, 1, 1, 1, 0, 0]",wild animal,,,
Water_Salinas_CA,12,12,12,12,0.46,2.0,,,,,,,,,,,"[0.201, 0.329, 0.47]","[12, 12, 12, 12, 13, 13, 13, 13, 13]","[0, 2, 1, 1, 2, 2, 1, 0, 0]",generalist,,,
Water_Salinas_CA,95,95,109,105,0.55,0.0,,,,,,,,,,,"[0.54, 0.29, 0.17]","[95, 101, 105, 109, 111, 111, 116, 125, 127]","[0, 0, 2, 1, 1, 1, 1, 0, 0]",wild animal,,,
Water_Salinas_CA,80,80,93,91,0.57,0.0,,,,,,,,,,,"[0.555, 0.275, 0.17]","[80, 86, 91, 93, 97, 97, 102, 111, 113]","[0, 0, 2, 1, 1, 1, 1, 0, 0]",wild animal,,,
Water_Salinas_CA,18,34,18,40,0.87,1.0,,,,,,,,,,,"[0.103, 0.799, 0.098]","[18, 18, 24, 26, 34, 34, 34, 35, 35]","[1, 1, 1, 1, 1, 0, 1, 1, 1]",poultry,,,
Water_Salinas_CA,54,54,72,382,1.0,1.0,,,,,,,,,,,"[0.398, 0.462, 0.139]","[54, 72, 78, 374, 375, 375, 375, 378, 378]","[0, 1, 1, 0, 0, 0, 0, 0, 1]",wild animal,,,
Water_Salinas_CA,308,308,327,325,0.52,0.0,,,,,,,,,,,"[0.785, 0.096, 0.119]","[308, 314, 319, 325, 326, 326, 327, 327, 327]","[0, 0, 0, 2, 2, 2, 0, 0, 2]",wild animal,,,
Water_Salinas_CA,13,13,18,15,0.6,0.0,,,,,,,,,,,"[0.776, 0.086, 0.138]","[13, 15, 15, 15, 16, 17, 17, 17, 17]","[0, 2, 0, 0, 0, 0, 0, 0, 0]",bovine,,,
Water_Salinas_CA,96,96,110,109,0.54,0.0,,,,,,,,,,,"[0.541, 0.3, 0.16]","[96, 102, 109, 110, 111, 111, 116, 127, 128]","[0, 0, 2, 1, 1, 1, 1, 0, 0]",wild animal,,,
Water_Salinas_CA,70,70,84,84,0.58,0.0,,,,,,,,,,,"[0.556, 0.284, 0.16]","[70, 76, 84, 84, 88, 88, 93, 102, 102]","[0, 0, 1, 2, 1, 1, 1, 0, 0]",wild animal,,,
Water_Salinas_CA,50,55,50,53,0.53,1.0,,,,,,,,,,,"[0.075, 0.851, 0.075]","[50, 50, 51, 51, 51, 51, 52, 52, 52]","[1, 1, 1, 1, 1, 1, 1, 1, 1]",wild animal,,,
Water_Salinas_CA,5,6,8,5,0.58,2.0,,,,,,,,,,,"[0.231, 0.145, 0.624]","[5, 6, 6, 6, 6, 6, 6, 6, 6]","[2, 2, 0, 2, 2, 2, 2, 2, 0]",swine,,,
Water_Salinas_CA,82,82,95,93,0.57,0.0,,,,,,,,,,,"[0.552, 0.285, 0.163]","[82, 87, 93, 95, 99, 99, 104, 114, 114]","[0, 0, 2, 1, 1, 1, 1, 0, 0]",wild animal,,,
Water_Salinas_CA,59,59,77,386,1.0,1.0,,,,,,,,,,,"[0.398, 0.463, 0.139]","[59, 77, 82, 378, 378, 378, 378, 382, 383]","[0, 1, 1, 0, 0, 0, 0, 1, 0]",wild animal,,,
Water_Salinas_CA,54,54,72,381,1.0,1.0,,,,,,,,,,,"[0.399, 0.462, 0.139]","[54, 72, 78, 375, 375, 375, 375, 378, 380]","[0, 1, 1, 0, 0, 0, 0, 0, 1]",wild animal,,,
Water_Salinas_CA,27,110,27,92,0.56,0.0,,,,,,,,,,,"[0.366, 0.358, 0.276]","[27, 92, 110, 116, 122, 132, 135, 140, 141]","[1, 2, 0, 0, 0, 1, 0, 0, 0]",bovine,,,
Water_Salinas_CA,84,84,97,97,0.57,0.0,,,,,,,,,,,"[0.568, 0.273, 0.159]","[84, 89, 97, 97, 102, 102, 107, 116, 116]","[0, 0, 2, 1, 1, 1, 1, 0, 0]",wild animal,,,
Water_Salinas_CA,82,82,96,93,0.57,0.0,,,,,,,,,,,"[0.558, 0.277, 0.166]","[82, 88, 93, 96, 100, 100, 105, 114, 115]","[0, 0, 2, 1, 1, 1, 1, 0, 0]",wild animal,,,
Water_Salinas_CA,84,84,97,96,0.57,0.0,,,,,,,,,,,"[0.558, 0.277, 0.166]","[84, 89, 96, 97, 102, 102, 107, 116, 116]","[0, 0, 2, 1, 1, 1, 1, 0, 0]",wild animal,,,
Water_Salinas_CA,74,74,88,88,0.57,0.0,,,,,,,,,,,"[0.548, 0.289, 0.163]","[74, 81, 88, 88, 92, 92, 97, 107, 107]","[0, 0, 1, 2, 1, 1, 1, 0, 0]",wild animal,,,
Water_Salinas_CA,31,195,31,204,0.5,1.0,,,,,,,,,,,"[0.268, 0.488, 0.244]","[31, 195, 195, 197, 198, 200, 200, 202, 203]","[1, 0, 0, 1, 1, 0, 1, 1, 0]",generalist,,,
Water_Salinas_CA,24,24,27,30,0.52,0.0,,,,,,,,,,,"[0.691, 0.192, 0.117]","[24, 27, 27, 27, 27, 27, 27, 27, 29]","[0, 0, 1, 1, 1, 1, 0, 0, 0]",generalist,,,
Water_Salinas_CA,12,12,13,12,0.5,2.0,,,,,,,,,,,"[0.392, 0.164, 0.444]","[12, 12, 13, 13, 13, 13, 13, 13, 13]","[2, 0, 2, 0, 2, 2, 2, 2, 2]",generalist,,,
Water_Salinas_CA,19,34,19,35,0.82,1.0,,,,,,,,,,,"[0.124, 0.76, 0.116]","[19, 20, 20, 34, 34, 35, 35, 35, 35]","[1, 1, 1, 1, 0, 2, 0, 0, 0]",poultry,,,
Water_Salinas_CA,13,13,18,15,0.54,0.0,,,,,,,,,,,"[0.663, 0.094, 0.243]","[13, 13, 15, 15, 15, 15, 16, 16, 16]","[0, 0, 2, 0, 2, 2, 2, 2, 0]",bovine,,,
Water_Salinas_CA,86,86,100,96,0.56,0.0,,,,,,,,,,,"[0.551, 0.271, 0.178]","[86, 92, 96, 100, 104, 104, 109, 118, 118]","[0, 0, 2, 1, 1, 1, 1, 0, 0]",wild animal,,,
Water_Salinas_CA,39,39,41,40,0.5,2.0,,,,,,,,,,,"[0.3, 0.166, 0.535]","[39, 40, 41, 41, 41, 41, 41, 42, 42]","[0, 2, 1, 2, 2, 2, 1, 2, 2]",wild animal,,,
Water_Salinas_CA,40,40,44,44,0.54,0.0,,,,,,,,,,,"[0.781, 0.11, 0.11]","[40, 41, 43, 44, 44, 44, 44, 44, 44]","[0, 0, 0, 1, 1, 1, 1, 1, 2]",wild animal,,,
Water_Salinas_CA,57,57,75,384,1.0,1.0,,,,,,,,,,,"[0.395, 0.465, 0.14]","[57, 75, 80, 377, 378, 378, 378, 381, 381]","[0, 1, 1, 0, 0, 0, 0, 0, 0]",wild animal,,,
Water_Salinas_CA,22,42,22,23,0.52,1.0,,,,,,,,,,,"[0.09, 0.474, 0.436]","[22, 23, 23, 23, 24, 24, 24, 24, 25]","[1, 2, 1, 1, 2, 2, 1, 2, 1]",generalist,,,
Water_Salinas_CA,77,77,91,91,0.57,0.0,,,,,,,,,,,"[0.563, 0.279, 0.158]","[77, 83, 91, 91, 95, 95, 100, 109, 110]","[0, 0, 2, 1, 1, 1, 1, 0, 0]",wild animal,,,
Water_Salinas_CA,88,88,102,100,0.57,0.0,,,,,,,,,,,"[0.558, 0.277, 0.166]","[88, 93, 100, 102, 106, 106, 111, 120, 120]","[0, 0, 2, 1, 1, 1, 1, 0, 0]",wild animal,,,
Water_Salinas_CA,146,146,199,151,0.51,0.0,,,,,,,,,,,"[0.876, 0.022, 0.101]","[146, 149, 151, 152, 153, 156, 161, 170, 171]","[0, 0, 2, 0, 2, 0, 0, 0, 0]",wild animal,,,
Water_Salinas_CA,11,11,15,13,0.62,0.0,,,,,,,,,,,"[0.901, 0.049, 0.049]","[11, 12, 12, 13, 13, 13, 13, 13, 13]","[0, 0, 0, 0, 0, 0, 2, 0, 0]",bovine,,,
Water_Salinas_CA,19,27,19,34,0.48,1.0,,,,,,,,,,,"[0.349, 0.452, 0.198]","[19, 27, 31, 32, 32, 32, 32, 32, 33]","[1, 0, 0, 1, 0, 1, 1, 1, 1]",generalist,,,
Water_Salinas_CA,17,17,22,17,0.5,2.0,,,,,,,,,,,"[0.392, 0.164, 0.444]","[17, 17, 18, 18, 18, 18, 18, 18, 18]","[2, 0, 2, 0, 2, 2, 2, 2, 2]",generalist,,,
Water_Salinas_CA,13,13,13,13,0.54,1.0,,,,,,,,,,,"[0.295, 0.411, 0.294]","[13, 13, 13, 13, 13, 13, 13, 13, 13]","[1, 0, 2, 1, 2, 2, 1, 2, 0]",poultry,,,
Water_Salinas_CA,108,108,118,122,0.53,0.0,,,,,,,,,,,"[0.738, 0.161, 0.1]","[108, 115, 115, 118, 122, 122, 129, 129, 134]","[0, 0, 0, 1, 1, 2, 1, 1, 1]",wild animal,,,
Water_Salinas_CA,17,17,38,35,0.9,0.0,,,,,,,,,,,"[0.936, 0.032, 0.032]","[17, 18, 22, 23, 34, 35, 35, 35, 35]","[0, 0, 0, 0, 0, 0, 0, 0, 0]",bovine,,,
Water_Salinas_CA,21,21,21,21,0.52,1.0,,,,,,,,,,,"[0.295, 0.411, 0.294]","[21, 21, 21, 21, 22, 22, 22, 22, 22]","[1, 2, 1, 0, 2, 2, 0, 1, 2]",generalist,,,
Water_Salinas_CA,327,327,342,339,0.52,0.0,,,,,,,,,,,"[0.813, 0.084, 0.103]","[327, 330, 334, 339, 340, 341, 341, 341, 341]","[0, 0, 0, 2, 2, 2, 2, 2, 2]",wild animal,,,
Water_Salinas_CA,85,85,99,95,0.57,0.0,,,,,,,,,,,"[0.552, 0.274, 0.174]","[85, 91, 95, 99, 102, 102, 108, 116, 118]","[0, 0, 2, 1, 1, 1, 1, 0, 0]",wild animal,,,
Water_Salinas_CA,111,111,116,123,0.53,0.0,,,,,,,,,,,"[0.734, 0.171, 0.095]","[111, 116, 116, 116, 123, 123, 129, 129, 134]","[0, 0, 0, 1, 2, 1, 1, 1, 1]",wild animal,,,
Water_Salinas_CA,93,93,108,105,0.56,0.0,,,,,,,,,,,"[0.56, 0.264, 0.175]","[93, 100, 105, 108, 111, 111, 116, 125, 125]","[0, 0, 2, 1, 1, 1, 1, 0, 0]",wild animal,,,
Water_Salinas_CA,110,110,116,123,0.53,0.0,,,,,,,,,,,"[0.728, 0.177, 0.095]","[110, 116, 116, 116, 122, 123, 128, 128, 133]","[0, 1, 0, 0, 1, 2, 1, 1, 1]",wild animal,,,
Water_Salinas_CA,146,146,199,151,0.51,0.0,,,,,,,,,,,"[0.877, 0.022, 0.101]","[146, 149, 151, 152, 152, 156, 160, 170, 171]","[0, 0, 2, 2, 0, 0, 0, 0, 0]",wild animal,,,
Water_Salinas_CA,45,46,45,54,0.52,0.0,,,,,,,,,,,"[0.876, 0.084, 0.039]","[45, 46, 46, 46, 46, 46, 48, 50, 50]","[1, 0, 0, 0, 0, 0, 1, 0, 0]",wild animal,,,
Water_Salinas_CA,88,88,102,99,0.57,0.0,,,,,,,,,,,"[0.555, 0.275, 0.17]","[88, 93, 99, 102, 106, 106, 111, 120, 120]","[0, 0, 2, 1, 1, 1, 1, 0, 0]",wild animal,,,
Water_Salinas_CA,80,210,80,218,0.5,1.0,,,,,,,,,,,"[0.269, 0.487, 0.244]","[80, 210, 210, 210, 212, 214, 215, 215, 216]","[1, 1, 0, 0, 1, 0, 0, 1, 1]",wild animal,,,
Water_Salinas_CA,84,84,97,96,0.57,0.0,,,,,,,,,,,"[0.558, 0.277, 0.166]","[84, 90, 96, 97, 102, 102, 107, 116, 116]","[0, 0, 2, 1, 1, 1, 1, 0, 0]",wild animal,,,
Water_Salinas_CA,320,320,337,334,0.52,0.0,,,,,,,,,,,"[0.801, 0.096, 0.103]","[320, 324, 329, 334, 335, 335, 335, 335, 335]","[0, 0, 0, 2, 0, 0, 0, 0, 2]",wild animal,,,
Water_Salinas_CA,80,80,93,92,0.58,0.0,,,,,,,,,,,"[0.565, 0.272, 0.163]","[80, 85, 92, 93, 97, 97, 102, 111, 113]","[0, 0, 2, 1, 1, 1, 1, 0, 0]",wild animal,,,
Water_Salinas_CA,87,216,87,222,0.5,1.0,,,,,,,,,,,"[0.27, 0.486, 0.244]","[87, 216, 216, 216, 217, 218, 218, 220, 221]","[1, 1, 0, 0, 1, 0, 0, 1, 1]",wild animal,,,
Water_Salinas_CA,90,90,104,100,0.57,0.0,,,,,,,,,,,"[0.567, 0.265, 0.168]","[90, 95, 100, 104, 108, 108, 113, 120, 123]","[0, 0, 2, 1, 1, 1, 1, 0, 0]",wild animal,,,
Water_Salinas_CA,80,80,97,97,0.6,0.0,,,,,,,,,,,"[0.943, 0.028, 0.028]","[80, 81, 86, 91, 92, 92, 97, 97, 97]","[0, 0, 0, 0, 0, 0, 2, 0, 1]",wild animal,,,
Water_Salinas_CA,41,41,46,48,0.55,0.0,,,,,,,,,,,"[0.89, 0.055, 0.055]","[41, 43, 43, 44, 46, 46, 46, 46, 46]","[0, 0, 0, 0, 1, 0, 1, 0, 1]",wild animal,,,
Water_Salinas_CA,21,21,26,21,0.52,0.0,,,,,,,,,,,"[0.801, 0.044, 0.155]","[21, 21, 22, 22, 22, 23, 24, 24, 24]","[0, 2, 0, 0, 0, 2, 2, 2, 0]",generalist,,,
Water_Salinas_CA,85,212,85,216,0.5,1.0,,,,,,,,,,,"[0.269, 0.485, 0.246]","[85, 210, 212, 212, 213, 214, 214, 216, 216]","[1, 1, 0, 0, 1, 0, 0, 1, 2]",wild animal,,,
Water_Salinas_CA,97,97,111,110,0.54,0.0,,,,,,,,,,,"[0.538, 0.298, 0.164]","[97, 105, 110, 111, 114, 114, 119, 129, 130]","[0, 0, 2, 1, 1, 1, 1, 0, 0]",wild animal,,,
Water_Salinas_CA,80,80,93,92,0.58,0.0,,,,,,,,,,,"[0.565, 0.272, 0.163]","[80, 85, 92, 93, 97, 97, 102, 111, 113]","[0, 0, 2, 1, 1, 1, 1, 0, 0]",wild animal,,,
Water_Salinas_CA,84,213,84,218,0.5,1.0,,,,,,,,,,,"[0.271, 0.483, 0.246]","[84, 213, 213, 215, 215, 215, 217, 218, 218]","[1, 0, 0, 1, 0, 1, 1, 1, 0]",wild animal,,,
Water_Salinas_CA,113,113,123,127,0.53,0.0,,,,,,,,,,,"[0.731, 0.166, 0.103]","[113, 120, 120, 123, 127, 127, 134, 134, 139]","[0, 0, 0, 1, 2, 1, 1, 1, 1]",wild animal,,,
Water_Salinas_CA,85,213,85,218,0.5,1.0,,,,,,,,,,,"[0.271, 0.485, 0.244]","[85, 213, 213, 214, 214, 216, 216, 217, 218]","[1, 0, 0, 1, 1, 0, 0, 1, 1]",wild animal,,,
Water_Salinas_CA,84,215,84,221,0.5,1.0,,,,,,,,,,,"[0.268, 0.487, 0.245]","[84, 215, 215, 215, 215, 216, 218, 218, 218]","[1, 1, 0, 0, 1, 0, 0, 1, 1]",wild animal,,,
Water_Salinas_CA,32,64,66,32,0.87,2.0,,,,,,,,,,,"[0.078, 0.078, 0.844]","[32, 33, 33, 33, 34, 34, 34, 34, 34]","[2, 2, 2, 2, 2, 2, 2, 2, 2]",swine,,,
Water_Salinas_CA,100,100,114,110,0.55,0.0,,,,,,,,,,,"[0.54, 0.29, 0.17]","[100, 106, 110, 114, 116, 116, 120, 131, 132]","[0, 0, 2, 1, 1, 1, 1, 0, 0]",wild animal,,,
Water_Salinas_CA,93,93,107,102,0.56,0.0,,,,,,,,,,,"[0.552, 0.274, 0.174]","[93, 99, 102, 107, 111, 111, 116, 125, 125]","[0, 0, 2, 1, 1, 1, 1, 0, 0]",wild animal,,,
Water_Salinas_CA,92,92,106,102,0.56,0.0,,,,,,,,,,,"[0.552, 0.274, 0.174]","[92, 97, 102, 106, 110, 110, 115, 124, 125]","[0, 0, 2, 1, 1, 1, 1, 0, 0]",wild animal,,,
Water_Salinas_CA,93,93,107,105,0.57,0.0,,,,,,,,,,,"[0.582, 0.247, 0.171]","[93, 99, 105, 107, 113, 113, 118, 124, 125]","[0, 0, 2, 1, 1, 1, 1, 0, 0]",wild animal,,,
Water_Salinas_CA,37,51,38,37,0.65,1.0,,,,,,,,,,,"[0.033, 0.877, 0.09]","[37, 38, 39, 39, 40, 41, 42, 42, 48]","[2, 1, 1, 1, 1, 1, 1, 1, 1]",poultry,,,
Water_Salinas_CA,59,218,59,226,0.5,1.0,,,,,,,,,,,"[0.265, 0.489, 0.246]","[59, 218, 218, 220, 220, 223, 225, 225, 225]","[1, 0, 0, 1, 1, 1, 0, 1, 0]",wild animal,,,
Water_Salinas_CA,91,218,91,223,0.5,1.0,,,,,,,,,,,"[0.269, 0.488, 0.242]","[91, 217, 218, 218, 218, 221, 221, 222, 223]","[1, 1, 1, 0, 0, 0, 0, 1, 1]",wild animal,,,
Water_Salinas_CA,102,102,116,116,0.56,0.0,,,,,,,,,,,"[0.56, 0.283, 0.158]","[102, 108, 116, 116, 120, 120, 125, 135, 136]","[0, 0, 2, 1, 1, 1, 1, 0, 0]",wild animal,,,
Water_Salinas_CA,91,91,105,101,0.57,0.0,,,,,,,,,,,"[0.56, 0.269, 0.171]","[91, 96, 101, 105, 109, 109, 114, 123, 124]","[0, 0, 2, 1, 1, 1, 1, 0, 0]",wild animal,,,
Water_Salinas_CA,54,218,54,223,0.5,1.0,,,,,,,,,,,"[0.263, 0.488, 0.248]","[54, 218, 218, 218, 218, 222, 222, 223, 223]","[1, 1, 1, 0, 0, 0, 0, 1, 0]",wild animal,,,
Water_Salinas_CA,221,227,221,230,0.51,1.0,,,,,,,,,,,"[0.398, 0.453, 0.149]","[221, 222, 227, 227, 228, 230, 230, 231, 231]","[1, 1, 0, 0, 0, 0, 2, 0, 0]",wild animal,,,
Water_Salinas_CA,82,212,82,218,0.5,1.0,,,,,,,,,,,"[0.27, 0.484, 0.245]","[82, 212, 212, 212, 212, 212, 215, 216, 216]","[1, 1, 1, 0, 0, 0, 0, 0, 1]",wild animal,,,
Water_Salinas_CA,93,223,93,228,0.5,1.0,,,,,,,,,,,"[0.266, 0.485, 0.249]","[93, 223, 223, 223, 225, 226, 227, 227, 227]","[1, 0, 0, 1, 1, 0, 1, 0, 1]",wild animal,,,
Water_Salinas_CA,223,228,223,235,0.51,1.0,,,,,,,,,,,"[0.354, 0.495, 0.15]","[223, 227, 228, 230, 231, 231, 231, 231, 232]","[1, 1, 0, 1, 0, 0, 0, 0, 1]",wild animal,,,
Water_Salinas_CA,48,212,48,218,0.5,1.0,,,,,,,,,,,"[0.261, 0.49, 0.249]","[48, 212, 212, 212, 212, 215, 216, 216, 216]","[1, 0, 1, 1, 0, 1, 1, 0, 0]",wild animal,,,
Water_Salinas_CA,48,48,62,59,0.62,0.0,,,,,,,,,,,"[0.974, 0.013, 0.013]","[48, 48, 48, 53, 54, 54, 59, 59, 59]","[0, 0, 0, 0, 0, 0, 0, 0, 0]",wild animal,,,
Water_Salinas_CA,86,215,86,221,0.5,1.0,,,,,,,,,,,"[0.266, 0.487, 0.247]","[86, 215, 215, 215, 215, 218, 218, 218, 218]","[1, 1, 0, 0, 1, 0, 0, 1, 1]",wild animal,,,
Water_Salinas_CA,34,34,40,41,0.59,0.0,,,,,,,,,,,"[0.94, 0.03, 0.03]","[34, 34, 35, 37, 39, 40, 40, 40, 40]","[0, 0, 0, 0, 0, 1, 0, 1, 0]",bovine,,,
Water_Salinas_CA,91,91,105,104,0.56,0.0,,,,,,,,,,,"[0.56, 0.275, 0.165]","[91, 97, 104, 105, 109, 109, 114, 122, 123]","[0, 0, 2, 1, 1, 1, 1, 0, 0]",wild animal,,,
Water_Salinas_CA,83,215,83,221,0.5,1.0,,,,,,,,,,,"[0.267, 0.488, 0.245]","[83, 214, 215, 215, 215, 216, 218, 218, 218]","[1, 1, 0, 1, 0, 0, 0, 1, 1]",wild animal,,,
Water_Salinas_CA,99,99,113,110,0.55,0.0,,,,,,,,,,,"[0.553, 0.269, 0.178]","[99, 106, 110, 113, 116, 116, 122, 130, 130]","[0, 0, 2, 1, 1, 1, 1, 0, 0]",wild animal,,,
Water_Salinas_CA,53,53,58,59,0.53,0.0,,,,,,,,,,,"[0.896, 0.058, 0.047]","[53, 55, 55, 55, 58, 58, 58, 59, 59]","[0, 0, 0, 0, 1, 1, 0, 2, 0]",wild animal,,,
Water_Salinas_CA,106,106,120,116,0.55,0.0,,,,,,,,,,,"[0.551, 0.276, 0.173]","[106, 111, 116, 120, 124, 124, 128, 138, 138]","[0, 0, 2, 1, 1, 1, 1, 0, 0]",wild animal,,,
Water_Salinas_CA,70,71,70,79,0.51,0.0,,,,,,,,,,,"[0.83, 0.111, 0.059]","[70, 71, 72, 72, 72, 72, 74, 74, 74]","[1, 0, 0, 0, 0, 0, 0, 0, 1]",wild animal,,,
Water_Salinas_CA,151,151,222,227,0.57,0.0,,,,,,,,,,,"[0.673, 0.172, 0.154]","[151, 195, 222, 222, 223, 223, 226, 227, 227]","[0, 0, 1, 1, 1, 0, 0, 2, 0]",wild animal,,,
Water_Salinas_CA,58,58,345,353,1.0,0.0,,,,,,,,,,,"[0.782, 0.11, 0.108]","[58, 65, 345, 346, 347, 347, 348, 348, 349]","[0, 0, 1, 1, 1, 0, 1, 1, 1]",wild animal,,,
Water_Salinas_CA,116,116,125,129,0.53,0.0,,,,,,,,,,,"[0.74, 0.16, 0.1]","[116, 122, 123, 125, 129, 130, 137, 137, 142]","[0, 0, 0, 1, 2, 1, 1, 1, 1]",wild animal,,,
Water_Salinas_CA,111,238,111,244,0.5,1.0,,,,,,,,,,,"[0.265, 0.489, 0.246]","[111, 238, 238, 238, 238, 241, 241, 241, 241]","[1, 0, 1, 1, 0, 1, 0, 0, 1]",wild animal,,,
Water_Salinas_CA,43,43,46,48,0.51,0.0,,,,,,,,,,,"[0.653, 0.184, 0.163]","[43, 46, 46, 46, 48, 48, 48, 48, 48]","[0, 0, 1, 0, 0, 0, 1, 1, 2]",wild animal,,,
Water_Salinas_CA,2499,2501,2499,2503,0.5,0.0,,,,,,,,,,,"[0.879, 0.067, 0.054]","[2499, 2501, 2501, 2501, 2503, 2503, 2503, 2504, 2506]","[1, 0, 0, 0, 0, 0, 2, 0, 1]",wild animal,,,
Water_Salinas_CA,102,231,102,236,0.5,1.0,,,,,,,,,,,"[0.27, 0.486, 0.245]","[102, 230, 231, 231, 231, 232, 233, 235, 235]","[1, 1, 1, 0, 0, 0, 0, 0, 1]",wild animal,,,
Water_Salinas_CA,58,58,73,70,0.6,0.0,,,,,,,,,,,"[0.978, 0.011, 0.011]","[58, 58, 59, 62, 62, 62, 69, 69, 69]","[0, 0, 0, 0, 0, 0, 0, 0, 0]",wild animal,,,
Water_Salinas_CA,114,241,114,245,0.5,1.0,,,,,,,,,,,"[0.269, 0.485, 0.246]","[114, 241, 241, 241, 241, 243, 244, 245, 246]","[1, 1, 1, 0, 0, 0, 0, 2, 1]",wild animal,,,
Water_Salinas_CA,102,102,116,113,0.56,0.0,,,,,,,,,,,"[0.552, 0.274, 0.174]","[102, 108, 113, 116, 120, 120, 125, 136, 136]","[0, 0, 2, 1, 1, 1, 1, 0, 0]",wild animal,,,
Water_Salinas_CA,114,114,123,125,0.53,0.0,,,,,,,,,,,"[0.73, 0.164, 0.107]","[114, 120, 122, 123, 125, 128, 135, 135, 140]","[0, 0, 0, 1, 2, 1, 1, 1, 1]",wild animal,,,
Water_Salinas_CA,105,105,116,116,0.56,0.0,,,,,,,,,,,"[0.578, 0.258, 0.164]","[105, 110, 116, 116, 123, 123, 128, 134, 136]","[0, 0, 2, 1, 1, 1, 1, 0, 1]",wild animal,,,
Water_Salinas_CA,95,95,109,105,0.56,0.0,,,,,,,,,,,"[0.551, 0.271, 0.178]","[95, 101, 105, 109, 113, 113, 118, 127, 127]","[0, 0, 2, 1, 1, 1, 1, 0, 0]",wild animal,,,
Water_Salinas_CA,128,128,135,138,0.53,0.0,,,,,,,,,,,"[0.736, 0.159, 0.105]","[128, 133, 134, 135, 138, 140, 146, 146, 150]","[0, 0, 0, 1, 2, 1, 1, 1, 0]",wild animal,,,
Water_Salinas_CA,186,215,265,186,0.5,2.0,,,,,,,,,,,"[0.298, 0.189, 0.513]","[186, 215, 228, 228, 228, 228, 228, 230, 230]","[2, 0, 0, 0, 0, 0, 0, 0, 0]",wild animal,,,
Water_Salinas_CA,57,57,95,83,0.73,0.0,,,,,,,,,,,"[0.886, 0.057, 0.057]","[57, 57, 57, 58, 58, 58, 58, 58, 58]","[0, 0, 0, 0, 0, 0, 0, 0, 0]",wild animal,,,
Water_Salinas_CA,92,92,106,104,0.57,0.0,,,,,,,,,,,"[0.565, 0.272, 0.163]","[92, 97, 104, 106, 110, 110, 115, 124, 125]","[0, 0, 2, 1, 1, 1, 1, 0, 0]",wild animal,,,
Water_Salinas_CA,152,277,152,284,0.5,1.0,,,,,,,,,,,"[0.271, 0.484, 0.245]","[152, 277, 277, 277, 279, 280, 281, 282, 282]","[1, 0, 1, 0, 1, 0, 0, 1, 1]",wild animal,,,
Water_Salinas_CA,110,110,124,120,0.55,0.0,,,,,,,,,,,"[0.551, 0.271, 0.178]","[110, 116, 120, 124, 128, 128, 133, 142, 142]","[0, 0, 2, 1, 1, 1, 1, 0, 0]",wild animal,,,
Water_Salinas_CA,163,163,216,168,0.51,0.0,,,,,,,,,,,"[0.877, 0.022, 0.101]","[163, 166, 168, 169, 169, 173, 177, 187, 187]","[0, 0, 2, 2, 0, 0, 0, 0, 0]",wild animal,,,
Water_Salinas_CA,130,132,133,130,0.5,2.0,,,,,,,,,,,"[0.43, 0.121, 0.449]","[130, 132, 132, 132, 132, 132, 133, 133, 133]","[2, 0, 0, 2, 0, 0, 0, 1, 2]",wild animal,,,
Water_Salinas_CA,118,118,127,130,0.53,0.0,,,,,,,,,,,"[0.73, 0.164, 0.107]","[118, 125, 125, 127, 130, 132, 139, 139, 144]","[0, 0, 0, 1, 2, 1, 1, 1, 1]",wild animal,,,
Water_Salinas_CA,74,88,100,74,0.53,2.0,,,,,,,,,,,"[0.196, 0.127, 0.677]","[74, 88, 96, 96, 97, 97, 100, 101, 102]","[2, 0, 2, 2, 2, 2, 1, 1, 0]",wild animal,,,
Water_Salinas_CA,120,120,135,131,0.54,0.0,,,,,,,,,,,"[0.555, 0.278, 0.168]","[120, 127, 131, 135, 137, 137, 142, 150, 152]","[0, 0, 2, 1, 1, 1, 1, 0, 0]",wild animal,,,
Water_Salinas_CA,171,171,225,176,0.51,0.0,,,,,,,,,,,"[0.881, 0.021, 0.098]","[171, 174, 176, 176, 177, 181, 185, 195, 195]","[0, 0, 0, 2, 2, 0, 0, 0, 0]",wild animal,,,
Water_Salinas_CA,177,177,227,182,0.51,0.0,,,,,,,,,,,"[0.878, 0.022, 0.101]","[177, 180, 182, 182, 183, 187, 191, 200, 200]","[0, 0, 2, 0, 2, 0, 0, 0, 0]",wild animal,,,
Water_Salinas_CA,74,75,74,82,0.51,0.0,,,,,,,,,,,"[0.888, 0.074, 0.039]","[74, 75, 76, 76, 76, 76, 77, 77, 78]","[1, 0, 0, 0, 0, 0, 0, 0, 1]",wild animal,,,
Water_Salinas_CA,113,113,127,123,0.55,0.0,,,,,,,,,,,"[0.56, 0.269, 0.171]","[113, 118, 123, 127, 131, 131, 136, 145, 146]","[0, 0, 2, 1, 1, 1, 1, 0, 0]",wild animal,,,
Water_Salinas_CA,91,91,110,414,0.99,1.0,,,,,,,,,,,"[0.394, 0.466, 0.14]","[91, 110, 114, 410, 411, 411, 411, 411, 413]","[0, 1, 1, 0, 0, 0, 0, 0, 1]",wild animal,,,
Water_Salinas_CA,83,83,101,406,1.0,1.0,,,,,,,,,,,"[0.393, 0.467, 0.14]","[83, 101, 106, 401, 403, 403, 403, 404, 405]","[0, 1, 1, 0, 0, 0, 0, 0, 1]",wild animal,,,
Water_Salinas_CA,156,276,156,283,0.5,1.0,,,,,,,,,,,"[0.272, 0.487, 0.241]","[156, 276, 276, 276, 277, 279, 281, 282, 282]","[1, 0, 1, 0, 1, 0, 1, 1, 0]",wild animal,,,
Water_Salinas_CA,132,132,147,144,0.54,0.0,,,,,,,,,,,"[0.554, 0.28, 0.166]","[132, 138, 144, 147, 150, 150, 155, 165, 166]","[0, 0, 2, 1, 1, 1, 1, 0, 0]",wild animal,,,
Water_Salinas_CA,150,279,150,284,0.5,1.0,,,,,,,,,,,"[0.261, 0.49, 0.249]","[150, 277, 279, 279, 279, 280, 280, 280, 281]","[1, 1, 1, 0, 0, 1, 0, 0, 1]",wild animal,,,
Water_Salinas_CA,131,131,145,141,0.54,0.0,,,,,,,,,,,"[0.551, 0.271, 0.178]","[131, 137, 141, 145, 149, 149, 154, 163, 163]","[0, 0, 2, 1, 1, 1, 1, 0, 0]",wild animal,,,
Water_Salinas_CA,125,125,140,136,0.55,0.0,,,,,,,,,,,"[0.559, 0.264, 0.176]","[125, 131, 136, 140, 144, 144, 149, 158, 158]","[0, 0, 2, 1, 1, 1, 1, 0, 0]",wild animal,,,
Water_Salinas_CA,178,178,232,183,0.51,0.0,,,,,,,,,,,"[0.877, 0.022, 0.101]","[178, 182, 183, 183, 184, 187, 192, 202, 203]","[0, 0, 0, 2, 2, 0, 0, 0, 0]",wild animal,,,
Water_Salinas_CA,59,89,59,83,0.71,1.0,,,,,,,,,,,"[0.05, 0.9, 0.05]","[59, 59, 60, 60, 61, 61, 61, 61, 62]","[1, 1, 1, 1, 1, 1, 1, 1, 1]",wild animal,,,
Water_Salinas_CA,109,109,127,427,0.99,1.0,,,,,,,,,,,"[0.389, 0.47, 0.141]","[109, 127, 130, 421, 423, 423, 423, 424, 424]","[0, 1, 1, 0, 0, 0, 0, 1, 0]",wild animal,,,
Water_Salinas_CA,65,78,66,65,0.59,1.0,,,,,,,,,,,"[0.036, 0.865, 0.098]","[65, 66, 67, 67, 68, 69, 70, 70, 76]","[2, 1, 1, 1, 1, 1, 1, 1, 1]",wild animal,,,
Water_Salinas_CA,132,295,132,301,0.5,1.0,,,,,,,,,,,"[0.266, 0.487, 0.247]","[132, 294, 295, 295, 295, 295, 299, 299, 299]","[1, 1, 1, 0, 0, 0, 1, 0, 1]",wild animal,,,
Water_Salinas_CA,133,133,147,144,0.55,0.0,,,,,,,,,,,"[0.569, 0.263, 0.168]","[133, 138, 144, 147, 151, 151, 156, 164, 165]","[0, 0, 2, 1, 1, 1, 1, 0, 0]",wild animal,,,
Water_Salinas_CA,162,162,170,175,0.52,0.0,,,,,,,,,,,"[0.895, 0.052, 0.052]","[162, 165, 168, 168, 168, 168, 169, 169, 170]","[0, 0, 0, 0, 0, 0, 0, 0, 0]",wild animal,,,
Water_Salinas_CA,68,68,1813,1787,0.46,0.0,,,,,,,,,,,"[0.527, 0.223, 0.25]","[68, 1787, 1795, 1797, 1813, 1814, 1816, 1952, 1954]","[0, 2, 2, 2, 1, 1, 1, 0, 0]",wild animal,,,
Water_Salinas_CA,129,156,208,129,0.5,2.0,,,,,,,,,,,"[0.284, 0.193, 0.523]","[129, 156, 167, 167, 167, 168, 168, 168, 168]","[2, 0, 0, 0, 0, 0, 2, 0, 0]",wild animal,,,
Water_Salinas_CA,131,159,210,131,0.5,2.0,,,,,,,,,,,"[0.277, 0.195, 0.528]","[131, 159, 170, 170, 171, 171, 171, 171, 171]","[2, 0, 0, 0, 2, 0, 0, 0, 0]",wild animal,,,
Water_Salinas_CA,132,159,210,132,0.5,2.0,,,,,,,,,,,"[0.278, 0.195, 0.527]","[132, 159, 170, 170, 171, 171, 171, 171, 171]","[2, 0, 0, 0, 0, 2, 0, 0, 0]",wild animal,,,
Water_Salinas_CA,132,159,210,132,0.5,2.0,,,,,,,,,,,"[0.278, 0.195, 0.527]","[132, 159, 170, 170, 171, 171, 171, 171, 171]","[2, 0, 0, 0, 2, 0, 0, 0, 0]",wild animal,,,
Water_Salinas_CA,129,157,210,129,0.5,2.0,,,,,,,,,,,"[0.283, 0.194, 0.524]","[129, 157, 170, 170, 171, 171, 171, 171, 171]","[2, 0, 0, 0, 0, 0, 2, 0, 0]",wild animal,,,
Water_Salinas_CA,130,158,210,130,0.5,2.0,,,,,,,,,,,"[0.283, 0.194, 0.524]","[130, 158, 171, 171, 172, 172, 172, 172, 172]","[2, 0, 0, 0, 0, 2, 0, 0, 0]",wild animal,,,
Water_Salinas_CA,131,159,210,131,0.5,2.0,,,,,,,,,,,"[0.28, 0.194, 0.526]","[131, 159, 171, 171, 172, 172, 172, 172, 172]","[2, 0, 0, 0, 0, 0, 0, 0, 2]",wild animal,,,
Water_Salinas_CA,133,160,212,133,0.5,2.0,,,,,,,,,,,"[0.278, 0.195, 0.527]","[133, 160, 171, 171, 172, 172, 172, 172, 172]","[2, 0, 0, 0, 0, 0, 0, 2, 0]",wild animal,,,
Water_Salinas_CA,135,161,209,135,0.5,2.0,,,,,,,,,,,"[0.28, 0.194, 0.525]","[135, 161, 172, 172, 173, 173, 173, 173, 173]","[2, 0, 0, 0, 0, 0, 0, 2, 0]",wild animal,,,
Water_Salinas_CA,135,159,214,135,0.5,2.0,,,,,,,,,,,"[0.294, 0.191, 0.515]","[135, 159, 173, 173, 174, 174, 174, 174, 174]","[2, 0, 0, 0, 0, 2, 0, 0, 0]",wild animal,,,
Water_Salinas_CA,135,163,213,135,0.5,2.0,,,,,,,,,,,"[0.287, 0.192, 0.521]","[135, 163, 174, 174, 174, 174, 175, 175, 175]","[2, 0, 0, 0, 0, 0, 0, 2, 0]",wild animal,,,
Water_Salinas_CA,137,164,216,137,0.5,2.0,,,,,,,,,,,"[0.278, 0.195, 0.527]","[137, 164, 175, 175, 176, 176, 176, 176, 176]","[2, 0, 0, 0, 2, 0, 0, 0, 0]",wild animal,,,
Water_Salinas_CA,134,163,215,134,0.5,2.0,,,,,,,,,,,"[0.291, 0.191, 0.518]","[134, 163, 176, 176, 176, 176, 177, 177, 177]","[2, 0, 0, 0, 0, 0, 0, 0, 0]",wild animal,,,
Water_Salinas_CA,134,163,214,134,0.5,2.0,,,,,,,,,,,"[0.281, 0.194, 0.525]","[134, 163, 176, 176, 177, 177, 177, 177, 177]","[2, 0, 0, 0, 2, 0, 0, 0, 0]",wild animal,,,
Water_Salinas_CA,134,162,214,134,0.5,2.0,,,,,,,,,,,"[0.293, 0.191, 0.516]","[134, 162, 177, 177, 177, 178, 178, 178, 178]","[2, 0, 0, 0, 0, 0, 0, 0, 2]",wild animal,,,
Water_Salinas_CA,141,169,217,141,0.5,2.0,,,,,,,,,,,"[0.273, 0.196, 0.531]","[141, 169, 179, 179, 180, 180, 180, 180, 180]","[2, 0, 0, 0, 2, 0, 0, 0, 0]",wild animal,,,
Water_Salinas_CA,140,169,220,140,0.5,2.0,,,,,,,,,,,"[0.287, 0.192, 0.521]","[140, 169, 179, 179, 179, 179, 179, 180, 180]","[2, 0, 0, 0, 0, 0, 0, 0, 0]",wild animal,,,
Water_Salinas_CA,138,165,217,138,0.5,2.0,,,,,,,,,,,"[0.298, 0.19, 0.513]","[138, 165, 179, 179, 179, 179, 180, 180, 180]","[2, 0, 0, 0, 0, 0, 0, 0, 0]",wild animal,,,
Water_Salinas_CA,154,178,230,154,0.5,2.0,,,,,,,,,,,"[0.294, 0.191, 0.515]","[154, 178, 192, 192, 193, 193, 193, 193, 193]","[2, 0, 0, 0, 0, 0, 0, 2, 0]",wild animal,,,
Water_Salinas_CA,154,182,232,154,0.5,2.0,,,,,,,,,,,"[0.273, 0.196, 0.531]","[154, 182, 192, 192, 193, 193, 193, 193, 193]","[2, 0, 0, 0, 0, 0, 0, 0, 0]",wild animal,,,
Water_Salinas_CA,159,184,235,159,0.5,2.0,,,,,,,,,,,"[0.289, 0.192, 0.519]","[159, 184, 197, 197, 198, 198, 198, 198, 198]","[2, 0, 0, 0, 0, 2, 0, 0, 0]",wild animal,,,
Water_Salinas_CA,162,187,238,162,0.5,2.0,,,,,,,,,,,"[0.294, 0.191, 0.515]","[162, 187, 200, 200, 200, 200, 200, 200, 200]","[2, 0, 0, 0, 0, 0, 0, 0, 2]",wild animal,,,
Water_Salinas_CA,10,15,11,10,0.5,2.0,,,,,,,,,,,"[0.129, 0.316, 0.555]","[10, 11, 11, 11, 11, 12, 12, 12, 12]","[2, 1, 1, 2, 1, 1, 1, 1, 2]",generalist,,,
Water_Salinas_CA,6,6,13,18,0.5,0.0,,,,,,,,,,,"[0.575, 0.241, 0.184]","[6, 13, 13, 13, 13, 13, 13, 13, 13]","[0, 1, 0, 1, 1, 0, 1, 0, 1]",generalist,,,
Water_Salinas_CA,8,8,13,19,0.5,0.0,,,,,,,,,,,"[0.575, 0.241, 0.184]","[8, 13, 13, 13, 13, 15, 15, 15, 15]","[0, 1, 0, 1, 1, 0, 1, 0, 1]",generalist,,,
Water_Salinas_CA,13,13,15,23,0.5,0.0,,,,,,,,,,,"[0.606, 0.254, 0.14]","[13, 15, 15, 15, 16, 16, 16, 16, 16]","[0, 1, 0, 1, 1, 1, 1, 1, 1]",generalist,,,
Water_Salinas_CA,15,15,17,25,0.5,0.0,,,,,,,,,,,"[0.599, 0.241, 0.16]","[15, 17, 17, 17, 18, 18, 18, 18, 18]","[0, 1, 0, 1, 1, 1, 1, 1, 1]",generalist,,,
Water_Salinas_CA,11,11,17,22,0.5,0.0,,,,,,,,,,,"[0.575, 0.241, 0.184]","[11, 17, 17, 17, 17, 18, 18, 18, 18]","[0, 1, 0, 1, 1, 0, 1, 0, 1]",generalist,,,
Water_Salinas_CA,11,11,13,23,0.5,0.0,,,,,,,,,,,"[0.516, 0.316, 0.168]","[11, 13, 18, 18, 18, 18, 19, 19, 19]","[0, 1, 1, 1, 1, 0, 1, 1, 1]",generalist,,,
Water_Salinas_CA,18,18,19,27,0.5,0.0,,,,,,,,,,,"[0.606, 0.254, 0.14]","[18, 19, 19, 19, 20, 20, 20, 20, 20]","[0, 1, 1, 0, 1, 1, 1, 1, 1]",generalist,,,
Water_Salinas_CA,67,199,67,204,0.5,1.0,,,,,,,,,,,"[0.268, 0.487, 0.245]","[67, 199, 199, 199, 199, 200, 200, 202, 203]","[1, 1, 0, 0, 1, 0, 0, 1, 1]",wild animal,,,
Water_Salinas_CA,72,202,72,207,0.5,1.0,,,,,,,,,,,"[0.267, 0.486, 0.246]","[72, 202, 202, 202, 202, 204, 205, 205, 205]","[1, 1, 0, 1, 0, 0, 0, 1, 1]",wild animal,,,
Water_Salinas_CA,2255,2979,2255,2281,0.51,1.0,,,,,,,,,,,"[0.256, 0.487, 0.256]","[2255, 2269, 2269, 2269, 2269, 2269, 2269, 2269, 2269]","[1, 1, 1, 1, 1, 1, 1, 1, 1]",wild animal,,,
Water_Salinas_CA,82,85,102,82,0.52,2.0,,,,,,,,,,,"[0.204, 0.04, 0.757]","[82, 83, 85, 86, 86, 86, 87, 91, 91]","[2, 2, 0, 2, 2, 0, 0, 0, 0]",wild animal,,,
Water_Salinas_CA,79,82,97,79,0.52,2.0,,,,,,,,,,,"[0.158, 0.031, 0.812]","[79, 80, 81, 82, 82, 83, 84, 88, 88]","[2, 2, 2, 2, 0, 0, 0, 0, 0]",wild animal,,,
Water_Salinas_CA,76,79,93,76,0.52,2.0,,,,,,,,,,,"[0.172, 0.033, 0.795]","[76, 77, 79, 79, 79, 80, 81, 85, 85]","[2, 2, 2, 0, 2, 0, 0, 0, 0]",wild animal,,,
Water_Salinas_CA,79,82,97,79,0.52,2.0,,,,,,,,,,,"[0.157, 0.034, 0.809]","[79, 80, 82, 82, 82, 84, 84, 88, 88]","[2, 2, 0, 2, 2, 0, 0, 0, 0]",wild animal,,,
Water_Salinas_CA,77,80,95,77,0.53,2.0,,,,,,,,,,,"[0.185, 0.045, 0.77]","[77, 78, 80, 81, 82, 82, 83, 86, 86]","[2, 2, 0, 2, 2, 0, 0, 0, 0]",wild animal,,,
Water_Salinas_CA,76,79,95,76,0.53,2.0,,,,,,,,,,,"[0.162, 0.037, 0.801]","[76, 76, 79, 79, 80, 80, 81, 84, 84]","[2, 2, 0, 2, 0, 2, 0, 0, 0]",wild animal,,,
Water_Salinas_CA,15,17,15,27,0.53,1.0,,,,,,,,,,,"[0.231, 0.646, 0.123]","[15, 16, 16, 17, 17, 17, 18, 18, 18]","[1, 1, 1, 0, 0, 1, 1, 1, 0]",generalist,,,
Water_Salinas_CA,90,95,109,90,0.53,2.0,,,,,,,,,,,"[0.137, 0.039, 0.824]","[90, 91, 93, 95, 96, 97, 97, 101, 101]","[2, 2, 2, 0, 2, 0, 0, 0, 0]",wild animal,,,
Water_Salinas_CA,13,16,13,27,0.53,1.0,,,,,,,,,,,"[0.202, 0.691, 0.107]","[13, 15, 15, 16, 16, 16, 16, 17, 17]","[1, 1, 1, 1, 0, 1, 0, 1, 0]",generalist,,,
Water_Salinas_CA,11,13,11,24,0.54,1.0,,,,,,,,,,,"[0.231, 0.646, 0.123]","[11, 12, 12, 13, 13, 13, 13, 13, 13]","[1, 1, 1, 1, 0, 0, 0, 1, 1]",poultry,,,
Water_Salinas_CA,51,51,72,70,0.56,0.0,,,,,,,,,,,"[0.713, 0.131, 0.156]","[51, 67, 68, 70, 72, 73, 75, 76, 76]","[0, 0, 0, 2, 1, 0, 2, 1, 2]",wild animal,,,
Water_Salinas_CA,45,45,70,64,0.57,0.0,,,,,,,,,,,"[0.722, 0.12, 0.158]","[45, 61, 62, 64, 67, 69, 70, 70, 70]","[0, 0, 0, 2, 0, 2, 1, 1, 2]",wild animal,,,
Water_Salinas_CA,53,53,70,70,0.63,0.0,,,,,,,,,,,"[0.942, 0.028, 0.029]","[53, 55, 59, 64, 65, 65, 70, 70, 71]","[0, 0, 0, 0, 0, 0, 2, 1, 2]",wild animal,,,
Water_Salinas_CA,46,46,64,64,0.63,0.0,,,,,,,,,,,"[0.939, 0.03, 0.031]","[46, 51, 53, 58, 59, 59, 64, 64, 65]","[0, 0, 0, 0, 0, 0, 1, 2, 2]",wild animal,,,
Water_Salinas_CA,51,51,68,68,0.64,0.0,,,,,,,,,,,"[0.942, 0.028, 0.029]","[51, 54, 57, 62, 62, 62, 68, 68, 69]","[0, 0, 0, 0, 0, 0, 1, 2, 2]",wild animal,,,
Water_Salinas_CA,3,70,3,75,1.0,1.0,,,,,,,,,,,"[0.074, 0.851, 0.074]","[3, 4, 6, 6, 6, 8, 9, 10, 10]","[1, 1, 1, 1, 1, 1, 1, 1, 1]",poultry,,,
Water_Salinas_CA,33,36,38,33,0.39,2.0,,,,,,,,,,,"[0.376, 0.242, 0.382]","[33, 36, 37, 38, 39, 39, 39, 39, 40]","[2, 0, 0, 1, 1, 1, 1, 1, 1]",generalist,,,
Water_Salinas_CA,127,155,205,127,0.5,2.0,,,,,,,,,,,"[0.277, 0.195, 0.528]","[127, 155, 166, 166, 167, 167, 167, 167, 167]","[2, 0, 0, 0, 0, 0, 2, 0, 0]",wild animal,,,
Water_Salinas_CA,133,161,215,133,0.5,2.0,,,,,,,,,,,"[0.286, 0.193, 0.521]","[133, 161, 175, 175, 176, 176, 176, 176, 176]","[2, 0, 0, 0, 0, 0, 0, 2, 0]",wild animal,,,
Water_Salinas_CA,138,164,215,138,0.5,2.0,,,,,,,,,,,"[0.287, 0.192, 0.521]","[138, 164, 177, 177, 178, 178, 178, 178, 178]","[2, 0, 0, 0, 0, 2, 0, 0, 0]",wild animal,,,
Water_Salinas_CA,139,166,217,139,0.5,2.0,,,,,,,,,,,"[0.297, 0.19, 0.513]","[139, 166, 178, 178, 178, 178, 178, 179, 179]","[2, 0, 0, 0, 0, 0, 0, 0, 0]",wild animal,,,
Water_Salinas_CA,81,84,100,81,0.52,2.0,,,,,,,,,,,"[0.179, 0.036, 0.784]","[81, 82, 84, 84, 84, 85, 86, 88, 89]","[2, 2, 2, 2, 0, 0, 0, 0, 0]",wild animal,,,
Water_Salinas_CA,26,26,26,31,0.52,1.0,,,,,,,,,,,"[0.3, 0.59, 0.11]","[26, 26, 26, 26, 27, 27, 27, 27, 27]","[0, 1, 1, 1, 0, 1, 1, 0, 1]",generalist,,,
Water_upstate_NY,13,13,24,18,0.47,0.0,,,,,,,,,,,"[0.55, 0.051, 0.399]","[13, 18, 18, 19, 19, 19, 20, 20, 24]","[0, 2, 2, 0, 2, 0, 2, 0, 1]",generalist,,,
Water_upstate_NY,18,18,26,18,0.48,2.0,,,,,,,,,,,"[0.457, 0.068, 0.475]","[18, 18, 19, 20, 20, 20, 20, 21, 21]","[2, 0, 0, 0, 2, 2, 2, 0, 0]",generalist,,,
Water_upstate_NY,18,18,26,18,0.48,2.0,,,,,,,,,,,"[0.457, 0.068, 0.475]","[18, 18, 19, 20, 20, 20, 20, 21, 21]","[2, 0, 0, 0, 2, 2, 2, 0, 0]",generalist,,,
Water_upstate_NY,18,18,26,18,0.48,2.0,,,,,,,,,,,"[0.457, 0.068, 0.475]","[18, 18, 19, 20, 20, 20, 20, 21, 21]","[2, 0, 0, 0, 2, 2, 2, 0, 0]",generalist,,,
Water_upstate_NY,19,19,27,19,0.48,2.0,,,,,,,,,,,"[0.457, 0.068, 0.475]","[19, 19, 20, 21, 21, 21, 21, 22, 22]","[2, 0, 0, 0, 2, 2, 2, 0, 0]",generalist,,,
Water_upstate_NY,19,19,27,19,0.48,2.0,,,,,,,,,,,"[0.457, 0.068, 0.475]","[19, 19, 20, 21, 21, 21, 21, 22, 22]","[2, 0, 0, 2, 0, 2, 2, 0, 0]",generalist,,,
Water_upstate_NY,20,20,27,20,0.48,2.0,,,,,,,,,,,"[0.457, 0.068, 0.475]","[20, 20, 21, 22, 22, 22, 22, 23, 23]","[2, 0, 0, 0, 2, 2, 2, 0, 0]",generalist,,,
Water_upstate_NY,20,20,27,20,0.48,2.0,,,,,,,,,,,"[0.457, 0.068, 0.475]","[20, 20, 21, 22, 22, 22, 22, 23, 23]","[2, 0, 0, 2, 0, 2, 2, 0, 0]",generalist,,,
Water_upstate_NY,20,20,27,20,0.48,2.0,,,,,,,,,,,"[0.457, 0.068, 0.475]","[20, 20, 21, 22, 22, 22, 22, 23, 23]","[2, 0, 0, 0, 2, 2, 2, 0, 0]",generalist,,,
Water_upstate_NY,20,20,27,20,0.48,2.0,,,,,,,,,,,"[0.457, 0.068, 0.475]","[20, 20, 21, 22, 22, 22, 22, 23, 23]","[2, 0, 0, 2, 0, 2, 2, 0, 0]",generalist,,,
Water_upstate_NY,21,21,29,21,0.48,2.0,,,,,,,,,,,"[0.457, 0.068, 0.475]","[21, 21, 22, 23, 23, 23, 23, 24, 24]","[2, 0, 0, 2, 0, 2, 2, 0, 0]",generalist,,,
Water_upstate_NY,22,22,30,22,0.48,2.0,,,,,,,,,,,"[0.457, 0.068, 0.475]","[22, 22, 23, 24, 24, 24, 24, 25, 25]","[2, 0, 0, 2, 0, 2, 2, 0, 0]",generalist,,,
Water_upstate_NY,44,44,46,53,0.49,1.0,,,,,,,,,,,"[0.445, 0.487, 0.068]","[44, 45, 46, 46, 48, 48, 48, 53, 53]","[0, 0, 1, 1, 1, 1, 1, 2, 2]",wild animal,,,
Water_upstate_NY,50,50,52,58,0.49,1.0,,,,,,,,,,,"[0.457, 0.472, 0.071]","[50, 51, 52, 52, 53, 54, 55, 58, 58]","[0, 0, 1, 1, 1, 1, 1, 2, 2]",wild animal,,,
Water_upstate_NY,2318,2320,2319,2318,0.5,0.0,,,,,,,,,,,"[0.673, 0.232, 0.095]","[2318, 2319, 2319, 2320, 2335, 2335, 2356, 2964, 2968]","[2, 1, 1, 0, 0, 0, 1, 0, 1]",wild animal,,,
Water_upstate_NY,2318,2320,2319,2318,0.5,0.0,,,,,,,,,,,"[0.673, 0.232, 0.095]","[2318, 2319, 2319, 2320, 2335, 2335, 2356, 2964, 2968]","[2, 1, 1, 0, 0, 0, 1, 0, 1]",wild animal,,,
Water_upstate_NY,151,159,194,151,0.5,2.0,,,,,,,,,,,"[0.251, 0.202, 0.547]","[151, 159, 159, 160, 160, 160, 160, 160, 160]","[2, 0, 0, 0, 0, 0, 0, 2, 0]",wild animal,,,
Water_upstate_NY,152,160,198,152,0.5,2.0,,,,,,,,,,,"[0.251, 0.202, 0.547]","[152, 160, 160, 161, 161, 161, 161, 161, 161]","[2, 0, 0, 0, 0, 0, 0, 2, 0]",wild animal,,,
Water_upstate_NY,154,162,197,154,0.5,2.0,,,,,,,,,,,"[0.251, 0.202, 0.547]","[154, 162, 162, 163, 163, 163, 163, 163, 163]","[2, 0, 0, 0, 0, 0, 0, 2, 0]",wild animal,,,
Water_upstate_NY,154,162,197,154,0.5,2.0,,,,,,,,,,,"[0.251, 0.202, 0.547]","[154, 162, 162, 163, 163, 163, 163, 163, 163]","[2, 0, 0, 0, 2, 0, 0, 0, 0]",wild animal,,,
Water_upstate_NY,157,162,198,157,0.5,2.0,,,,,,,,,,,"[0.272, 0.196, 0.532]","[157, 162, 162, 163, 163, 163, 163, 163, 163]","[2, 0, 0, 0, 0, 0, 0, 2, 0]",wild animal,,,
Water_upstate_NY,157,162,198,157,0.5,2.0,,,,,,,,,,,"[0.272, 0.196, 0.532]","[157, 162, 162, 163, 163, 163, 163, 163, 163]","[2, 0, 0, 0, 0, 0, 0, 2, 0]",wild animal,,,
Water_upstate_NY,157,162,198,157,0.5,2.0,,,,,,,,,,,"[0.272, 0.196, 0.532]","[157, 162, 162, 163, 163, 163, 163, 163, 163]","[2, 0, 0, 0, 0, 0, 0, 2, 0]",wild animal,,,
Water_upstate_NY,155,163,198,155,0.5,2.0,,,,,,,,,,,"[0.251, 0.202, 0.547]","[155, 163, 163, 164, 164, 164, 164, 164, 164]","[2, 0, 0, 0, 0, 0, 2, 0, 0]",wild animal,,,
Water_upstate_NY,157,164,200,157,0.5,2.0,,,,,,,,,,,"[0.256, 0.201, 0.543]","[157, 164, 164, 165, 165, 165, 165, 165, 165]","[2, 0, 0, 0, 0, 0, 0, 2, 0]",wild animal,,,
Water_upstate_NY,158,165,200,158,0.5,2.0,,,,,,,,,,,"[0.256, 0.201, 0.543]","[158, 165, 165, 166, 166, 166, 166, 166, 166]","[2, 0, 0, 0, 0, 0, 0, 2, 0]",wild animal,,,
Water_upstate_NY,2318,2320,2319,2318,0.5,0.0,,,,,,,,,,,"[0.674, 0.232, 0.095]","[2318, 2319, 2319, 2320, 2333, 2333, 2354, 2964, 2968]","[2, 1, 1, 0, 0, 0, 1, 0, 1]",wild animal,,,
Water_upstate_NY,159,166,203,159,0.5,2.0,,,,,,,,,,,"[0.333, 0.18, 0.487]","[159, 166, 166, 166, 166, 166, 167, 167, 167]","[2, 0, 0, 0, 0, 0, 0, 2, 0]",wild animal,,,
Water_upstate_NY,159,166,202,159,0.5,2.0,,,,,,,,,,,"[0.281, 0.194, 0.525]","[159, 166, 166, 166, 167, 167, 167, 167, 167]","[2, 0, 0, 0, 2, 0, 0, 0, 0]",wild animal,,,
Water_upstate_NY,160,167,205,160,0.5,2.0,,,,,,,,,,,"[0.256, 0.201, 0.543]","[160, 167, 167, 168, 168, 168, 168, 168, 168]","[2, 0, 0, 0, 0, 0, 2, 0, 0]",wild animal,,,
Water_upstate_NY,159,167,200,159,0.5,2.0,,,,,,,,,,,"[0.251, 0.202, 0.547]","[159, 167, 167, 168, 168, 168, 168, 168, 168]","[2, 0, 0, 0, 0, 0, 0, 2, 0]",wild animal,,,
Water_upstate_NY,161,167,204,161,0.5,2.0,,,,,,,,,,,"[0.263, 0.199, 0.538]","[161, 167, 167, 168, 168, 168, 168, 168, 168]","[2, 0, 0, 0, 0, 0, 2, 0, 0]",wild animal,,,
Water_upstate_NY,165,169,208,165,0.5,2.0,,,,,,,,,,,"[0.285, 0.193, 0.522]","[165, 169, 169, 170, 170, 170, 170, 170, 170]","[2, 0, 0, 0, 0, 0, 0, 0, 2]",wild animal,,,
Water_upstate_NY,163,171,205,163,0.5,2.0,,,,,,,,,,,"[0.251, 0.202, 0.547]","[163, 171, 171, 172, 172, 172, 172, 172, 172]","[2, 0, 0, 0, 0, 0, 0, 0, 2]",wild animal,,,
Water_upstate_NY,168,172,210,168,0.5,2.0,,,,,,,,,,,"[0.285, 0.193, 0.522]","[168, 172, 172, 173, 173, 173, 173, 173, 173]","[2, 0, 0, 0, 0, 0, 2, 0, 0]",wild animal,,,
Water_upstate_NY,162,172,205,162,0.5,2.0,,,,,,,,,,,"[0.244, 0.204, 0.552]","[162, 172, 172, 173, 173, 173, 173, 173, 173]","[2, 0, 0, 0, 0, 0, 0, 2, 0]",wild animal,,,
Water_upstate_NY,168,173,210,168,0.5,2.0,,,,,,,,,,,"[0.272, 0.196, 0.532]","[168, 173, 173, 174, 174, 174, 174, 174, 174]","[2, 0, 0, 0, 0, 0, 2, 0, 0]",wild animal,,,
Water_upstate_NY,168,173,210,168,0.5,2.0,,,,,,,,,,,"[0.272, 0.196, 0.532]","[168, 173, 173, 174, 174, 174, 174, 174, 174]","[2, 0, 0, 0, 0, 0, 2, 0, 0]",wild animal,,,
Water_upstate_NY,163,173,207,163,0.5,2.0,,,,,,,,,,,"[0.244, 0.204, 0.552]","[163, 173, 173, 174, 174, 174, 174, 174, 174]","[2, 0, 0, 2, 0, 0, 0, 0, 0]",wild animal,,,
Water_upstate_NY,168,173,210,168,0.5,2.0,,,,,,,,,,,"[0.272, 0.196, 0.532]","[168, 173, 173, 174, 174, 174, 174, 174, 174]","[2, 0, 0, 0, 0, 0, 2, 0, 0]",wild animal,,,
Water_upstate_NY,168,173,210,168,0.5,2.0,,,,,,,,,,,"[0.272, 0.196, 0.532]","[168, 173, 173, 174, 174, 174, 174, 174, 174]","[2, 0, 0, 0, 0, 0, 2, 0, 0]",wild animal,,,
Water_upstate_NY,168,173,210,168,0.5,2.0,,,,,,,,,,,"[0.272, 0.196, 0.532]","[168, 173, 173, 174, 174, 174, 174, 174, 174]","[2, 0, 0, 0, 0, 0, 2, 0, 0]",wild animal,,,
Water_upstate_NY,167,173,210,167,0.5,2.0,,,,,,,,,,,"[0.263, 0.199, 0.538]","[167, 173, 173, 174, 174, 174, 174, 174, 174]","[2, 0, 0, 0, 0, 0, 2, 0, 0]",wild animal,,,
Water_upstate_NY,169,174,210,169,0.5,2.0,,,,,,,,,,,"[0.272, 0.196, 0.532]","[169, 174, 174, 175, 175, 175, 175, 175, 175]","[2, 0, 0, 0, 0, 0, 0, 2, 0]",wild animal,,,
Water_upstate_NY,169,174,210,169,0.5,2.0,,,,,,,,,,,"[0.272, 0.196, 0.532]","[169, 174, 174, 175, 175, 175, 175, 175, 175]","[2, 0, 0, 0, 0, 0, 2, 0, 0]",wild animal,,,
Water_upstate_NY,169,174,210,169,0.5,2.0,,,,,,,,,,,"[0.272, 0.196, 0.532]","[169, 174, 174, 175, 175, 175, 175, 175, 175]","[2, 0, 0, 0, 0, 0, 2, 0, 0]",wild animal,,,
Water_upstate_NY,169,174,210,169,0.5,2.0,,,,,,,,,,,"[0.272, 0.196, 0.532]","[169, 174, 174, 175, 175, 175, 175, 175, 175]","[2, 0, 0, 0, 0, 0, 0, 0, 2]",wild animal,,,
Water_upstate_NY,169,174,210,169,0.5,2.0,,,,,,,,,,,"[0.272, 0.196, 0.532]","[169, 174, 174, 175, 175, 175, 175, 175, 175]","[2, 0, 0, 0, 0, 0, 0, 0, 2]",wild animal,,,
Water_upstate_NY,170,175,210,170,0.5,2.0,,,,,,,,,,,"[0.305, 0.187, 0.507]","[170, 175, 175, 175, 176, 176, 176, 176, 176]","[2, 0, 0, 0, 0, 0, 0, 0, 2]",wild animal,,,
Water_upstate_NY,169,176,212,169,0.5,2.0,,,,,,,,,,,"[0.256, 0.201, 0.543]","[169, 176, 176, 177, 177, 177, 177, 177, 177]","[2, 0, 0, 0, 0, 0, 0, 0, 2]",wild animal,,,
Water_upstate_NY,171,178,214,171,0.5,2.0,,,,,,,,,,,"[0.256, 0.201, 0.543]","[171, 178, 178, 179, 179, 179, 179, 179, 179]","[2, 0, 0, 0, 0, 0, 0, 0, 2]",wild animal,,,
Water_upstate_NY,2317,2319,2318,2317,0.5,0.0,,,,,,,,,,,"[0.674, 0.231, 0.095]","[2317, 2318, 2318, 2319, 2331, 2331, 2354, 2964, 2968]","[2, 1, 1, 0, 0, 0, 1, 0, 1]",wild animal,,,
Water_upstate_NY,2317,2319,2318,2317,0.5,0.0,,,,,,,,,,,"[0.674, 0.231, 0.095]","[2317, 2318, 2318, 2319, 2331, 2331, 2354, 2964, 2968]","[2, 1, 1, 0, 0, 0, 1, 0, 1]",wild animal,,,
Water_upstate_NY,177,183,218,177,0.5,2.0,,,,,,,,,,,"[0.352, 0.175, 0.473]","[177, 183, 183, 183, 183, 183, 184, 184, 184]","[2, 0, 0, 0, 0, 0, 0, 0, 2]",wild animal,,,
Water_upstate_NY,2321,2323,2322,2321,0.5,0.0,,,,,,,,,,,"[0.676, 0.23, 0.094]","[2321, 2322, 2322, 2323, 2331, 2331, 2354, 2964, 2968]","[2, 1, 1, 0, 0, 0, 1, 0, 1]",wild animal,,,
Water_upstate_NY,11,13,15,11,0.5,2.0,,,,,,,,,,,"[0.43, 0.121, 0.449]","[11, 13, 13, 13, 13, 13, 13, 13, 13]","[2, 2, 0, 0, 0, 0, 2, 2, 2]",generalist,,,
Water_upstate_NY,40,40,41,48,0.5,1.0,,,,,,,,,,,"[0.406, 0.531, 0.063]","[40, 41, 41, 41, 43, 44, 44, 48, 48]","[0, 1, 1, 0, 1, 1, 1, 2, 2]",wild animal,,,
Water_upstate_NY,44,44,45,52,0.5,1.0,,,,,,,,,,,"[0.406, 0.531, 0.063]","[44, 45, 45, 45, 46, 48, 48, 52, 52]","[0, 1, 1, 0, 1, 1, 1, 2, 2]",wild animal,,,
Water_upstate_NY,46,46,48,55,0.5,1.0,,,,,,,,,,,"[0.389, 0.551, 0.061]","[46, 48, 48, 48, 50, 50, 51, 55, 55]","[0, 0, 1, 1, 1, 1, 1, 2, 2]",wild animal,,,
Water_upstate_NY,48,48,48,55,0.5,1.0,,,,,,,,,,,"[0.389, 0.551, 0.061]","[48, 48, 48, 48, 51, 51, 52, 55, 55]","[0, 0, 1, 1, 1, 1, 1, 2, 2]",wild animal,,,
Water_upstate_NY,31,50,31,55,0.5,1.0,,,,,,,,,,,"[0.263, 0.498, 0.238]","[31, 50, 50, 50, 50, 50, 51, 51, 51]","[1, 0, 1, 1, 1, 0, 0, 1, 1]",generalist,,,
Water_upstate_NY,45,45,51,55,0.5,0.0,,,,,,,,,,,"[0.724, 0.167, 0.109]","[45, 51, 52, 52, 53, 54, 54, 55, 55]","[0, 1, 1, 0, 0, 0, 0, 2, 2]",wild animal,,,
Water_upstate_NY,53,53,54,61,0.5,1.0,,,,,,,,,,,"[0.389, 0.551, 0.061]","[53, 54, 54, 54, 55, 55, 57, 61, 61]","[0, 0, 1, 1, 1, 1, 1, 2, 2]",wild animal,,,
Water_upstate_NY,2714,2714,2714,2714,0.5,2.0,,,,,,,,,,,"[0.213, 0.213, 0.575]","[2714, 2714, 2714, 2714, 2714, 2714, 2714, 2714, 2714]","[2, 2, 2, 2, 2, 2, 2, 2, 1]",wild animal,,,
Water_upstate_NY,2429,2429,2487,2448,0.5,0.0,,,,,,,,,,,"[0.786, 0.107, 0.107]","[2429, 2443, 2444, 2444, 2445, 2446, 2447, 2448, 2448]","[0, 0, 0, 0, 0, 0, 0, 0, 2]",wild animal,,,
Water_upstate_NY,2205,2205,2310,2255,0.51,0.0,,,,,,,,,,,"[0.724, 0.138, 0.138]","[2205, 2247, 2247, 2249, 2250, 2252, 2252, 2255, 2255]","[0, 0, 0, 0, 0, 0, 0, 2, 0]",wild animal,,,
Water_upstate_NY,2205,2205,2310,2255,0.51,0.0,,,,,,,,,,,"[0.736, 0.132, 0.132]","[2205, 2246, 2247, 2249, 2249, 2251, 2252, 2255, 2255]","[0, 0, 0, 0, 0, 0, 0, 0, 2]",wild animal,,,
Water_upstate_NY,2205,2205,2310,2255,0.51,0.0,,,,,,,,,,,"[0.736, 0.132, 0.132]","[2205, 2246, 2247, 2249, 2249, 2251, 2252, 2255, 2255]","[0, 0, 0, 0, 0, 0, 0, 0, 2]",wild animal,,,
Water_upstate_NY,423,423,433,434,0.51,0.0,,,,,,,,,,,"[0.736, 0.135, 0.129]","[423, 424, 433, 433, 434, 434, 434, 434, 434]","[0, 0, 1, 1, 2, 2, 2, 1, 1]",wild animal,,,
Water_upstate_NY,35,35,37,43,0.51,0.0,,,,,,,,,,,"[0.716, 0.185, 0.099]","[35, 37, 40, 41, 41, 41, 42, 43, 43]","[0, 1, 0, 1, 0, 0, 0, 0, 2]",generalist,,,
Water_upstate_NY,40,40,40,46,0.51,1.0,,,,,,,,,,,"[0.329, 0.616, 0.055]","[40, 40, 40, 41, 41, 43, 43, 46, 46]","[1, 0, 1, 0, 1, 1, 1, 2, 2]",wild animal,,,
Water_upstate_NY,2034,2034,2142,2086,0.52,0.0,,,,,,,,,,,"[0.938, 0.03, 0.032]","[2034, 2035, 2036, 2068, 2085, 2086, 2089, 2090, 2090]","[0, 0, 0, 0, 0, 2, 0, 0, 0]",wild animal,,,
Water_upstate_NY,2032,2032,2139,2082,0.52,0.0,,,,,,,,,,,"[0.941, 0.028, 0.031]","[2032, 2032, 2032, 2065, 2081, 2082, 2086, 2086, 2087]","[0, 0, 0, 0, 0, 2, 0, 0, 0]",wild animal,,,
Water_upstate_NY,2034,2034,2141,2084,0.52,0.0,,,,,,,,,,,"[0.94, 0.029, 0.031]","[2034, 2034, 2035, 2067, 2083, 2084, 2087, 2088, 2088]","[0, 0, 0, 0, 0, 2, 0, 0, 0]",wild animal,,,
Water_upstate_NY,2034,2034,2142,2084,0.52,0.0,,,,,,,,,,,"[0.94, 0.029, 0.031]","[2034, 2034, 2035, 2067, 2083, 2084, 2087, 2088, 2088]","[0, 0, 0, 0, 0, 2, 0, 0, 0]",wild animal,,,
Water_upstate_NY,2034,2034,2142,2084,0.52,0.0,,,,,,,,,,,"[0.94, 0.029, 0.031]","[2034, 2034, 2035, 2067, 2083, 2084, 2087, 2088, 2088]","[0, 0, 0, 0, 0, 2, 0, 0, 0]",wild animal,,,
Water_upstate_NY,2032,2032,2140,2082,0.52,0.0,,,,,,,,,,,"[0.942, 0.028, 0.03]","[2032, 2032, 2034, 2066, 2081, 2082, 2085, 2086, 2087]","[0, 0, 0, 0, 0, 2, 0, 0, 0]",wild animal,,,
Water_upstate_NY,1969,1969,2108,2023,0.52,0.0,,,,,,,,,,,"[0.706, 0.144, 0.15]","[1969, 2013, 2017, 2017, 2021, 2023, 2023, 2025, 2025]","[0, 0, 0, 0, 0, 0, 2, 0, 0]",wild animal,,,
Water_upstate_NY,44,44,46,54,0.52,0.0,,,,,,,,,,,"[0.503, 0.421, 0.076]","[44, 45, 46, 46, 48, 50, 50, 54, 54]","[0, 0, 1, 1, 1, 1, 1, 2, 2]",wild animal,,,
Water_upstate_NY,39,39,41,46,0.52,0.0,,,,,,,,,,,"[0.75, 0.159, 0.091]","[39, 41, 44, 44, 45, 46, 46, 46, 46]","[0, 1, 0, 0, 0, 0, 1, 2, 0]",wild animal,,,
Water_upstate_NY,43,43,106,95,0.52,0.0,,,,,,,,,,,"[0.589, 0.176, 0.235]","[43, 95, 101, 106, 106, 110, 110, 111, 114]","[0, 2, 0, 2, 1, 0, 0, 1, 0]",wild animal,,,
Water_upstate_NY,40,40,102,93,0.53,0.0,,,,,,,,,,,"[0.589, 0.179, 0.232]","[40, 93, 99, 102, 104, 107, 107, 109, 111]","[0, 2, 0, 1, 2, 0, 0, 1, 0]",wild animal,,,
Water_upstate_NY,40,40,102,93,0.53,0.0,,,,,,,,,,,"[0.59, 0.177, 0.233]","[40, 93, 97, 102, 102, 107, 107, 109, 111]","[0, 2, 0, 2, 1, 0, 0, 1, 0]",wild animal,,,
Water_upstate_NY,39,39,102,92,0.53,0.0,,,,,,,,,,,"[0.589, 0.179, 0.232]","[39, 92, 97, 102, 102, 106, 106, 108, 110]","[0, 2, 0, 1, 2, 0, 0, 1, 0]",wild animal,,,
Water_upstate_NY,39,39,102,92,0.53,0.0,,,,,,,,,,,"[0.589, 0.179, 0.232]","[39, 92, 97, 102, 102, 106, 106, 108, 110]","[0, 2, 0, 1, 2, 0, 0, 1, 0]",wild animal,,,
Water_upstate_NY,74,75,92,74,0.54,2.0,,,,,,,,,,,"[0.239, 0.057, 0.703]","[74, 75, 75, 80, 81, 83, 84, 84, 85]","[2, 0, 2, 2, 0, 2, 0, 0, 0]",wild animal,,,
Water_upstate_NY,12,12,12,17,0.54,1.0,,,,,,,,,,,"[0.26, 0.632, 0.109]","[12, 12, 12, 12, 13, 13, 13, 13, 13]","[1, 1, 1, 0, 1, 0, 0, 1, 0]",poultry,,,
Water_upstate_NY,31,31,35,57,0.56,0.0,,,,,,,,,,,"[0.865, 0.112, 0.024]","[31, 31, 32, 34, 35, 35, 35, 36, 42]","[0, 0, 0, 0, 1, 1, 1, 1, 1]",bovine,,,
Water_upstate_NY,31,31,35,57,0.56,0.0,,,,,,,,,,,"[0.875, 0.103, 0.022]","[31, 31, 31, 34, 35, 35, 35, 36, 42]","[0, 0, 0, 0, 1, 1, 1, 1, 1]",bovine,,,
Water_upstate_NY,67,73,85,67,0.57,2.0,,,,,,,,,,,"[0.093, 0.048, 0.859]","[67, 68, 68, 73, 77, 78, 79, 79, 79]","[2, 2, 2, 0, 0, 2, 0, 0, 0]",wild animal,,,
Water_upstate_NY,5,6,9,5,0.57,0.0,,,,,,,,,,,"[0.512, 0.074, 0.414]","[5, 6, 6, 6, 6, 8, 8, 8, 9]","[2, 0, 0, 0, 0, 2, 2, 2, 1]",bovine,,,
Water_upstate_NY,30,30,37,35,0.58,0.0,,,,,,,,,,,"[0.765, 0.107, 0.128]","[30, 33, 35, 37, 37, 38, 38, 39, 40]","[0, 0, 2, 1, 0, 1, 0, 0, 0]",bovine,,,
Water_upstate_NY,31,31,37,35,0.58,0.0,,,,,,,,,,,"[0.782, 0.099, 0.12]","[31, 33, 35, 37, 37, 38, 38, 39, 40]","[0, 0, 2, 0, 1, 0, 1, 0, 0]",bovine,,,
Water_upstate_NY,12,12,12,13,0.58,0.0,,,,,,,,,,,"[0.722, 0.138, 0.14]","[12, 12, 13, 13, 13, 13, 15, 15, 15]","[0, 1, 2, 0, 0, 0, 1, 1, 0]",bovine,,,
Water_upstate_NY,30,30,36,34,0.58,0.0,,,,,,,,,,,"[0.782, 0.099, 0.12]","[30, 32, 34, 36, 36, 37, 37, 38, 39]","[0, 0, 2, 0, 1, 0, 1, 0, 0]",bovine,,,
Water_upstate_NY,30,30,36,34,0.58,0.0,,,,,,,,,,,"[0.782, 0.099, 0.12]","[30, 32, 34, 36, 36, 37, 37, 38, 39]","[0, 0, 2, 0, 1, 0, 1, 0, 0]",bovine,,,
Water_upstate_NY,30,30,36,34,0.58,0.0,,,,,,,,,,,"[0.782, 0.099, 0.12]","[30, 32, 34, 36, 36, 37, 37, 38, 39]","[0, 0, 2, 1, 0, 1, 0, 0, 0]",bovine,,,
Water_upstate_NY,29,29,35,33,0.58,0.0,,,,,,,,,,,"[0.782, 0.099, 0.12]","[29, 31, 33, 35, 35, 36, 36, 37, 38]","[0, 0, 2, 1, 0, 1, 0, 0, 0]",bovine,,,
Water_upstate_NY,4,6,6,4,0.58,2.0,,,,,,,,,,,"[0.111, 0.111, 0.777]","[4, 6, 6, 6, 6, 6, 6, 6, 6]","[2, 2, 2, 2, 2, 2, 0, 2, 1]",swine,,,
Water_upstate_NY,17,20,27,17,0.59,2.0,,,,,,,,,,,"[0.202, 0.02, 0.779]","[17, 17, 17, 19, 20, 20, 20, 21, 25]","[2, 2, 2, 2, 0, 0, 0, 0, 0]",swine,,,
Water_upstate_NY,17,20,27,17,0.59,2.0,,,,,,,,,,,"[0.202, 0.02, 0.779]","[17, 17, 17, 19, 20, 20, 20, 21, 25]","[2, 2, 2, 2, 0, 0, 0, 0, 0]",swine,,,
Water_upstate_NY,30,30,37,35,0.59,0.0,,,,,,,,,,,"[0.782, 0.099, 0.118]","[30, 32, 35, 37, 37, 38, 38, 39, 40]","[0, 0, 2, 0, 1, 0, 1, 0, 0]",bovine,,,
Water_upstate_NY,42,42,43,48,0.59,0.0,,,,,,,,,,,"[0.961, 0.022, 0.017]","[42, 42, 42, 43, 44, 45, 48, 50, 51]","[0, 0, 0, 1, 0, 0, 2, 1, 2]",wild animal,,,
Water_upstate_NY,54,54,68,59,0.6,0.0,,,,,,,,,,,"[0.54, 0.318, 0.142]","[54, 59, 61, 68, 74, 74, 79, 92, 114]","[0, 2, 0, 1, 1, 1, 1, 0, 0]",wild animal,,,
Water_upstate_NY,6,6,13,13,0.61,0.0,,,,,,,,,,,"[0.647, 0.176, 0.177]","[6, 13, 13, 13, 15, 15, 16, 16, 16]","[0, 1, 0, 2, 0, 0, 0, 1, 1]",bovine,,,
Water_upstate_NY,10,10,13,13,0.61,0.0,,,,,,,,,,,"[0.69, 0.154, 0.156]","[10, 13, 13, 13, 15, 15, 16, 16, 16]","[0, 1, 0, 2, 0, 0, 0, 1, 1]",bovine,,,
Water_upstate_NY,11,11,12,13,0.62,0.0,,,,,,,,,,,"[0.923, 0.038, 0.039]","[11, 12, 12, 12, 12, 13, 13, 13, 15]","[0, 0, 1, 0, 0, 2, 0, 0, 0]",bovine,,,
Water_upstate_NY,51,51,64,54,0.63,0.0,,,,,,,,,,,"[0.547, 0.31, 0.143]","[51, 54, 55, 64, 71, 71, 76, 88, 110]","[0, 2, 0, 1, 1, 1, 1, 0, 0]",wild animal,,,
Water_upstate_NY,48,48,62,58,0.64,0.0,,,,,,,,,,,"[0.555, 0.313, 0.132]","[48, 54, 58, 62, 70, 70, 74, 87, 109]","[0, 0, 2, 1, 1, 1, 1, 0, 0]",wild animal,,,
Water_upstate_NY,55,82,66,55,0.65,2.0,,,,,,,,,,,"[0.285, 0.169, 0.547]","[55, 66, 69, 82, 91, 109, 109, 109, 114]","[2, 1, 2, 0, 0, 0, 0, 1, 0]",wild animal,,,
Water_upstate_NY,9,10,9,13,0.66,1.0,,,,,,,,,,,"[0.256, 0.487, 0.256]","[9, 9, 9, 9, 9, 9, 9, 9, 9]","[1, 1, 1, 1, 1, 1, 1, 1, 1]",poultry,,,
Water_upstate_NY,43,43,55,55,0.66,0.0,,,,,,,,,,,"[0.558, 0.315, 0.126]","[43, 48, 55, 55, 64, 64, 68, 81, 102]","[0, 0, 2, 1, 1, 1, 1, 0, 0]",wild animal,,,
Water_upstate_NY,27,27,46,48,0.67,0.0,,,,,,,,,,,"[0.562, 0.309, 0.129]","[27, 40, 46, 48, 54, 54, 59, 71, 93]","[0, 0, 1, 2, 1, 1, 1, 0, 0]",bovine,,,
Water_upstate_NY,25,25,45,46,0.68,0.0,,,,,,,,,,,"[0.562, 0.309, 0.129]","[25, 38, 45, 46, 52, 52, 57, 69, 91]","[0, 0, 1, 2, 1, 1, 1, 0, 0]",bovine,,,
Water_upstate_NY,8,9,8,12,0.68,1.0,,,,,,,,,,,"[0.256, 0.487, 0.256]","[8, 8, 8, 8, 8, 8, 8, 8, 8]","[1, 1, 1, 1, 1, 1, 1, 1, 1]",poultry,,,
Water_upstate_NY,8,9,8,12,0.68,1.0,,,,,,,,,,,"[0.256, 0.487, 0.256]","[8, 8, 8, 8, 8, 8, 8, 8, 8]","[1, 1, 1, 1, 1, 1, 1, 1, 1]",poultry,,,
Water_upstate_NY,8,9,8,12,0.68,1.0,,,,,,,,,,,"[0.256, 0.487, 0.256]","[8, 8, 8, 8, 8, 8, 8, 8, 8]","[1, 1, 1, 1, 1, 1, 1, 1, 1]",poultry,,,
Water_upstate_NY,8,9,8,12,0.68,1.0,,,,,,,,,,,"[0.256, 0.487, 0.256]","[8, 8, 8, 8, 8, 8, 8, 8, 8]","[1, 1, 1, 1, 1, 1, 1, 1, 1]",poultry,,,
Water_upstate_NY,27,27,48,48,0.68,0.0,,,,,,,,,,,"[0.565, 0.305, 0.13]","[27, 40, 48, 48, 55, 55, 60, 72, 93]","[0, 0, 1, 2, 1, 1, 1, 0, 0]",bovine,,,
Water_upstate_NY,23,23,45,30,0.72,0.0,,,,,,,,,,,"[0.962, 0.019, 0.019]","[23, 25, 25, 26, 26, 26, 26, 27, 27]","[0, 0, 0, 0, 0, 0, 0, 0, 0]",bovine,,,
Water_upstate_NY,26,26,53,44,0.74,0.0,,,,,,,,,,,"[0.879, 0.061, 0.061]","[26, 29, 33, 33, 34, 35, 35, 36, 36]","[0, 0, 0, 0, 0, 0, 0, 0, 0]",bovine,,,
Water_upstate_NY,19,32,38,19,0.81,2.0,,,,,,,,,,,"[0.098, 0.056, 0.847]","[19, 19, 20, 32, 33, 38, 38, 40, 41]","[2, 2, 2, 0, 0, 1, 1, 1, 1]",swine,,,
Water_upstate_NY,9,9,41,34,0.82,0.0,,,,,,,,,,,"[0.833, 0.083, 0.083]","[9, 20, 21, 21, 21, 23, 24, 24, 25]","[0, 0, 0, 0, 0, 0, 0, 0, 0]",bovine,,,
Water_upstate_NY,9,9,41,34,0.82,0.0,,,,,,,,,,,"[0.833, 0.083, 0.083]","[9, 20, 21, 21, 21, 23, 24, 24, 25]","[0, 0, 0, 0, 0, 0, 0, 0, 0]",bovine,,,
Water_upstate_NY,18,18,43,36,0.82,0.0,,,,,,,,,,,"[0.879, 0.061, 0.061]","[18, 21, 25, 26, 26, 27, 27, 27, 27]","[0, 0, 0, 0, 0, 0, 0, 0, 0]",bovine,,,
Water_upstate_NY,9,9,13,13,0.83,0.0,,,,,,,,,,,"[0.928, 0.036, 0.036]","[9, 9, 10, 13, 13, 13, 13, 16, 16]","[0, 0, 0, 0, 1, 0, 2, 1, 1]",bovine,,,
Water_upstate_NY,8,8,40,33,0.83,0.0,,,,,,,,,,,"[0.833, 0.083, 0.083]","[8, 19, 20, 20, 20, 22, 23, 23, 24]","[0, 0, 0, 0, 0, 0, 0, 0, 0]",bovine,,,
Water_upstate_NY,17,17,33,34,0.84,0.0,,,,,,,,,,,"[0.731, 0.133, 0.136]","[17, 18, 33, 33, 34, 34, 35, 35, 36]","[0, 0, 1, 1, 2, 2, 2, 1, 1]",bovine,,,
Water_upstate_NY,120,233,120,226,0.86,1.0,,,,,,,,,,,"[0.06, 0.876, 0.064]","[120, 120, 124, 125, 222, 223, 226, 227, 233]","[1, 1, 1, 1, 1, 1, 2, 1, 2]",wild animal,,,
Water_upstate_NY,13,13,40,32,0.87,0.0,,,,,,,,,,,"[0.879, 0.061, 0.061]","[13, 17, 21, 22, 22, 23, 23, 23, 24]","[0, 0, 0, 0, 0, 0, 0, 0, 0]",bovine,,,
Water_upstate_NY,1,1,4,12,0.88,0.0,,,,,,,,,,,"[0.829, 0.086, 0.086]","[1, 2, 2, 4, 4, 4, 4, 4, 4]","[0, 0, 0, 1, 1, 1, 1, 1, 1]",bovine,,,
Water_upstate_NY,1,1,4,12,0.88,0.0,,,,,,,,,,,"[0.829, 0.086, 0.086]","[1, 2, 2, 4, 4, 4, 4, 4, 4]","[0, 0, 0, 1, 1, 1, 1, 1, 1]",bovine,,,
Water_upstate_NY,27,27,72,64,0.92,0.0,,,,,,,,,,,"[0.917, 0.041, 0.041]","[27, 29, 32, 52, 53, 54, 54, 54, 55]","[0, 0, 0, 0, 0, 0, 0, 0, 0]",bovine,,,
Water_upstate_NY,340,348,340,342,0.93,2.0,,,,,,,,,,,"[0.238, 0.156, 0.606]","[340, 342, 348, 597, 1352, 1363, 1403, 1405, 1624]","[1, 2, 0, 2, 1, 0, 2, 2, 2]",wild animal,,,
Water_upstate_NY,32,32,84,75,0.94,0.0,,,,,,,,,,,"[0.987, 0.007, 0.007]","[32, 33, 36, 43, 43, 44, 53, 55, 60]","[0, 0, 0, 0, 0, 0, 0, 0, 0]",bovine,,,
Water_upstate_NY,5,5,9,10,0.94,0.0,,,,,,,,,,,"[0.928, 0.036, 0.036]","[5, 5, 6, 9, 9, 10, 10, 12, 12]","[0, 0, 0, 1, 0, 2, 0, 1, 1]",bovine,,,
Water_upstate_NY,5,5,9,10,0.94,0.0,,,,,,,,,,,"[0.928, 0.036, 0.036]","[5, 5, 6, 9, 9, 10, 10, 12, 12]","[0, 0, 0, 1, 0, 2, 0, 1, 1]",bovine,,,
Water_upstate_NY,31,31,83,74,0.95,0.0,,,,,,,,,,,"[0.988, 0.006, 0.006]","[31, 32, 35, 42, 42, 43, 52, 54, 60]","[0, 0, 0, 0, 0, 0, 0, 0, 0]",bovine,,,
Water_upstate_NY,29,29,81,73,0.96,0.0,,,,,,,,,,,"[0.987, 0.007, 0.007]","[29, 30, 33, 40, 40, 41, 50, 52, 57]","[0, 0, 0, 0, 0, 0, 0, 0, 0]",bovine,,,
Water_upstate_NY,27,27,79,71,0.96,0.0,,,,,,,,,,,"[0.987, 0.006, 0.006]","[27, 29, 32, 38, 39, 40, 48, 51, 55]","[0, 0, 0, 0, 0, 0, 0, 0, 0]",bovine,,,
Water_upstate_NY,27,27,78,71,0.96,0.0,,,,,,,,,,,"[0.984, 0.008, 0.008]","[27, 27, 31, 38, 38, 38, 48, 50, 53]","[0, 0, 0, 0, 0, 0, 0, 0, 0]",bovine,,,
Water_upstate_NY,26,26,76,70,0.97,0.0,,,,,,,,,,,"[0.985, 0.008, 0.008]","[26, 27, 30, 36, 37, 37, 46, 48, 52]","[0, 0, 0, 0, 0, 0, 0, 0, 0]",bovine,,,
Water_upstate_NY,4,4,8,9,0.97,0.0,,,,,,,,,,,"[0.928, 0.036, 0.036]","[4, 4, 5, 8, 8, 9, 9, 11, 11]","[0, 0, 0, 1, 0, 2, 0, 1, 1]",bovine,,,
Water_upstate_NY,50,336,50,335,0.98,1.0,,,,,,,,,,,"[0.151, 0.705, 0.144]","[50, 116, 120, 335, 336, 337, 345, 347, 348]","[1, 1, 1, 2, 0, 0, 0, 0, 0]",wild animal,,,
Water_upstate_NY,500,500,2166,739,0.98,0.0,,,,,,,,,,,"[0.666, 0.16, 0.174]","[500, 735, 737, 739, 743, 743, 749, 753, 762]","[0, 0, 0, 2, 0, 0, 0, 0, 0]",wild animal,,,
Water_upstate_NY,499,499,2169,734,0.98,0.0,,,,,,,,,,,"[0.681, 0.153, 0.167]","[499, 729, 730, 732, 734, 737, 738, 748, 757]","[0, 0, 0, 0, 2, 0, 0, 0, 0]",wild animal,,,
Water_upstate_NY,495,495,2165,733,0.98,0.0,,,,,,,,,,,"[0.662, 0.162, 0.176]","[495, 728, 732, 733, 735, 738, 743, 748, 754]","[0, 0, 0, 2, 0, 0, 0, 0, 0]",wild animal,,,
Water_upstate_NY,497,497,2151,668,0.99,0.0,,,,,,,,,,,"[0.674, 0.153, 0.173]","[497, 668, 669, 670, 676, 680, 682, 686, 693]","[0, 2, 0, 0, 0, 0, 0, 0, 0]",wild animal,,,
Water_upstate_NY,497,497,2151,667,0.99,0.0,,,,,,,,,,,"[0.679, 0.15, 0.171]","[497, 667, 668, 669, 675, 680, 681, 685, 693]","[0, 2, 0, 0, 0, 0, 0, 0, 0]",wild animal,,,
Water_upstate_NY,3,3,6,8,0.99,0.0,,,,,,,,,,,"[0.928, 0.036, 0.036]","[3, 3, 4, 6, 6, 8, 8, 10, 10]","[0, 0, 0, 1, 0, 2, 0, 1, 1]",bovine,,,
Water_upstate_NY,3,3,6,8,0.99,0.0,,,,,,,,,,,"[0.928, 0.036, 0.036]","[3, 3, 4, 6, 6, 8, 8, 10, 10]","[0, 0, 0, 1, 0, 2, 0, 1, 1]",bovine,,,
Water_upstate_NY,6,6,19,19,0.99,0.0,,,,,,,,,,,"[0.977, 0.011, 0.011]","[6, 6, 6, 11, 13, 13, 13, 13, 16]","[0, 0, 0, 0, 0, 0, 0, 0, 0]",bovine,,,
Water_upstate_NY,5,5,18,18,1.0,0.0,,,,,,,,,,,"[0.977, 0.011, 0.011]","[5, 5, 6, 10, 12, 12, 12, 13, 15]","[0, 0, 0, 0, 0, 0, 0, 0, 0]",bovine,,,
Water_upstate_NY,33,33,45,127,1.0,0.0,,,,,,,,,,,"[0.982, 0.009, 0.009]","[33, 34, 34, 34, 36, 36, 36, 37, 38]","[0, 0, 0, 0, 0, 0, 0, 0, 0]",bovine,,,
Water_upstate_NY,1,2,1,4,1.0,1.0,,,,,,,,,,,"[0.188, 0.624, 0.188]","[1, 1, 2, 2, 2, 2, 2, 2, 2]","[1, 1, 1, 1, 1, 1, 1, 1, 0]",poultry,,,
Water_upstate_NY,18,27,18,152,1.0,0.0,,,,,,,,,,,"[0.932, 0.047, 0.021]","[18, 27, 27, 34, 69, 113, 118, 125, 152]","[1, 0, 0, 0, 0, 1, 0, 0, 2]",bovine,,,
Water_upstate_NY,16,26,16,151,1.0,0.0,,,,,,,,,,,"[0.931, 0.048, 0.021]","[16, 26, 26, 33, 67, 111, 116, 125, 151]","[1, 0, 0, 0, 0, 1, 0, 0, 2]",bovine,,,
Water_upstate_NY,17,25,17,150,1.0,0.0,,,,,,,,,,,"[0.934, 0.046, 0.02]","[17, 25, 25, 32, 67, 111, 116, 124, 150]","[1, 0, 0, 0, 0, 1, 0, 0, 2]",bovine,,,
Water_upstate_NY,2,2,6,6,1.0,0.0,,,,,,,,,,,"[0.928, 0.036, 0.036]","[2, 2, 3, 6, 6, 6, 6, 9, 9]","[0, 0, 0, 1, 0, 2, 0, 1, 1]",bovine,,,
Water_upstate_NY,2,2,6,6,1.0,0.0,,,,,,,,,,,"[0.928, 0.036, 0.036]","[2, 2, 3, 6, 6, 6, 6, 9, 9]","[0, 0, 0, 1, 0, 2, 0, 1, 1]",bovine,,,
Water_upstate_NY,2,2,6,6,1.0,0.0,,,,,,,,,,,"[0.928, 0.036, 0.036]","[2, 2, 3, 6, 6, 6, 6, 9, 9]","[0, 0, 0, 1, 0, 2, 0, 1, 1]",bovine,,,
Water_upstate_NY,2,2,6,6,1.0,0.0,,,,,,,,,,,"[0.928, 0.036, 0.036]","[2, 2, 3, 6, 6, 6, 6, 9, 9]","[0, 0, 0, 1, 0, 2, 0, 1, 1]",bovine,,,
Water_upstate_NY,2,2,6,6,1.0,0.0,,,,,,,,,,,"[0.928, 0.036, 0.036]","[2, 2, 3, 6, 6, 6, 6, 9, 9]","[0, 0, 0, 1, 0, 2, 0, 1, 1]",bovine,,,
Water_upstate_NY,4,4,17,17,1.0,0.0,,,,,,,,,,,"[0.977, 0.011, 0.011]","[4, 4, 5, 9, 11, 11, 11, 12, 13]","[0, 0, 0, 0, 0, 0, 0, 0, 0]",bovine,,,
Water_upstate_NY,4,4,17,17,1.0,0.0,,,,,,,,,,,"[0.977, 0.011, 0.011]","[4, 4, 5, 9, 11, 11, 11, 12, 13]","[0, 0, 0, 0, 0, 0, 0, 0, 0]",bovine,,,
Water_upstate_NY,16,24,16,149,1.0,0.0,,,,,,,,,,,"[0.934, 0.046, 0.02]","[16, 24, 24, 31, 66, 110, 115, 123, 149]","[1, 0, 0, 0, 0, 1, 0, 0, 2]",bovine,,,
Water_upstate_NY,77,77,341,77,1.0,0.0,,,,,,,,,,,"[0.961, 0.011, 0.028]","[77, 77, 78, 178, 180, 180, 184, 341, 359]","[0, 2, 0, 0, 0, 0, 0, 1, 1]",wild animal,,,
Water_upstate_NY,68,68,334,68,1.0,0.0,,,,,,,,,,,"[0.961, 0.011, 0.028]","[68, 68, 69, 170, 172, 172, 177, 334, 353]","[2, 0, 0, 0, 0, 0, 0, 1, 1]",wild animal,,,
Water_upstate_NY,3,3,16,16,1.0,0.0,,,,,,,,,,,"[0.977, 0.011, 0.011]","[3, 3, 4, 8, 10, 10, 10, 11, 13]","[0, 0, 0, 0, 0, 0, 0, 0, 0]",bovine,,,
Water_upstate_NY,3,3,16,16,1.0,0.0,,,,,,,,,,,"[0.977, 0.011, 0.011]","[3, 3, 4, 8, 10, 10, 10, 11, 13]","[0, 0, 0, 0, 0, 0, 0, 0, 0]",bovine,,,
Water_upstate_NY,3,3,16,16,1.0,0.0,,,,,,,,,,,"[0.977, 0.011, 0.011]","[3, 3, 4, 8, 10, 10, 10, 11, 13]","[0, 0, 0, 0, 0, 0, 0, 0, 0]",bovine,,,
Water_upstate_NY,57,57,347,58,1.0,0.0,,,,,,,,,,,"[0.952, 0.013, 0.035]","[57, 58, 59, 186, 187, 187, 191, 347, 366]","[0, 2, 0, 0, 0, 0, 0, 1, 1]",wild animal,,,
Water_upstate_NY,2,2,15,15,1.0,0.0,,,,,,,,,,,"[0.977, 0.011, 0.011]","[2, 2, 3, 6, 9, 9, 9, 10, 12]","[0, 0, 0, 0, 0, 0, 0, 0, 0]",bovine,,,
Water_upstate_NY,2,2,15,15,1.0,0.0,,,,,,,,,,,"[0.977, 0.011, 0.011]","[2, 2, 3, 6, 9, 9, 9, 10, 12]","[0, 0, 0, 0, 0, 0, 0, 0, 0]",bovine,,,
Water_upstate_NY,2,8,46,2,1.0,2.0,,,,,,,,,,,"[0.303, 0.091, 0.606]","[2, 4, 8, 39, 41, 46, 48, 48, 48]","[2, 2, 0, 0, 0, 1, 1, 1, 1]",swine,,,
Water_upstate_NY,2,8,45,2,1.0,2.0,,,,,,,,,,,"[0.29, 0.093, 0.616]","[2, 4, 8, 40, 41, 45, 46, 48, 48]","[2, 2, 0, 0, 0, 1, 1, 1, 1]",swine,,,
Water_upstate_NY,1,6,45,1,1.0,2.0,,,,,,,,,,,"[0.298, 0.092, 0.61]","[1, 3, 6, 39, 40, 45, 46, 48, 48]","[2, 2, 0, 0, 0, 1, 1, 1, 1]",swine,,,
Water_upstate_NY,0,1,0,4,1.0,1.0,,,,,,,,,,,"[0.189, 0.621, 0.189]","[0, 0, 1, 1, 1, 1, 1, 1, 1]","[1, 1, 1, 0, 1, 1, 1, 1, 1]",poultry,,,
Water_upstate_NY,0,1,0,4,1.0,1.0,,,,,,,,,,,"[0.189, 0.621, 0.189]","[0, 0, 1, 1, 1, 1, 1, 1, 1]","[1, 1, 1, 0, 1, 1, 1, 1, 1]",poultry,,,
Water_upstate_NY,0,1,0,4,1.0,1.0,,,,,,,,,,,"[0.189, 0.621, 0.189]","[0, 0, 1, 1, 1, 1, 1, 1, 1]","[1, 1, 1, 0, 1, 1, 1, 1, 1]",poultry,,,
Water_upstate_NY,11,11,22,15,0.47,0.0,,,,,,,,,,,"[0.501, 0.056, 0.443]","[11, 15, 15, 16, 16, 16, 17, 19, 21]","[0, 2, 2, 0, 2, 0, 2, 0, 0]",generalist,,,
Water_upstate_NY,286,286,287,296,0.5,1.0,,,,,,,,,,,"[0.435, 0.499, 0.066]","[286, 287, 287, 289, 290, 290, 292, 296, 296]","[0, 0, 1, 1, 1, 1, 1, 2, 2]",wild animal,,,
Water_upstate_NY,158,165,200,158,0.5,2.0,,,,,,,,,,,"[0.256, 0.201, 0.543]","[158, 165, 165, 166, 166, 166, 166, 166, 166]","[2, 0, 0, 0, 0, 0, 0, 2, 0]",wild animal,,,
Water_upstate_NY,158,166,200,158,0.5,2.0,,,,,,,,,,,"[0.251, 0.202, 0.547]","[158, 166, 166, 167, 167, 167, 167, 167, 167]","[2, 0, 0, 0, 0, 0, 0, 2, 0]",wild animal,,,
Water_upstate_NY,163,168,205,163,0.5,2.0,,,,,,,,,,,"[0.272, 0.196, 0.532]","[163, 168, 168, 169, 169, 169, 169, 169, 169]","[2, 0, 0, 0, 0, 0, 2, 0, 0]",wild animal,,,
Water_upstate_NY,162,169,202,162,0.5,2.0,,,,,,,,,,,"[0.256, 0.201, 0.543]","[162, 169, 169, 170, 170, 170, 170, 170, 170]","[2, 0, 0, 0, 0, 0, 0, 0, 2]",wild animal,,,
Water_upstate_NY,163,169,205,163,0.5,2.0,,,,,,,,,,,"[0.263, 0.199, 0.538]","[163, 169, 169, 170, 170, 170, 170, 170, 170]","[2, 0, 0, 2, 0, 0, 0, 0, 0]",wild animal,,,
Water_upstate_NY,171,176,215,171,0.5,2.0,,,,,,,,,,,"[0.272, 0.196, 0.532]","[171, 176, 176, 177, 177, 177, 177, 177, 177]","[2, 0, 0, 0, 0, 0, 0, 0, 2]",wild animal,,,
Water_upstate_NY,13,13,13,19,0.5,1.0,,,,,,,,,,,"[0.455, 0.465, 0.08]","[13, 13, 13, 13, 13, 15, 15, 15, 15]","[1, 1, 1, 0, 0, 1, 0, 0, 1]",generalist,,,
Water_upstate_NY,19,19,21,20,0.5,0.0,,,,,,,,,,,"[0.512, 0.188, 0.299]","[19, 20, 21, 21, 21, 21, 21, 21, 21]","[0, 2, 2, 2, 2, 2, 2, 1, 0]",generalist,,,
Water_upstate_NY,43,43,44,51,0.5,1.0,,,,,,,,,,,"[0.406, 0.531, 0.063]","[43, 44, 44, 44, 46, 46, 46, 51, 51]","[0, 1, 1, 0, 1, 1, 1, 2, 2]",wild animal,,,
Water_upstate_NY,44,44,45,52,0.5,1.0,,,,,,,,,,,"[0.406, 0.531, 0.063]","[44, 45, 45, 45, 46, 48, 48, 52, 52]","[0, 1, 1, 0, 1, 1, 1, 2, 2]",wild animal,,,
Water_upstate_NY,46,46,46,54,0.5,1.0,,,,,,,,,,,"[0.406, 0.531, 0.063]","[46, 46, 46, 46, 48, 50, 50, 54, 54]","[0, 1, 1, 0, 1, 1, 1, 2, 2]",wild animal,,,
Water_upstate_NY,48,48,50,57,0.5,1.0,,,,,,,,,,,"[0.406, 0.531, 0.063]","[48, 50, 50, 50, 52, 53, 53, 57, 57]","[0, 1, 1, 0, 1, 1, 1, 2, 2]",wild animal,,,
Water_upstate_NY,29,31,29,34,0.52,1.0,,,,,,,,,,,"[0.415, 0.489, 0.096]","[29, 30, 31, 31, 32, 32, 33, 34, 35]","[1, 1, 0, 0, 1, 1, 0, 2, 0]",generalist,,,
Water_upstate_NY,254,254,268,272,0.52,0.0,,,,,,,,,,,"[0.824, 0.09, 0.086]","[254, 267, 267, 268, 269, 269, 272, 276, 276]","[0, 0, 0, 1, 0, 0, 2, 1, 2]",wild animal,,,
Water_upstate_NY,43,43,44,50,0.52,0.0,,,,,,,,,,,"[0.743, 0.167, 0.089]","[43, 44, 46, 48, 48, 48, 48, 50, 50]","[0, 1, 0, 0, 0, 0, 1, 0, 2]",wild animal,,,
Water_upstate_NY,38,38,39,45,0.52,0.0,,,,,,,,,,,"[0.743, 0.167, 0.089]","[38, 39, 42, 43, 43, 44, 44, 45, 45]","[0, 1, 0, 0, 0, 0, 1, 0, 2]",generalist,,,
Water_upstate_NY,215,215,233,226,0.53,0.0,,,,,,,,,,,"[0.954, 0.023, 0.023]","[215, 217, 217, 218, 218, 218, 218, 218, 220]","[0, 0, 0, 0, 0, 0, 0, 0, 0]",wild animal,,,
Water_upstate_NY,13,13,13,19,0.54,1.0,,,,,,,,,,,"[0.26, 0.632, 0.109]","[13, 13, 13, 13, 15, 15, 15, 15, 15]","[1, 0, 1, 1, 1, 1, 1, 0, 0]",poultry,,,
Water_upstate_NY,46,46,108,96,0.54,0.0,,,,,,,,,,,"[0.597, 0.175, 0.229]","[46, 96, 102, 108, 110, 111, 111, 114, 115]","[0, 2, 0, 1, 2, 0, 0, 1, 0]",wild animal,,,
Water_upstate_NY,12,12,12,17,0.54,1.0,,,,,,,,,,,"[0.26, 0.632, 0.109]","[12, 12, 12, 12, 13, 13, 13, 13, 13]","[1, 1, 1, 0, 1, 0, 0, 1, 0]",poultry,,,
Water_upstate_NY,25,27,25,29,0.56,1.0,,,,,,,,,,,"[0.24, 0.571, 0.189]","[25, 26, 27, 29, 29, 29, 29, 29, 29]","[1, 1, 0, 2, 2, 0, 2, 2, 0]",poultry,,,
Water_upstate_NY,13,13,19,25,0.56,0.0,,,,,,,,,,,"[0.905, 0.047, 0.047]","[13, 17, 17, 17, 17, 17, 17, 19, 19]","[0, 0, 0, 0, 0, 0, 0, 1, 0]",bovine,,,
Water_upstate_NY,5,8,6,5,0.57,2.0,,,,,,,,,,,"[0.109, 0.133, 0.758]","[5, 6, 6, 6, 6, 8, 8, 8, 8]","[2, 2, 1, 2, 2, 2, 2, 2, 2]",swine,,,
Water_upstate_NY,21,24,30,21,0.57,2.0,,,,,,,,,,,"[0.202, 0.02, 0.779]","[21, 21, 21, 23, 24, 24, 24, 25, 29]","[2, 2, 2, 2, 0, 0, 0, 0, 0]",swine,,,
Water_upstate_NY,25,27,25,30,0.58,1.0,,,,,,,,,,,"[0.21, 0.648, 0.142]","[25, 26, 27, 29, 29, 29, 30, 30, 30]","[1, 1, 0, 1, 1, 1, 2, 0, 2]",poultry,,,
Water_upstate_NY,4,6,6,4,0.58,2.0,,,,,,,,,,,"[0.111, 0.111, 0.777]","[4, 6, 6, 6, 6, 6, 6, 6, 6]","[2, 2, 2, 2, 2, 1, 2, 2, 0]",swine,,,
Water_upstate_NY,4,6,6,4,0.58,2.0,,,,,,,,,,,"[0.111, 0.111, 0.777]","[4, 6, 6, 6, 6, 6, 6, 6, 6]","[2, 2, 2, 2, 2, 2, 2, 2, 1]",swine,,,
Water_upstate_NY,36,36,53,58,0.59,0.0,,,,,,,,,,,"[0.803, 0.103, 0.094]","[36, 52, 52, 53, 54, 55, 58, 61, 62]","[0, 0, 0, 1, 0, 0, 2, 1, 0]",bovine,,,
Water_upstate_NY,8,8,8,9,0.61,0.0,,,,,,,,,,,"[0.722, 0.138, 0.14]","[8, 8, 9, 9, 10, 10, 11, 11, 11]","[0, 1, 0, 2, 0, 0, 1, 1, 0]",bovine,,,
Water_upstate_NY,6,9,6,6,0.64,2.0,,,,,,,,,,,"[0.037, 0.055, 0.908]","[6, 6, 6, 6, 6, 8, 9, 9, 9]","[2, 2, 1, 2, 2, 2, 1, 2, 2]",swine,,,
Water_upstate_NY,12,15,12,17,0.65,1.0,,,,,,,,,,,"[0.177, 0.702, 0.12]","[12, 13, 15, 15, 16, 16, 16, 17, 17]","[1, 1, 1, 0, 1, 1, 1, 2, 0]",poultry,,,
Water_upstate_NY,62,307,310,62,0.66,2.0,,,,,,,,,,,"[0.141, 0.139, 0.721]","[62, 235, 237, 302, 307, 308, 309, 310, 311]","[2, 2, 2, 2, 0, 2, 2, 1, 1]",wild animal,,,
Water_upstate_NY,5,8,6,5,0.66,2.0,,,,,,,,,,,"[0.049, 0.061, 0.89]","[5, 6, 6, 6, 6, 6, 8, 8, 8]","[2, 2, 2, 1, 2, 2, 2, 2, 0]",swine,,,
Water_upstate_NY,6,6,11,30,0.68,0.0,,,,,,,,,,,"[0.701, 0.258, 0.04]","[6, 8, 10, 11, 11, 11, 20, 29, 30]","[0, 0, 0, 1, 1, 1, 1, 0, 0]",bovine,,,
Water_upstate_NY,15,15,46,40,0.76,0.0,,,,,,,,,,,"[0.833, 0.083, 0.083]","[15, 26, 27, 27, 27, 29, 30, 30, 31]","[0, 0, 0, 0, 0, 0, 0, 0, 0]",bovine,,,
Water_upstate_NY,18,18,33,34,0.81,0.0,,,,,,,,,,,"[0.728, 0.134, 0.138]","[18, 19, 33, 33, 34, 34, 35, 35, 36]","[0, 0, 1, 1, 2, 2, 2, 1, 1]",bovine,,,
Water_upstate_NY,9,9,41,34,0.82,0.0,,,,,,,,,,,"[0.833, 0.083, 0.083]","[9, 20, 21, 21, 21, 23, 24, 24, 25]","[0, 0, 0, 0, 0, 0, 0, 0, 0]",bovine,,,
Water_upstate_NY,16,16,32,32,0.85,0.0,,,,,,,,,,,"[0.711, 0.134, 0.155]","[16, 17, 32, 32, 32, 32, 33, 33, 35]","[0, 0, 2, 1, 1, 2, 1, 2, 1]",bovine,,,
Water_upstate_NY,93,93,263,263,0.98,0.0,,,,,,,,,,,"[0.919, 0.041, 0.041]","[93, 96, 99, 249, 255, 255, 256, 258, 260]","[0, 0, 0, 0, 0, 0, 0, 0, 0]",wild animal,,,
Water_upstate_NY,483,483,2165,720,0.98,0.0,,,,,,,,,,,"[0.672, 0.157, 0.171]","[483, 716, 717, 720, 722, 723, 726, 735, 743]","[0, 0, 0, 2, 0, 0, 0, 0, 0]",wild animal,,,
Water_upstate_NY,426,426,2147,677,0.99,0.0,,,,,,,,,,,"[0.659, 0.164, 0.177]","[426, 672, 673, 675, 677, 685, 685, 687, 697]","[0, 0, 0, 0, 2, 0, 0, 0, 0]",wild animal,,,
Water_upstate_NY,6,6,20,20,0.99,0.0,,,,,,,,,,,"[0.986, 0.007, 0.007]","[6, 6, 6, 6, 13, 13, 13, 15, 17]","[0, 0, 0, 0, 0, 0, 0, 0, 0]",bovine,,,
Water_upstate_NY,57,57,77,383,1.0,1.0,,,,,,,,,,,"[0.398, 0.463, 0.14]","[57, 77, 81, 378, 378, 378, 378, 380, 382]","[0, 1, 1, 0, 0, 0, 0, 0, 0]",wild animal,,,
Water_upstate_NY,68,69,334,68,1.0,0.0,,,,,,,,,,,"[0.96, 0.011, 0.029]","[68, 69, 69, 172, 173, 173, 177, 334, 353]","[2, 0, 0, 0, 0, 0, 0, 1, 1]",wild animal,,,
Water_upstate_NY,38,38,272,273,1.0,0.0,,,,,,,,,,,"[0.911, 0.044, 0.044]","[38, 45, 50, 259, 264, 265, 265, 268, 269]","[0, 0, 0, 0, 0, 0, 0, 0, 0]",bovine,,,
Water_upstate_NY,55,55,347,55,1.0,0.0,,,,,,,,,,,"[0.952, 0.013, 0.035]","[55, 55, 57, 184, 185, 186, 189, 347, 365]","[2, 0, 0, 0, 0, 0, 0, 1, 1]",wild animal,,,
Water_upstate_NY,53,53,369,194,1.0,0.0,,,,,,,,,,,"[0.983, 0.006, 0.011]","[53, 57, 58, 61, 194, 195, 195, 369, 388]","[0, 0, 0, 0, 2, 0, 0, 1, 1]",wild animal,,,
